:1000000080AB00206D540000DB180200415400005A
:100010004154000041540000415400000000000021
:10002000000000000000000000000000615500001A
:100030004154000000000000FD5400004154000045
:100040003557000041740100355700003557000056
:100050003557000035570000355700003557000070
:100060003557000035570000355700003557000060
:100070003557000035570000355700003557000050
:100080003557000035570000355700003557000040
:100090003557000035570000355700003557000030
:1000A0003557000035570000355700003557000020
:1000B0003557000035570000355700003557000010
:1000C0003557000035570000355700003557000000
:1000D00035570000355700003557000035570000F0
:1000E00035570000355700003557000035570000E0
:1000F00035570000355700003557000035570000D0
:1001000053B94AB9002908BF00281CBF4FF0FF317E
:100110004FF0FF3000F00CB8ADF1080C6DE904CEE3
:1001200000F008F8DDF804E0DDE9022304B07047D0
:10013000704700BF2DE9F04786468C460846089E6A
:10014000154674461946002B40F0C2808542B2FA2B
:1001500082F245D94AB1C2F1200300FA02FC2EFA1C
:1001600003F3954043EA0C0C94404FEA154EA8B2B5
:10017000BCFBFEF8230C0EFB18CC08FB00F943EA8D
:100180000C43994528D9EB1808F1FF3704D299455B
:1001900002D9A8F102072B44A3EB0903A4B2B3FBD5
:1001A000FEFC0EFB1C330CFB00F044EA0344A042AF
:1001B00014D92C190CF1FF3304D2A04202D9ACF1AE
:1001C00002032C44241A43EA07401EB1D440002302
:1001D00034607360BDE8F0874746DDE76346F1E7CA
:1001E00092BB431B01214FEA154EAFB2B3FBFEFC9D
:1001F000200C0EFB1C330CFB07F840EA0343984528
:1002000062D9EB180CF1FF3004D2984502D9ACF159
:1002100002002B44A3EB0803A4B2B3FBFEFC0EFBCD
:100220001C330CFB07F744EA0344A7424ED92C19B0
:100230000CF1FF3304D2A74202D9ACF102032C44E3
:10024000E41B43EA0040C0E7C2F1200320FA03F1B7
:10025000954090402EFA03F303434FEA154EAFB298
:10026000B1FBFEFC0EFB1C10190C0CFB07F841EA5D
:100270000041884504FA02F422D969180CF1FF30D4
:1002800004D2884502D9ACF102002944A1EB08014F
:100290009BB2B1FBFEFC0EFB1C110CFB07F743EA03
:1002A00001439F420ED9EB180CF1FF3104D29F425B
:1002B00002D9ACF102012B44DB1B41EA004192E779
:1002C0006046E3E76146F7E76046A3E76346B7E7C2
:1002D000834206D916B9002108467BE7C6E900E04B
:1002E000F9E7B3FA83F78FB9834201D3724508D88F
:1002F000BEEB020460EB030301209C461EB9002103
:1003000068E73846FAE7C6E9004CF8E7C7F1200C81
:10031000BB4022FA0CF41C432EFA0CF120FA0CF329
:10032000B84001434FEA14490EFA07F5B3FBF9F858
:100330001FFA84FE09FB18300B0C08FB0EFA43EA87
:1003400000439A4502FA07F240D9E31808F1FF305A
:1003500004D29A4502D9A8F102002344A3EB0A0370
:1003600089B2B3FBF9F809FB183308FB0EFE41EA2A
:1003700003418E452CD9611808F1FF3304D28E4514
:1003800002D9A8F10203214443EA0040A0FB0298ED
:10039000A1EB0E014145CE46434602D306D14D4561
:1003A00004D2B9EB020E68EB04030138002EA6D08C
:1003B000B5EB0E0261EB030101FA0CFC22FA07F324
:1003C0004CEA0303F940C6E9003198E74046C5E727
:1003D0004346D9E710F8012B11F8013B012A28BF49
:1003E0009A42F7D0D01A7047034611F8012B03F850
:1003F000012B002AF9D17047034613F8012B002A7C
:10040000FBD1181A013870472DE9F04F87B0054627
:10041000039117461E46836804AA5B689847002824
:1004200031DBDDE9044AA7FB04B307FB0A37584672
:1004300019A3D3E900233946FFF762FEDFF8608095
:1004400002904FF0FF39D94578EB07031ED3A6FB86
:1004500004B406FB0A4410A3D3E9002321465846FE
:10046000FFF74EFED94578EB040403460ED30299FC
:10047000AA6899420DD3BDF840100091146828462F
:10048000DDE90221A04707B0BDE8F08F6FF08500DD
:10049000F9E76FF01500F6E700CA9A3B000000008C
:1004A000FFC99A3B00000000F7B5B24DD5F85C31AA
:1004B000996811F0010121D101AA40F6034006F02C
:1004C000ADF8044600286AD10198C3681B789BB92F
:1004D000BFF35B8FD5F8D430BFF35B8F05F1D40247
:1004E00003F00903BFF35B8F52E8001F42E80034BA
:1004F000002CF9D1BFF35B8F19F07EFE01AA002119
:1005000041F2030006F08AF80446002847D1019B17
:10051000994EDA68D2F80100D2F8051003C61846E1
:1005200019F06AFE214601AA41F2010006F076F8B0
:100530000446A0BB0198C3685A7885F870205A8891
:10054000A5F872201A7985F87120B3F80720A5F86C
:100550007420B3F80530A5F8763019F04DFE214629
:1005600001AA41F2020006F059F80446B8B9019F09
:10057000FA68531C413218685968344603C408337A
:1005800093422646F7D17D4821F066FA384619F0A5
:1005900033FE95F87C305F0604D46FF012042046D9
:1005A00003B0F0BD01AA002142F2030006F036F8C4
:1005B00004460028F3D1019B714EDA68D2F801009D
:1005C000D2F8051003C6184619F016FE214601AAF6
:1005D00042F2020006F022F804460028DFD1019C16
:1005E000E368B3F8012091B249B1D97839B1A5F8DF
:1005F0000421DA78114606F1280025F053FB204645
:1006000019F0FAFD95F87C6016F0200618D1022149
:1006100040F66D4005F0A6FF0446002800F0A280D9
:1006200002210C3024F0D9FB0123037046702146CF
:10063000324640F66D4005F0F1FF04460028AED189
:1006400095F89C301E0712D501AA002142F21C0029
:1006500005F0E4FF04460028A1D10198C368D3F84F
:100660000120D3F80530C5E9382319F0C5FD95F808
:10067000D8305C060FD501AA002142F22A0005F00D
:10068000CDFF044600288AD10198C3685B7885F8BD
:10069000203119F0B1FD082142F2010005F062FF9E
:1006A000044600285ED008210C3024F096FB95F813
:1006B000D81011F0400F024640F2022308BF032376
:1006C00088074CBF43F02C0043F00C0095F8D9305C
:1006D0008F0648BF40F0400013F0090F95F8A23094
:1006E00018BF40F4006003F00603CE0748BF40F097
:1006F0001000062B08BF40F4C070002121F023FB3E
:100700002146002242F2010005F088FF044600283D
:100710007FF445AF95F87C30B5F80411980624D4E1
:10072000C9B901AA41F2050005F078FF0446002886
:100730007FF435AFB5F80431019C4BB9E368B3F8E9
:100740000120A5F804219A880E48114625F0AAFA3E
:10075000204619F051FD082140F6014005F002FF46
:10076000044688B96FF0680419E70029F3D16FF0E7
:10077000040414E760000020D8000020E0000020FE
:10078000380100206801002008210C3024F025FBEE
:1007900095F8D830D907024652D42D484FF0005171
:1007A00021F0D1FA2146002240F6014005F036FF43
:1007B000044600287FF4F3AE014601AA4FF601403B
:1007C00005F02CFF044620BB019819F015FD2146C9
:1007D00001AA4FF6024005F021FF0446C8B901986E
:1007E000C368B3F80130A5F8C13019F005FD95F8DC
:1007F000C1305B070DD501AA21464FF6034005F035
:100800000DFF30B90198C3685B7885F8C03019F0E6
:10081000F3FC21F047FE044600287FF4C0AE07F049
:10082000ABFE044600287FF4BAAEEB79002B3FF410
:10083000B6AE0821074821F0E1F906F0B3F9AEE6BB
:1008400001A1D1E90001ABE79088000200800020FF
:1008500010880002340100202DE9F843D0E90C355E
:10086000D0F82C805C193034A0450F46164619D8B4
:100870001D4DA3FB05011AA3D3E90023FFF740FC9C
:100880000346A4EB0800A0FB050123F07F4414A35A
:10089000D3E90023FFF734FC20F07F403C60306058
:1008A000BDE8F883DFF840900DA3D3E90023A8FB4F
:1008B0000901FFF725FC044605F1300008A3D3E940
:1008C0000023A0FB0901FFF71BFC24F07F4420F06C
:1008D0007F403C603060BDE8F88300BFAFF300802C
:1008E0008D49FD1A0700000000CA9A3B0000000075
:1008F000002800F05F812DE9F04FB54C94F86A2094
:1009000012F001058DB040F0A68194F82500FF2378
:1009100000F0030084F8263016F07CF994F86A00A1
:10092000420727D494F8292094F8353004EB82024A
:1009300004EB8303D66AD3F8388086B1A4483146E5
:100940000FF0DCFE33785B0605D506210BF092F93B
:10095000002800F082819E4841460FF0CFFE337898
:1009600013F00E0F40F0B780236A93B10C200DB046
:10097000BDE8F08F2A4604F16B01C0F3C00016F009
:10098000B9FAFF2884F82600CCD0284616F05CF986
:10099000C8E70DF025FA8146002800F06C810DF0C3
:1009A0002BFA8246002800F0638110F09DF905467D
:1009B000002800F06281D0F888004FF6FF732B8585
:1009C00005F11C0B002800F04E8105F1780105F1BE
:1009D0007C020BF05BF9B5F876307E4A23F4EF63C6
:1009E00023F0070343F4887343F00103A5F876303E
:1009F0001346D2F80120C5F89B21C5F8A12113F8B0
:100A0000012B9B88A5F89F31A5F8A53195F89A315F
:100A100002F0010262F3000362F3410385F89A31A8
:100A200095F8393003F03F0363F07F0385F83930E0
:100A300095F88E3023F0070385F88E3095F83C301A
:100A400023F00703002785F83C304FF4C023C5F896
:100A500088312846C5E91277C5F88870A5F88C70EA
:100A60006F86C5F82E7085F83B702F65A5F88E71DE
:100A7000A5F8847112F014FB85F85071C5F85491F3
:100A800010F0EAFB95F8943160F3020385F8943195
:100A900010F0E8FB95F8943160F3C50385F89431C4
:100AA00095F8803167F3410385F8803101212846AC
:100AB00011F03CF805F1D40012F0ACF8C4E9189A32
:100AC000C4F820B0C5E905772F70ED6117F058FA2A
:100AD000002840F0C48094F824300121C3F342037D
:100AE0000DF12B008DF82B300BF06CFA024600282C
:100AF00062D098F8011030460FF0C2FB312336491E
:100B0000A360364BB4F86870A0FB01010025C01843
:100B100041F107012CA3D3E90023C4E90555257051
:100B20006560E560FFF7ECFA20610CF057FC00F11E
:100B300009083FB9357805F00F05A5F10105B5FAAB
:100B400085F56D0994F82400236965F3000010F021
:100B5000010584F824004BD0214A0992002010603E
:100B60000225204A204F04930BAE019305920321E6
:100B7000CDE90200069443460090089607972A465E
:100B80000B950CF02DFB31460DF0F0F9A0B917498B
:100B900005914AF2D8330093CDE90300CDE9010075
:100BA0000797089606944346012203210B950CF003
:100BB000FBFA43E00FF0B4BA236A002B3FF4D6AE41
:100BC0000FF06CFAD2E600BF8D49FD1A0700000055
:100BD000F4390020B1A4020000CA9A3B8C49FD1AE6
:100BE000E8390020FD02010031D5000019FE0000A7
:100BF000274A2848049303F247130694029591214B
:100C00001360A7FB000301FB0731234B0793234B22
:100C100005934FF6FF730992022703930BAE1AA3B5
:100C2000D3E900230B970896FFF76AFA4346CDE90C
:100C300000503A46284603210CF0D2FA31460DF016
:100C400095F90028B8D194F86A300120034384F85C
:100C50006A3015F0C1FF002089E6122087E60FF008
:100C60001DFA032083E605F18000C5F88800ACE694
:100C700048460DF0BBF8072079E650460DF0C2F863
:100C800048460DF0B3F8F6E78D49FD1A070000005D
:100C9000E8390020002AE78431D50000FD02010078
:100CA00070B590F824308AB0C3F342030D46044671
:100CB00001210DF1230016468DF823300BF082F947
:100CC0007178024628460FF0DBFA1F491F4AA0FB45
:100CD0000131981841F1070119A3D3E90023FFF767
:100CE0000FFA23699842054621D21B1A002201926D
:100CF000174A0293174BA21AA3FB02320221920950
:100D000000230A4409AE099113490591CDE9033343
:100D10000321D2B20696009318460CF0C1FA314670
:100D20000DF024F938B9256100200AB070BDFBD957
:100D3000C21A0023DBE70C200AB070BDAFF30080BD
:100D40008D49FD1A0700000000CA9A3B8C49FD1A24
:100D5000F43900208988888831D50000000000001F
:100D60002DE9F04F05468BB08B46012002219A46B3
:100D7000144618F0D9FF00220221814601200AF012
:100D8000D5FF39494FF4D47228460AF05FFFC61CDC
:100D9000F6B2364B00953246012100200CF098FA4D
:100DA00010F0FD0F0CD0324A3249334840F62F0381
:100DB0001FF03CF8404080F311884FF0030002DF41
:100DC0002E4BA4FB0348204625A3D3E9002341462C
:100DD000FFF796F9089506952B690493284B20F0A8
:100DE0007F47A7FB0331E01A264B07934FF007021A
:100DF000254B059302FB07114FF6FE7368EB0101CB
:100E000003934FF47A720023FFF77AF9CDF800B01C
:100E1000CDE9017053463246012100200CF0C4F99F
:100E200010F0FD0F0CD0124A1249134840F644034B
:100E30001EF0FCFF404080F311884FF0030002DFFA
:100E4000B9F1000F02D10BB0BDE8F08F01220221F1
:100E500010460BB0BDE8F04F0AF068BFAFF300805A
:100E60008D49FD1A07000000601A0020910C010056
:100E700094790200587A0200CC74020000CA9A3BAE
:100E80008D49FD1A390C01001560010000000000B9
:100E90002DE9F043C469228D4FF6FF739A428DB05D
:100EA00000F088800546204612F07CFB95F828303B
:100EB000012B00F00F81022B00F00281002B00F0CB
:100EC000E18094F85071002F40F0FD80E68DB4F879
:100ED0003080002E71D1AA8C08F101060023CDE9E3
:100EE0000A33B6B2002A70D094F93930002BC0F220
:100EF00048810023A4F88A3195F82630D90740F1BB
:100F0000EF800023A4F88E310DF1270231462046F0
:100F100012F002F9743000F04681B4F888312BB138
:100F2000B34240F20D819B1BA4F88831B4F88431A0
:100F30002BB1B34240F2FB809B1BA4F88431258E79
:100F400017B9A84500F0EA800135ADB294F8D13068
:100F500013F001065AD1DDE90A130A46002B40F0CE
:100F6000ED80002900F0DC801E461846228DE469E1
:100F70000694CDE903570332A74D0290CDE9001640
:100F8000D2B20121002005950CF08AF910F0FD0F76
:100F900010D00DF015F884420CD0A04AA049A14809
:100FA00040F215531EF042FF404080F311884FF08D
:100FB000030002DF0DB0BDE8F083AA8C4644002395
:100FC000CDE90A33B6B2002A8ED195F82630DA0779
:100FD00097D4B4F88A31002B00F08280B34240F2FB
:100FE000FA809B1BA4F88A31B4F88E31002B8BD089
:100FF0009E4280F0DE809B1B9BB20022062BA4F851
:101000008E31228600F2AC8001277DE794F93920E9
:101010006FF30003002A84F8D13077DB94F8760070
:10102000C0F3C00100F0070016F010FEB4F86E2007
:10103000B4F86C30134403F2D51303447A4A7B4866
:101040000721E3FB0021104671A3D3E90023FFF73A
:1010500057F8DDE90A1320F07F42206922619042AF
:1010600035BF161A801A002000260A46002B7FF48E
:101070007DAF56EA010C7FF479AF002850D01946B5
:101080001E4673E794F88E3003F01803182B7FF494
:1010900018AFA18DB4F886218B1D9A42C4BF931F4F
:1010A0005B1AB4F88211CCBF9BB21346994200F090
:1010B0008C80A4F88231A4F88431A4F8882100E758
:1010C0003D2784F85071394620460DB0BDE8F04305
:1010D00010F0E6B90023A4F88831A4F88431F0E6D2
:1010E000B4F88E31002B83D1628DB4F88C3140F28C
:1010F000E24101FB02F242F2107101FB0323013BCA
:10110000B3FBF2F39BB2A4F88E316FE794F877004B
:10111000012100F0070016F09BFD87E73D4615E72B
:10112000002D4BD000261146304633461EE70023E3
:10113000A4F88431204612F08FF800E7304615E716
:101140000CF0A6FE014600283BD00023A4F888310D
:10115000238DC3801B23037100680CF063FEE5E65A
:1011600094F939309342BFF6CFAEB8F1000F7FF457
:101170004BAFD4F878315A08DB0743D4C4F8782150
:10118000C2E628460AAA0BA904F1D409FFF764FBBA
:10119000484611F081FD18B3484611F07DFD18B3A3
:1011A00000232386A5E69DF82710204610F078F945
:1011B00000E70821204610F073F9FBE6002FB1D1BB
:1011C000F8E60123A4F88831B0E6B4F888110029C4
:1011D0007FF477AE6FE73E21204610F061F9E9E633
:1011E000FF2010F015F9D7E70246D4E91E010AF0F6
:1011F00065FD0028D4D194F83C30580744BFA38D36
:10120000238676E642F00042C4F87821FCE600BF6F
:101210008D49FD1A07000000F90B010094790200C6
:10122000BC7A0200CC7402008C49FD1A00CA9A3BB9
:101230002DE9F04F87B0CDE90423BDF844200378B1
:101240000292BDF84820BDF84080BDF84C50468E53
:10125000B0F82E90B0F814B1019104460392002B1F
:1012600000F08E80013EB6B2A368D4F80C71721BF8
:1012700092B2002B009209DAE168626823F0004321
:1012800091422CBF7F18BF18A360FF1A009A638D8C
:1012900013FB02F39BB2B3FBF8F218FB02F080B22F
:1012A00083421FFA82FA5AD2C01A40F2E2425E49E1
:1012B00002FB00F0A0FB010159A3D3E90023FEF7D4
:1012C0001FFF20F07F400744D94494F839304D4443
:1012D000AD1B554440F2E246DB09E58506FB08F507
:1012E00052D1524A5249534840F6BA031EF09EFD6D
:1012F000404080F311884FF0030002DF0026A9462A
:10130000029BA385039BA4F88C3129462046A4F8B0
:101310002A8011F03DFF484BA18D2B44881DB3FB63
:10132000F5F39AB29042A4F8862102D2521A063AF4
:1013300092B2019BA4F8822113B10023A4F88E314C
:101340003B464A4631462046FFF70AFD94F8803175
:1013500043F0010384F8803107B0BDE8F08F08FB4B
:101360001231314840F2E24389B203FB01F1A1FBA3
:1013700000012BA3D3E90023FEF7C2FE3F1AA3E727
:101380004E445E44B6B26FE7226C0099A36CDFF85E
:1013900098B002FB1133A36416F042FE814694F824
:1013A0007401C0F3420016F03DFE049B814406FB2D
:1013B00003F305FB09F9236509F574291F4B09F2AD
:1013C0003F29A3FB09394FEA994303FB0AF0236441
:1013D000A5EB0309A36C6A080344963A934228BF1D
:1013E0001346C4E911230023C4F87C31A0FB0B0190
:1013F0000BA3D3E90023FEF783FE114B059A3F1A96
:10140000A3FB0230800A06FB00F005A3D3E900230A
:10141000A0FB0B01FEF774FE20F07F4670E700BFD3
:101420008D49FD1A0700000000CA9A3B947902001A
:101430004C750200CC7402007FC3C90183DE1B43DC
:101440005917B7D1000000002DE9F04F04460B6892
:10145000077F1668D3F800A0638CD0F81E0095B003
:1014600015464A7CADF84C30FF2AC7F380138946F5
:101470000C9212908DF83F3073D198461A4612ABF9
:1014800093E803000DF1400B1090ADF84410FF09F4
:101490000AF17101D4F800C00A915B463846CDF8D4
:1014A0002CC00FF0E5FE0A99002842D196F89A3137
:1014B0000A9068F3410367F3000386F89A311098A5
:1014C000BBF80430C6F8A101A6F8A531DAF87130EE
:1014D000C6F89B318B88A6F89F31E38D94F83010C5
:1014E000A9722B81D4F82A306B60D4F83A30AB6102
:1014F00005F1180094F83E30037105210AF062FDF1
:101500006B7F00F03F0060F305036B7794F83F308A
:10151000C3F30401A977A18EE981012803F01F0319
:1015200089B206D91B3303F01F030B2B01D80A9A8B
:1015300059BB0022CAF8142095F820300B9862F3AA
:10154000000385F82030E5680126214626710CF05D
:101550005FFC28682E7129460CF064FC15B0BDE8CC
:10156000F08F0DF1400B10460DF13F015A4615F07A
:1015700049F89DF83F80277F08F102085FFA88F854
:101580008DF83F8008F0010281E7D9F800305A60F9
:10159000E38E2B82EB8940F2E24808FB03F7114609
:1015A000638E0A93304611F007FE94F83F3096F8A8
:1015B00074215B0963F3430286F8742116F030FD51
:1015C0000D9096F87401C0F3420016F02BFD0D9BB0
:1015D000184407FB00F0BA4B00F5742000F23F20DE
:1015E000A3FB00307B08800C963B6862AB6294F8EA
:1015F000313008FB03F3AB63238FA6F88C313946F7
:10160000304611F0C5FDAF4BAF4AC6F890213B44C0
:10161000B3FBF7F39AB2A6F88621298A881D824285
:1016200004DDC1F57F41FA310A4492B2A6F8822165
:101630006B68C6F87831234613F81C2FC2F34018A4
:10164000DA0700F104814FF48073A3839AF826002F
:1016500015F064FD04F12B03002800F0EE80626AAF
:10166000C4F82B20228D9A800C9BFF2B00F0E98080
:10167000BDF84C301298A4F82930C4F82500BBF806
:101680000430A4F8233010989DF83F30C4F81F00B0
:10169000A377EB8963862B8AA386B6F88C31E38621
:1016A00096F87431C3F3420384F8383030460FF0B3
:1016B00027FBA881E08021460B98D9F804400CF064
:1016C000A7FBAB89E3801C23D4F800B02371B8F1E9
:1016D000000F40F0D18084F81C80214658460CF061
:1016E000A1FB95F85B00B5F85080B5F85240012198
:1016F00000F0070016F0ACFA444404F2D514DFF809
:10170000CC810444834672480721E4FB080131235D
:101710000024B360746068A3D3E90023F460FEF78B
:10172000EFFC20F07F4030616D6A0A9A7D1BD9F88A
:101730000C7040F2E24303FB0277022122460120B3
:101740000AF0F4FA50460EF095FF07F2B24702464F
:10175000A7EB0B07A7FB0801174657A3D3E9002304
:10176000FEF7CEFCCDF804A0D9F808305949009115
:1017700020F07F48BA1C3A3BD2B2204643440121B4
:101780000BF0E8FD012800F082809AF82430DB0796
:101790006AD430460FF0B4FA4C4BA5FB035A04460A
:1017A00045A3D3E9002328465146FEF7A9FCD9F802
:1017B0000830494A0792A3F13A09484B069620F0AF
:1017C0007F47A7FB0331E81A454B059340F2D1133D
:1017D000089333694FF0000BCDE903B34FF00703D3
:1017E00003FB07116AEB01014FF47A720023FEF745
:1017F00087FC0334E4B2CDE90170CDF800804B469C
:101800002246012158460BF0CFFC10F0FD0F0CD002
:10181000344A354935484FF4E9731EF007FB404020
:1018200080F311884FF0030002DF012202211046ED
:101830000AF07CFA15B0BDE8F08FC4F82B00988050
:1018400012E70022C4F82520A4F8292017E7254A2A
:1018500027492648F8231EF0E9FA404080F3118812
:101860004FF0030002DFEEE600230122009318464A
:1018700011460BF02DFD8CE76B7F43F040036B7737
:10188000281D14F0C9FC4FF00108E88323E70CF091
:1018900097FB82453FF479AF124A1649134840F24C
:1018A00079231EF0C3FA404080F311884FF0030003
:1018B00002DF6AE7AFF300808D49FD1A07000000E0
:1018C00083DE1B437FC3C901404B4C0000CA9A3BD7
:1018D0008C49FD1AD95F0100A95F01008D49FD1AED
:1018E00015600100447F0200587A0200CC740200A7
:1018F00068770200A07F02002DE9F04F8FB00DF154
:1019000037010446DFF8D0A0DFF8D0800DF13600B3
:101910000CF006FB9DF836309DF837B00B930BF0BA
:101920005DFDDAF80060A6FB085629A3D3E9002381
:101930000027814631462846FEF7E2FBCDE90777CE
:10194000069420F07F44DAF80400254B0593A0FBB1
:1019500008011FA3D3E90023FEF7D2FB214B20F09F
:101960007F40A4FB0331072202FB0411CDE9037081
:10197000E81A66EB01014FF47A720023FEF7C0FB10
:101980000097CDE901404B460B985A4603210BF0D6
:101990000BFC10F0FD0404D06FF08B000FB0BDE81D
:1019A000F08F1148114A00231CF0FCFA20B9DAF834
:1019B0000C000FB0BDE8F08F9DF837209DF8360081
:1019C0000094234603210BF083FC6FF07300E5E7DE
:1019D0008D49FD1A070000001C46002000CA9A3BF2
:1019E000C97301008D49FD1A04460020447B0B0099
:1019F00038B50F4D04460BF0F1FCA9680BF0F0FC74
:101A0000696803460B48B3FBF4F4A1FB00011C44D6
:101A100005A3D3E90023FEF773FB20F07F40844247
:101A200094BF0020012038BD8D49FD1A0700000039
:101A30001C46002000CA9A3BF0B5C468636883B0B6
:101A40000546002B63D117F00FFD002017F032FD83
:101A50000021084617F020FD00222521082017F05C
:101A60005FFD454B019301A817F042FD434940F249
:101A70005B6017F0E5FD237AC3F3420262F30613BD
:101A80002046237216F0ECFC15F01CFC58BB637A60
:101A90009B071FD127682E68384616F075F8064454
:101AA0006A6806F10901012017F012FF17F0D0FF54
:101AB00020460EF0EBFD811C3246C9B2384616F0C6
:101AC00071F8054670BB204616F006F888B900206C
:101AD00003B0F0BD012015F073F84178821C007846
:101AE00017F096FED6E7607A10F0030018BF0120C9
:101AF000F1E7234A2349244840F22C431EF096F98B
:101B0000404080F311884FF0030002DFDFE793F8D5
:101B100020309A0797D01D48214617F063FC17F034
:101B20004BFDD4E7164A1A49174840F214431EF0F9
:101B30007DF9184B0721A5FB030301FB05310CA31D
:101B4000D3E90023FEF7DCFA1349024613481EF0DE
:101B50006DF9404080F311884FF0030002DF104818
:101B6000214617F03FFC17F027FD6FF08B00AFE721
:101B700000CA9A3B00000000D6BE898E555555001C
:101B80007483020038760200CC7402002D7D0100BF
:101B90004C7502008D49FD1A24840200F88302006E
:101BA00031800100000000002DE9F041C468A289E5
:101BB0004FF6FF739A4282B000F0C780054616F0D8
:101BC00077FF2B89628AE08A1A4492B21044637FBD
:101BD000A28280B2411CE1825E064FF00001618268
:101BE00004F1180100F18C8003F03F000B46A17F47
:101BF000009004F11F0014F0C7FA0646D4E90B2345
:101C00001344D4E90D0200210244E1626163A16A38
:101C1000A26394F872208B4228BF0B4612F0040294
:101C2000236377D017F020FC002017F043FC201D21
:101C300017F05EFC2389A17A40F25B6043EA014120
:101C400017F0FEFC304615F0BFFF2146584817F04C
:101C5000C9FB962017F030FE94F85A2094F85B00E8
:101C6000C2F3C003002102F0070200F0070017F0E2
:101C70004DFD204616F07CFF27682E68384615F08B
:101C800083FF06446A6806F10901002017F020FE70
:101C9000804617F0B1FE002017F0C8FE236B94F8C1
:101CA0005B0003F13002A36B00F00700012103EB9E
:101CB000420517F073FC4544054494F85B0000F0BE
:101CC0000700022824D004280CBF4FF4BC7328233B
:101CD00001211D4417F064FC284417F07FFEA18900
:101CE00003313246C9B2384615F05CFF054698BB51
:101CF000204615F0F1FED0B9002002B0BDE8F08119
:101D00000A4603F03F03E18B14F08AFA064675E7B2
:101D10001823DDE7D4E9170109F0D0FF002881D1AD
:101D200094F8723043F0040384F872307AE7214A61
:101D30002149224840F255131EF078F8404080F3C4
:101D400011884FF0030002DFD6E71D48214617F047
:101D500049FB17F031FCCFE7164A1A49174840F201
:101D60004B131EF063F8184B0721A5FB030301FB7F
:101D700005310DA3D3E90023FEF7C2F9134902464A
:101D800013481EF053F8404080F311884FF00300D1
:101D900002DF1048214617F025FB17F00DFC6FF00D
:101DA0008B00AAE7AFF3008000CA9A3B0000000056
:101DB000C98D01009C84020038760200CC740200B8
:101DC0002D7D01004C7502008D49FD1AF084020042
:101DD000F8830200097D01002DE9F04F87B0054628
:101DE000039117461E46836804AA5B68984700283B
:101DF00031DBDDE9044AA7FB04B307FB0A37584689
:101E000019A3D3E900233946FEF77AF9DFF8608099
:101E100002904FF0FF39D94578EB07031ED3A6FB9C
:101E200004B406FB0A4410A3D3E900232146584614
:101E3000FEF766F9D94578EB040403460ED3029900
:101E4000AA6899420DD3BDF8401000911468284645
:101E5000DDE90221A04707B0BDE8F08F6FF08500F3
:101E6000F9E76FF01500F6E700CA9A3B00000000A2
:101E7000FFC99A3B054BBFF35B8F53E8002F43E844
:101E800000010029F9D1BFF35B8F7047702100205A
:101E900010B5044620B9BDE810400D481DF0E1BC66
:101EA0000C4BBFF35B8F1B68BFF35B8F13B10378E1
:101EB000182B0CD108480022002321461BF0B2FE4B
:101EC00028B121780548BDE810401DF0CABC10BDFE
:101ED000DE880200702100208C0D0020F7880200AF
:101EE000014630B104484FF0FF324FF0FF331BF092
:101EF000EFBE6FF0150070478C0D002018289ABFB8
:101F0000024B53F820000248704700BFF86A0200F5
:101F100027890200034B1B7813B90F201DF035BB36
:101F2000704700BFE04B002038B5094D2B78834245
:101F300004460BD0074A082B94BF52F823100649D9
:101F400052F8202005481DF08CFC2C7038BD00BFD5
:101F5000E14B00205C6B020027890200BE8A020070
:101F6000023810B5042804D8DFE800F0161B272E2D
:101F7000300033481DF075FC1DF0E7FB01F00AFE50
:101F800001F05CF801F00CFE012001F0A3FBBDE8BC
:101F900010400220FFF7C8BFBDE8104029481DF0DF
:101FA00060BC29481DF05DFC012001F093FB01F0AD
:101FB00047FFBDE8104001F047B824481DF051FC30
:101FC000012001F087FBF4E72148F7E72148224C84
:101FD0001DF047FC214B01201870FFF74BFF2048F4
:101FE00023F035FF01F056F8002001F073FB01F0FB
:101FF000BBFD01F0B5FF01F053F81A481DF031FCAC
:1020000023781948082B96BF184A194952F823100B
:10201000184A1DF026FC0723237001F03DF91648ED
:102020001DF01FFCBFF34F8F1449154BCA6802F413
:10203000E0621343CB60BFF34F8F00BFFDE700BFEB
:10204000D38A0200F28A0200178B0200368B02004C
:10205000518B02006F8B0200E14B0020E04B00200F
:10206000000000208C8B0200BE8A02005C6B020024
:1020700027890200AD8A0200AF8B020000ED00E06C
:102080000400FA052DE9F341B048B14CB14EB24F0E
:102090001DF0E7FB00201DF078FA6846FFF720FFEF
:1020A000014618B1AD481DF0DCFBF6E79DF8005085
:1020B000A5F10903012B11D82378072B05D1284658
:1020C000FFF71CFF0146A648EDE7062B40F0108104
:1020D0002846FFF713FF01463046E4E72846FFF79E
:1020E0000DFF2378082B96BF9E4A9F4A52F8232063
:1020F000014638461DF0B5FB94F80080B8F1070F93
:10210000DDD0B8F1060F04D1182DE1D1019997481F
:10211000C9E7182D00F2C58101A353F825F000BFCF
:102120008521000099210000C9210000E72100005D
:102130009122000095220000A9220000F122000057
:10214000F1220000F1220000F1220000F122000043
:10215000F1220000F1220000392400007B2200005F
:102160009B20000053240000672400007724000017
:1021700087240000C92200004924000049240000EF
:1021800097240000B8F1000F87D10120FFF7CCFEA3
:102190000120FFF7E5FE80E7B8F1020F7FF47DAF85
:1021A000734D2B785BB173481DF05BFB01F0EAFEC9
:1021B00010B9012001F088FA00232B706DE703208D
:1021C000FFF7B2FE0320E4E76B481DF04AFB6B48C3
:1021D00023F03DFE2378032B7FF45FAF0420FFF74D
:1021E000A3FE0420D5E79DF8041065481DF039FBD7
:1021F00001F0A4FE00287FF450AF9DF80480B8F1F0
:10220000130F02D0B8F1240FD9D15E4B1B78002BED
:102210007FF443AF5C4A13780133DBB24FF47A7535
:102220005D43137042F21072954228BF1546042B8D
:1022300002D956481DF015FB4246294654481DF068
:1022400010FB01F061FE0320FFF76EFE012001F09C
:1022500041FA00F0F9FE4FF4004C40F2E730002163
:102260004FF47A720023E5FB0C01FDF749FF0246AB
:102270000B4642481CF0AAF80FE7B8F1030F03D150
:1022800001F05CFE00289DD042481DF0EAFA04E708
:102290004148FAE741481DF0E4FA384823F0D7FDF9
:1022A000394B00221A70F8E601993D481DF0D9FA21
:1022B000019A092A3FF6F1AE6FF405731341DB076B
:1022C0003FF5EBAE3748E0E737481DF0CAFA237810
:1022D000022B04D1264B354801221A70D5E701F0B4
:1022E00051FE00287FF4D9AE012001F0EDF9D4E6CB
:1022F0009DF8005000F0A8FE00F0F4FF90B101F04E
:10230000DDF9054600287FF4C8AE29481DF0A9FA7A
:10231000012001F0D9F901F035FE00283FF4BDAEEF
:102320002846E2E701F0CAF910B122481DF099FAF7
:10233000002001F0C9F9EB1F062B3FF6AEAEDFE837
:1023400003F03B586266686D740000BFE68B0200C4
:10235000E14B0020A58C0200558C02000A8C020083
:102360002F8C02005C6B020027890200708C020037
:10237000DF4B0020D38C02000B8D020000000020F8
:102380001F8D0200E04B0020DE4B0020428D02003A
:10239000A78D0200F18D0200288E02003F8E020000
:1023A000538E0200748E0200AF8E0200CB8E0200AC
:1023B000F48E0200158F02009DF805209DF8041090
:1023C00039481DF04EFA9DF805109DF8040001F003
:1023D00041FB01F085F901F0B1FD00283FF45DAE4D
:1023E0002378033B012B3FF658AE0520FFF79CFDF9
:1023F00053E69DF805209DF804102C481DF031FA95
:1024000001F06EF949E6012001F0E8FAE3E7002067
:10241000FAE79DF9040001F03BFBDCE724481DF0DE
:1024200020FA0C2001F084FBD5E722481DF019FAB0
:102430000D2001F07DFB30E61F481DF012FA2378D5
:10244000063B012B7FF629AE0620FFF76DFD062027
:102450009FE69DF8041019481DF003FA9DF804004A
:1024600001F0FCF919E616481DF0FBF99DF804008F
:1024700001F00CFA11E613481DF0F3F99DF8040081
:1024800001F020FA09E610481DF0EBF99DF8040070
:1024900001F030FA01E60D4801991DF0E2F908203B
:1024A000A4E70B482946FEE5398F0200538F02004E
:1024B0006E8F02008B8F0200A98F0200C28F020074
:1024C000DE8F0200F68F0200129002002F900200B1
:1024D0004B90020001481DF0C4B900BF6290020099
:1024E00000B50D4889B01DF0BCF900220023CDE9EC
:1024F000062300236FF00802CDE90323CDE9013361
:1025000000930649064B07484FF480521BF012FB1C
:1025100009B05DF804FB00BF829002000062002059
:1025200085200000100F0020036803F01F025B09E4
:10253000026004D0012B034818BF002070474FF001
:10254000A0407047000300500379024603F01F00CB
:102550001268034B9A4208BF40F02000704700BF4A
:10256000EC660200014811461DF07BB9D8900200CC
:1025700008B504481DF075F9BDE808400E201DF0AF
:1025800004B800BF0B9102001FB56F240294044CE5
:102590000194BDF81840009421F084FB04B010BDF4
:1025A000320C00201FB54FF491640294044C019446
:1025B000BDF81840009421F075FB04B010BD00BFB9
:1025C000E45B00201FB5B7240294044C0194BDF8CD
:1025D0001840009421F066FB04B010BD6D6000202F
:1025E0002DE9F04F8FB0CDE90B23A84BA84A1B78FB
:1025F000CDE90901A7484FF480511CF0E5FCB0F586
:10260000805F044603D300200FB0BDE8F08FA24DD9
:10261000A04E4FF00008B8F1000F0BD0C4F5805762
:102620009E4A394630191CF0CFFC0028EBDBB8423B
:10263000E9D20444C4F58059994A2B4649463019D9
:102640001CF0C2FC071EDEDB4F45DCD22744A94646
:102650004FF0000AC7F5805B924A5946F0191CF00A
:10266000B3FC041ECFDB5C45CDD23C444FF0000BE5
:102670004F46BB7C01937B7C0093C4F580513B7C2F
:10268000894A0D9130191CF09FFC0028BBDB0D9985
:102690008842B8D20BF1010B0444BBF1040FC4F51E
:1026A000805104EB06000BD07C4A0D911CF08CFC91
:1026B00000280D99A7DB8842A5D203370444D8E748
:1026C0007A4A0D911CF080FC00289CDB0D99884211
:1026D00099D20AF1010A0444BAF1030F09F10C0975
:1026E000C4F5805B04EB060009D06C4A59461CF027
:1026F0006BFC002887DB584585D20719AAE795F8B7
:102700003C30079395F83B30069395F83A300593A3
:1027100095F83930049395F83830039395F83730AD
:10272000029395F83630019395F83530009395F87B
:1027300034305F4A59461CF047FC0028FFF663AF6F
:102740005845BFF460AF08F10108B8F1030F044425
:1027500005F13D057FF45FAFC4F58055554A294624
:1027600030191CF031FCB0F10008FFF64CAFA84561
:10277000BFF449AF504E474DA0440027B14677B152
:10278000C8F58054454A214605EB08001CF01CFCA6
:102790000028FFF638AFA042BFF435AF8044337C49
:1027A0000093C8F5805A454A3346514605EB080068
:1027B0001CF00AFC041EFFF626AF5445BFF423AFFD
:1027C00044444FF00008327C5FFA88FA524504EB2B
:1027D0000500C4F5805B2CD8394A59461CF0F4FB3F
:1027E000B0F10008FFF60FAFD845BFF40CAF0137CA
:1027F000082FA04406F19106C1D1C8F58054304A93
:10280000214605EB08001CF0DFFB0028FFF6FBAEBD
:10281000A042BFF4F8AE4044BDF86030009380B2EF
:10282000CDE90150DDE90B23DDE9090121F03AFA98
:10283000EAE6BAF1000F0AD0184A59461CF0C4FB68
:102840000028FFF6E0AE5845BFF4DDAE0444912306
:102850000AF104027B4303EB82034B44C4F5805B23
:10286000B3F8032001929A7800925B780E4A594699
:1028700028191CF0A9FB0028FFF6C5AE584508F141
:102880000108BFF4C0AE04449DE700BF6C600020A7
:1028900025910200E34B00206D600020479102006B
:1028A00049910200BA910200619102006A9102000E
:1028B0006C910200AC910200E45B0020BC9102002C
:1028C000A99102002DE9F0411F46144BAAB01B78D4
:1028D0000293134B1B780193124B1B780093124BFE
:1028E0000DF110081B7804460D46164696210F4A36
:1028F00040461CF069FB4046FDF77EFDBDF8C03048
:10290000009380B2CDE901803B46324629462046FD
:1029100021F0C8F92AB0BDE8F08100BFAB0C00205F
:10292000AA0C0020A90C00206C600020DC910200A1
:10293000F8B549481D46194614461CF092FF012D72
:1029400007D12178022902D811201CF03AFE28462E
:10295000F8BD022D14D12378AA2B02D16178122060
:10296000F3E7AB2B02D161781320EEE7B02B4DD10A
:10297000617811F0780FEAD101F07F011420E4E7CB
:10298000012D43D92678B12E1CD0B22E41D16678C4
:10299000072EDCD8A378012BD9D1304B06EBC60427
:1029A00006EB04141C4491220021204623F01AFE59
:1029B00006F5C8712A489123224601F003FF2948F1
:1029C00031461EE0932D1FD16678072EBFD8234BCA
:1029D00006EBC60706EB07171F449122A11C3846D9
:1029E00023F0D8FD3A4606F5C8711D48912301F041
:1029F000E9FE021E314603DA1B481CF032FFA6E74F
:102A00001A481CF02EFFA2E73D2DA0D818482946F1
:102A1000F7E73D2DFAD9022E99D8164BC6EB0612D0
:102A200006EB82021A441146631C3D3453F8040B32
:102A300041F8040BA342F9D11B780B7008483D23E1
:102A400006F5967101F0BEFE021E02DA0A48114632
:102A5000D7E70A483146D0E74C920200E45B0020F9
:102A600080210020C59202007A920200AB920200FF
:102A7000449302006D600020DF9202000E9302007A
:102A800070B5564C86B01422002101A823F0AAFD8F
:102A900020461CF0D1FD40B96FF012045048214689
:102AA00006B0BDE870401CF0DCBE80230293022318
:102AB0004C4D04930C230395ADF81430A6682046C2
:102AC000736801A998470446A0B9B5F90030328966
:102AD00069465343009317F0C1FB044650B9009C6C
:102AE00040F25D7324135C4304F5FA744FF47A7377
:102AF00094FBF3F4002CD1DBB5F900103A482246E0
:102B00001CF0AFFE41F267039C4262DC41F203031A
:102B10009C4259DCB4F57A6F51DA40F63B739C4223
:102B200048DC40F6D7639C423FDC40F673639C422E
:102B300036DCB4F5616F2BDA40F6AB539C4222DCF5
:102B400040F647539C4219DC40F6E3439C4210DDBB
:102B5000052001F089FF052524482A4621461CF05E
:102B600080FE23482A46214606B0BDE870401CF08E
:102B700078BE002001F078FF0025EDE70A2001F083
:102B800073FF0A25E8E7142001F06EFF1425E3E740
:102B9000232001F069FF232516482A462146DEE757
:102BA000322001F061FF3225F6E73C2001F05CFFA6
:102BB0003C25F1E7462001F057FF4625ECE7502081
:102BC00001F052FF5025E7E75A2001F04DFF5A254A
:102BD000E2E7642001F048FF6425DDE7506702006A
:102BE00084930200704B0020A2930200C093020065
:102BF000F0930200DA93020037B50E4C20461CF029
:102C00001BFD88B1A5683A21EB682046984758B962
:102C100023212B696A462046984728B9009B002B40
:102C200004DD09201CF0B1FC03B030BDFCD00A204B
:102C3000F8E700BFC867020037B505460C4601F04B
:102C400083F988B3042D06D0012D04D0052D01D0C1
:102C5000FF2D29D164420023ADF800308DF80230F9
:102C60006FF006039C42B8BF1C46072CA8BF072480
:102C700069460E488DF8034004221CF00FFD014602
:102C800010B10B481CF0EDFD0A2022F06AFE042270
:102C900000230DEB0201054801931CF0FFFC0146E7
:102CA00010B104481CF0DDFD03B030BD246D0200FE
:102CB00018940200479402002DE9F04F072887B0CE
:102CC000054628D83B4F912300FB03731A7C12B3AF
:102CD0005B7C042B01D0402B20D1912305FB037298
:102CE000927C482A03D0442A01D06A2A16D105FBD7
:102CF00003733148B3F81360294632461CF0B1FD26
:102D000001244FF0910805FB08F807EB080999F832
:102D10001030A34205D807B0BDE8F08F0026344636
:102D2000EFE7251D08EB85033B44B3F803A0BEB3D2
:102D300002F0ACFE731CB0FBF3F101FB13030AEBD2
:102D4000030B1FFA8BFB1D48CDF800B052462146FD
:102D50001CF087FDBBF1000F02D058461CF0E5FCCB
:102D600008EB85053D4408226B7815484FF0000BB1
:102D70000DEB0201CDE902BB8DF80830AB788DF880
:102D80000A301CF08BFC0A201CF0CFFC01340C48EC
:102D9000082204A9CDE904BBE4B21CF07FFCB6E72D
:102DA000BAF1000FDCD00748524621461CF059FD0D
:102DB000D346D2E7E45B00207E940200E99402004F
:102DC000D46C02004F95020037B505461A480C46F0
:102DD0001CF032FC70B32846642D184B184D28BFE8
:102DE000642018702C701CB3164B58436423B0FB3E
:102DF000F3F30021134A10480091FDF705FB2B78EF
:102E00000446BBB910481CF017FC20B10F484FF422
:102E1000B0111CF06BFC6CB12B785BB90A481CF04C
:102E20000BFC38B10A4803B0BDE830401CF019BDB6
:102E30002346DEE703B030BD78670200AA0C00200D
:102E4000A90C002040420F00EC660200886D0200D1
:102E50009095020007B5019001A8FFF765FB019B63
:102E600000EB8300054BD0F80027134043F002032A
:102E7000C0F8003703B05DF804FB00BFF0F8FCFFBA
:102E800007B5019001A8FFF74FFB019B00EB830002
:102E9000054BD0F80027134043F00303C0F8003778
:102EA00003B05DF804FB00BFF0F8FCFF2DE9F74F1D
:102EB0001CF0E7FB3D4FDFF8F8A005460024012198
:102EC00038461CF0FFFB1E2022F04BFD394BDFF88B
:102ED000E89004EB0308D346002699F80410D9F8CB
:102EE00000001CF092FB431E594298F80020594103
:102EF0008A4216D0DBF80020AA1A142A11D9E3B2AC
:102F0000012888F80010CBF8005001932246314682
:102F10003DD12A481CF0A5FCE2B2F1B207201CF01A
:102F200040FB0136032E09F1080908F104080BF1F2
:102F3000100BD2D13846002101341CF0C3FB042C05
:102F400007F108070AF1040AB9D11D481CF074FB07
:102F500048B321461A481CF058FB1A4900280B7840
:102F6000D4BF00240124A3421DD0174A1368EB1AD2
:102F7000142B18D900280C7015600FDD13481CF0B5
:102F800070FC0C2003B0BDE8F04F1CF0FEBA1048F6
:102F90001CF067FCE2B2F1B20820C0E70D481CF05B
:102FA00060FC0D20EEE703B0BDE8F08FC46D0200B9
:102FB000B421002026610020AC6D0200BD95020006
:102FC000EC66020025610020B0210020F695020089
:102FD000D99502001596020030B585B005460C461D
:102FE00000F0B2FF90B18CB100231148082269466D
:102FF000CDE900338DF802408DF800501CF04EFBF7
:10300000044628B101460B481CF02BFC05B030BD2E
:103010000A2022F0A6FC08220DEB02010448CDE9AB
:1030200002441CF03BFB01460028EFD00248EBE7CE
:10303000D46C0200359602006896020001481CF02C
:1030400010BC00BF9D96020070B50F4B1C7824B9D0
:10305000BDE870400D4822F0FABE4EF660235C4396
:103060004FF4004540F2E73000214FF47A7200231C
:10307000E4FB0501FDF744F8BDE8704002460B464D
:10308000034802491BF074B9AB0C0020300000204B
:10309000B0200020014822F0DABE00BF300000203E
:1030A0002DE9FF4166481CF0DCFB66481CF0D9FBAB
:1030B000654B664800241C701CF0BEFA30B1644AAF
:1030C0006248009423462146FDF79EF961481CF0B2
:1030D000B3FA40B160484FF4B0111CF007FB5E48F2
:1030E00000211CF0EFFA5D481CF0BBFB5C4901229B
:1030F00000234A60C1F80035A1F5D8310A6101F515
:1031000088314A60C1F80035A1F530418A60554ADE
:10311000C1F800354FF0FF31C2F8081319469A0084
:1031200002F1804202F5C0420133082BC2F81015AB
:10313000C2F80011F3D14B4B0920C3F87C11FFF703
:1031400089FE0A20FFF786FE1F20FFF783FE414815
:103150001CF072FA70B14048FFF7F6F90146FFF72C
:103160008FFE03A80391FFF7DFF9039A0123934031
:10317000C0F80C353C483D4D3D4E1CF072FB002420
:1031800001272846FFF7E0F90146FFF779FE03A87B
:103190000391FFF7C9F9039B07FA03F3C0F8083559
:1031A0000A463046214601341CF05BFB042C05F135
:1031B0000805E6D1DFF8BC802F4C304F304E00259B
:1031C0004046FFF7C1F90146039003A8FFF7ACF9A9
:1031D000039B00EB83000A46D0F8003723403B43B3
:1031E000C0F800372946304601351CF03AFB032D64
:1031F00008F10808E4D117481CF01EFAB8B12148BC
:10320000FFF7A2F90390014603A8FFF78DF9039B8E
:103210001D4A00EB8300D0F80037234043F44033CD
:1032200043F00C03C0F8003718481CF01AFB18488C
:103230001CF017FB174804B0BDE8F0411CF011BBAF
:10324000BB960200DF960200A90C002078670200FE
:1032500040420F00EC660200886D020008970200F1
:1032600000C001400060004031970200C46D0200C0
:1032700073970200AC6D0200F0F8FCFF040002003E
:10328000AA970200A46D0200E0970200E4970200F2
:10329000209802005A98020008B506481CF0E1FA8E
:1032A0004FF080430122C3F80025BFF34F8F20BFAA
:1032B000FDE700BF7A98020030B5002308491846A0
:1032C0000C46002214F8015B0DB10130C0B201328E
:1032D000042AF7D10133032B01F10401F0D130BDF1
:1032E0002661002008B5054B187828B1FFF7E4FFE8
:1032F000012894BF0020012008BD00BF25610020E7
:103300002DE9F04FAE48AF4C85B01CF0AAFAAE489C
:10331000A0621CF091F900285AD1AC481CF0A1FA27
:10332000AB4C20461CF088F9F8B1AA49AA481CF019
:10333000DDF9AA49AA4B4B6010238B60A368DB69B7
:1033400013B1012220469847A2682369946964B1A9
:103350001B689F4813F0100F14BF4FF000734FF01D
:1033600080634FF0A0720421A0479E4D00242846A0
:103370004FF4B01101341CF0B9F9042C05F1080523
:10338000F5D199484FF480311CF0B0F997484FF4CB
:1033900080311CF0ABF996484FF480311CF0A6F94F
:1033A00094481CF049F940B193481CF05AFA934BE9
:1033B0001978934B1878FFF707FD924C20461CF0C4
:1033C0003BF9002840F0CE808F481CF04AFAD3E049
:1033D0004FF47521A06A216001AA21F0D8FE0028CF
:1033E0009ED1029BA38120460323E38101F08AF84A
:1033F00008B1864892E7864E012332466421204672
:103400001CF0CEFF002802DD3378022B07D9002301
:1034100033707F4A6B480123642101F0D3F97D4C5E
:10342000DFF8A091DFF8F0A1DFF8F0B1002505F595
:103430009677BFB2224639463D2348461CF0B0FF7E
:103440003D280246294605F1010851D174481CF077
:1034500008FA4546032D04F13D04E8D1714CDFF82C
:103460006491DFF8C4A1DFF8C4B1002505F5C87781
:10347000BFB239469123224648461CF091FF91285D
:10348000294605F1010856D169481CF0EAF945467C
:10349000082D04F19104E9D13278664803211CF02B
:1034A000E0F9484801230DF102026A211CF078FF7F
:1034B000002805DD9DF80230782B9CBF5E4A137012
:1034C0000DF103023F48012369211CF069FF002828
:1034D0004A4A05DD9DF80330003B18BF01231370F5
:1034E000474B11781878FFF76FFC1CF0CAF817E704
:1034F00050461CF0B6F93D220021204623F072F818
:1035000043465A46102120461BF05EFD022301224D
:10351000043584F8373084F83A30FF23227484F875
:10352000392084F83C30A5743D232246394648466C
:1035300001F048F98DE750461CF093F991220021E3
:10354000204623F04FF843465A46102120461BF0F0
:103550003BFD00232374224691233946484601F05F
:1035600031F994E7A36835491B682046984701461E
:1035700020B333481CF075F9FFF782FA31481CF08C
:1035800070F90524FFF792FCFFF736FBFFF7AAFE60
:10359000002861D02C481CF064F92C481CF061F91B
:1035A00015201BF0F2FF0024FFF79CFE002878D0C6
:1035B000642C6DD126481CF054F952E0254804E7EC
:1035C000A19802008021002064670200D4980200C4
:1035D000EC66020010000100A46D020074210020BE
:1035E00065250000C46D0200AC6D0200B46D0200E0
:1035F000BC6D020078670200289A0200A90C002026
:10360000AA0C0020506702004B9A0200FB980200AF
:103610006C6000206D600020539902009A990200AE
:103620001E990200E45B0020C2990200F499020096
:10363000A5990200FB990200AB0C0020966D0200D8
:103640006A9A0200BF9A0200E89A02001F9B0200D9
:10365000499B0200959A020032201CF066F8013C5A
:1036600090D1134D134C2B78FBB1FFF71FFCFFF7E4
:10367000C3FA1CF006F823684EF65F22C31A934281
:1036800002D92060FFF7FCF901201CF04EF8EAE7B0
:10369000FFF70CFCFFF7B0FA32201CF046F80134BB
:1036A00082E7642C86D0044885E76420EDE700BFFC
:1036B000AC0C0020E4210020789B0200014B18781C
:1036C000704700BF24610020014B1870704700BF95
:1036D00024610020014B1870704700BFAC0C002023
:1036E0002DE9F04385B000F02FFC00285FD0554B4A
:1036F000554D93F800C0554F0024CCEB0C12CDE98A
:1037000002440CEB820301942B4402201946BE466E
:1037100000261EF8012BB2B191F8109091F811809B
:103720008A7CB9F1010F45D19DF80890072848EA35
:1037300009088DF8088006DC2AB100F11008E84479
:10374000013008F8082C0136042E01F10301E0D104
:103750000134032C07F1040703F10C03D6D13C4BD1
:103760001B78C3B13D2303FB0C5292F8341092F83E
:10377000353092F83620012940D19DF808100728ED
:1037800043EA01038DF8083005DC22B100F1100393
:103790006B4403F8082C08220DEB02012D481BF0A6
:1037A0007DFF04222C480DEB02011BF077FF05B0D2
:1037B000BDE8F083B9F1020FC5D1012A06D19DF809
:1037C000042042F001028DF80420BCE7022A04D153
:1037D0009DF8042042F00202F5E7032A04D19DF887
:1037E000042042F00402EEE7042A03D101228DF8FE
:1037F0000720A8E7052AA6D1FF22F8E70229CAD1A7
:10380000012A06D19DF8043043F001038DF80430FD
:10381000C1E7022A04D19DF8043043F00203F5E722
:10382000032A04D19DF8043043F00403EEE7042A90
:1038300003D101238DF80730ADE7052AABD1FF2373
:10384000F8E700BF6C6000206D600020266100205A
:1038500025610020D46C0200246D0200022810B5FE
:103860000DD8074C6421207022460648012300F041
:10387000A9FF21780448BDE810401BF0F2BF10BD3D
:103880006C60002080210020A59B020013B5044637
:1038900090B90A4B01461878FFF796FA003C18BF1A
:1038A000012401230DF10702692105488DF8074025
:1038B00000F088FF02B010BD0121EDE7AA0C002046
:1038C0008021002010B57828074C28BF7820207070
:1038D00022466A210548012300F074FF217804483C
:1038E000BDE810401BF0BDBFAB0C002080210020C4
:1038F000C29B020010B5072888B0044615D80146BF
:103900000B481BF0AEFF00220023CDE90623002365
:103910000722CDE90323CDE901330649064B0748C9
:1039200000944FF480621AF005F908B010BD00BF92
:10393000E59B0200807A0020B92C000010100020C6
:103940000346042B13B5084634D101290AD11D4B77
:10395000187863282CD80130C0B202B0BDE81040FE
:10396000FFF732BA022905D1164B187800B3013897
:103970000121F1E703291BD1134C124B2178187850
:1039800081F00101FFF720FA23788DF807300DF15F
:103990000702012369210D4800F014FF21780C4A29
:1039A0000C4B0D4800290CBF114619461BF059FF5E
:1039B00002B010BD052BFBD102B0BDE81040FFF7EF
:1039C00099BF00BFAA0C0020A90C00208021002074
:1039D000B48A0200019C0200049C020010B41B4B3C
:1039E00019781B4BC1EB011201EB82021A4470B132
:1039F00092F838403D2202FB013393F8372093F8C8
:103A00003900022A0DD110BC0121FFF715B992F837
:103A10003B403D2202FB013393F83A2093F83C00EF
:103A2000EFE7012A04D10146204610BCFFF7D4BAC3
:103A3000052A02D110BCFFF75DBF042A04D101465C
:103A400010BC1046FFF77CBF10BC70476C600020B4
:103A50006D600020022810B414D8032912D80A4B34
:103A60001C7810223D2313FB0423032212FB013296
:103A70000C2313FB0020054B10BCC218185C917876
:103A8000FFF75EBF10BC70476C6000206D600020C7
:103A9000011EF8B534D0244B1878C0EB001200EBAF
:103AA0008203224A11DC3A33134449425E789D78FE
:103AB0003D2303FB002292F83A30013B042B1FD830
:103AC000DFE803F0120D1E1F2C00373313445E781D
:103AD0009D783D2303FB002292F83730EDE728461E
:103AE000BDE8F840FFF7A8B80429A8BF04210F4695
:103AF0000024294630460134FFF76EFAA742F8D178
:103B0000F8BD0829A8BF08210C4600262946042034
:103B10000136FFF715FFB442F8D1F1E72846BDE8BA
:103B2000F840FFF7E7BE00BF6C6000206D6000202A
:103B30000C2810B510D10A4B1A780A4B3D2101FB15
:103B4000023090F83400041F012C05D801FB023329
:103B500093F83610FFF7F4FEBDE81040FFF7C0BD44
:103B60006C6000206D60002070B5094C20461BF091
:103B700063FD58B1A3689D6945B12046AC4600235A
:103B8000BDE870404FF400120421604770BD00BFD3
:103B9000EC66020001481BF064BE00BF1A9C0200E4
:103BA00000B5104A137889B0CBB9012111700020FB
:103BB00000216FF00802CDE90601CDE90232CDE91E
:103BC000003304930849094B09484FF4006219F087
:103BD000B1FF084809B05DF804EB1BF042BE09B024
:103BE0005DF804FBE24B002040720020013300002E
:103BF000900F00203E9C0200132108B51EF0B1FE7C
:103C0000014620B1BDE8084001481BF02ABE08BDAE
:103C1000659C020008B513211EF0A3FEBDE8084014
:103C2000014601481BF01DBE8A9C020008B500F049
:103C3000C3FFBDE80840014601481BF012BE00BFAB
:103C4000B19C020010B5044640B101460C481BF07F
:103C500008FE2046BDE810401BF0CCBC09481BF014
:103C600000FE094B01241C701CF0F5FB01460748BF
:103C70001BF0F7FD2046BDE810401BF086BC00BFDE
:103C8000DB9C0200FB9C020033610020179D0200B8
:103C900070B503788AB004460E4607AD032B20D8D2
:103CA000DFE803F002191B1D11492846FCF79CFBB5
:103CB000059563780493A3780393E37802932379BB
:103CC000019363790093A3790A4A1E2130461BF0C1
:103CD0007BF90AB070BD0849E7E70849E5E70849FC
:103CE000E3E7084A0A2128461BF06EF9E0E700BF27
:103CF000329D02005B9D0200399D0200409D020042
:103D00004A9D0200549D020030B589B00D4614460C
:103D10001EF0B7FE6946FFF7BBFFB4B913482A4649
:103D200069461BF09EFD012D0AD9114B1148012255
:103D30001A70114B1C701AF0ADFA05201BF025FC0F
:103D400004201BF022FC09B030BD094B0B480022B7
:103D50001A70094A137801331370694623462A46BC
:103D60001BF07FFD20461BF03AFCE9E77E9D020038
:103D7000346100202003002032610020A29D020057
:103D800030B58BB00C461EF07CFE02A9FFF780FF19
:103D90000C4A13780BB1013B13700B4B0B480025F9
:103DA0001D7002A9137822461BF05BFD03236846B1
:103DB000CDE900558DF800308DF80440FEF768F825
:103DC0000BB030BD3561002034610020CC9D020075
:103DD00030B589B00C4605461EF053FE6946FFF724
:103DE00057FF34B11148224669461BF03AFD09B02D
:103DF00030BD0F4A0F4813780133DBB213700E4AFF
:103E0000694614701A461BF02CFD022128461EF04C
:103E1000DFFD014628B110F1780F02D007481BF0F2
:103E200020FD02201BF0B1FBE1E700BF0E9E020067
:103E3000356100202C9E020034610020569E020055
:103E4000F0B5274B1A788DB042B1264800221A707F
:103E50001BF007FD4FF47A701BF078FC03F002FCB6
:103E6000014628B110F1780F02D01F481BF0F9FC71
:103E70001E4C0FCC02AD0FC527681D492F600026D0
:103E800000963346022202A803F0BAFB014620B393
:103E900010F1780F06D117481BF0E3FC00242046F0
:103EA0000DB0F0BD14481BF0DCFC103C32201BF0C0
:103EB0004DFC0FCC07AD0FC50D492F603346009662
:103EC000022207A803F09CFB044608B90B48E3E76D
:103ED00001460B481BF0C5FCE1E70A48DCE700BFE0
:103EE000AD0C00207B9E0200C39E0200606A0200AF
:103EF000E46D0200F99E02001B9F0200509F020029
:103F0000809F0200A89F020010B503F0ABFB04469F
:103F100058B110F1780F08D010F1160F05D00146F6
:103F200004481BF09EFC204610BD03481BF099FC82
:103F30000024F8E7CF9F0200F69F0200014B18789B
:103F4000704700BF35610020034B187808B1034B60
:103F5000187800F0010070473561002034610020BE
:103F600008B5FFF7D1FF01200449002204F002F850
:103F7000BDE8084002481BF074BC00BFF93B0000DC
:103F800010A0020010B523481BF06BFC224B1B78DD
:103F9000002B39D0FFF7B8FF20490022012003F0A1
:103FA000E9FF4FF4FA701BF0D1FB1D49002002F02D
:103FB000F5FC044601461B481BF053FCFCB91A48AB
:103FC0001BF04FFC00F0F8FD014618481BF049FCBF
:103FD00017481BF046FC17481BF043FC4FF4FA70DF
:103FE0001BF0B4FBBFF34F8F1349144BCA6802F4A4
:103FF000E0621343CB60BFF34F8F00BFFDE7104873
:1040000021461BF02EFCDDE70E481BF02AFC6FF06A
:104010000A0010BD2BA0020033610020153C0000F7
:10402000B8A402007EA0020099A00200D9A002005C
:10403000F8A0020040A1020000ED00E00400FA0533
:10404000B6A0020046A0020030B5584893B01BF05D
:1040500008FC3022002106A822F0C4FA544810902F
:104060000023019321F082FC044698B951481BF0CB
:10407000F8FBFEF72FFAFEF733FA4F4802F0A4FDE3
:104080000146002800F08A804C481BF0EAFB002023
:1040900013B030BD4FF475211098069103AA21F09A
:1040A00076F8014618B146481BF0DBFBE1E7049ABD
:1040B000ADF8242006A84FF44053B3FBF2F3ADF85B
:1040C000263000F01FFA0146E8B13E481BF0C9FB5C
:1040D00002A9032000F04EFC014608B13A48E3E78C
:1040E000029882681CF064F9054602981CF05FF99A
:1040F00015B129463548D7E706A800F003FA01466E
:1041000010B13348D0E7044604230DEB03024FF40B
:10411000FE4106A81CF044F9042803D12D4B019A56
:104120009A42A6D0C4B902A9032000F023FC01469C
:104130000028D3D10298214682681CF039F9044640
:1041400002981CF034F90CB12146D3E706A800F020
:10415000D9F901460028D4D102A9042000F00AFCB4
:10416000014608B11C489FE7029882681CF020F9BC
:10417000044602981CF01BF914B11848214693E735
:10418000144B019304234FF4FE410DEB030206A8E8
:1041900000F018FB00EAE071114885E74FF0FF31AD
:1041A0004FF0FF301AF0DAFB71E700BF61A10200A7
:1041B0006467020097A10200453C0000DB9C0200FE
:1041C000C9A10200F3A1020038A202005DA2020010
:1041D00083A20200314D5442B5A20200E1A20200C6
:1041E0000EA3020010B5094C0A44914200D110BD43
:1041F00011F8013B584003090001E35CC0B24340A1
:1042000018091B01205CDBB25840EEE753A3020003
:10421000014B1B68184700BF3003002030B585B044
:1042200004460D4610220021684622F0DBF90223E5
:104230008DF802302A46044B0193214668461AF055
:1042400055FF05B030BD00BF1142000080B50546E6
:104250000E46174698461AF09BFB034622F0D2F909
:10426000DFF81890044649F8003042463046394697
:10427000A84754F8090001F011F900BF0800000038
:104280002DE9F047058B04462807904611D40229F2
:1042900005F0070540F0CD8020461BF0BAFC78B150
:1042A0000138218B042811D8DFE800F0C3106D8598
:1042B000950001290CBF45F0100545F02005258328
:1042C00088F31188BFF36F8FBDE8F08701F0070A0C
:1042D000AA4500F0A6800027B9463E46A368002BF9
:1042E00000F0BD8041F00801218388F31188BFF3FD
:1042F0006F8FA168002900F0BB800D68002900F0D5
:10430000B780D1F80480334652462046C047002D7E
:1043100076D02B6829461D46F0E701F007035A1FA7
:10432000012A1BD8002221F00701062B276889B239
:10433000C4E9002209D13B4603E0628B013262836B
:104340001B68002BF9D141F00201218320461BF0AC
:1043500060FC00287BD041F0200177E0042B0AD1DB
:1043600021F0070189B2218320461BF052FC10B1D5
:1043700041F020012183218B01F0070AAA4550D08A
:104380000027B946AAE7236921F0070141F0060199
:10439000062DD3F8009021832DD1B9F1000F40D024
:1043A00041F00801218388F31188BFF36F8F3A49E8
:1043B0002046C84729E021F00701236941F00401A4
:1043C00089B2042DD3F804902183E6D000273E461D
:1043D0004FF0040A82E721F00701236941F005014B
:1043E00089B2052DD3F808902183D6D000273E4608
:1043F0004FF0050A72E700273E464FF0060A6DE7C8
:104400002B4687E7B9F1000FD1D14FF02003EFF32E
:10441000118883F31288BFF36F8F238B23F0080377
:104420002383258BEA062ED525F01003238305F080
:1044300007056669218B002EBFF66FAF0023276842
:10444000C4E9003321F0070141F001012183218BF0
:1044500001F0070AAA454FF000097FF43FAF002F93
:104460009BD041F00801218388F31188BFF36F8F3F
:10447000002FC7D03D6839463346524620461BF0D0
:10448000F4FB2F46F4E7AB067FF51AAF25F02003C7
:10449000238305F00705FFE697FC010017F0A2BE95
:1044A0002DE9F7430F4606460821C06ADFF8509011
:1044B0001BF057FD3C68241A80463C6004EA09055D
:1044C000AC4203D8002003B0BDE8F08308236A465D
:1044D000214630461BF0B8FC0028F4D1694630462E
:1044E0001BF049FD40B1BDF80230BDF804203C602E
:1044F00005EA090513441D44A4EB0804E0E700BFE6
:104500000000FFFF2DE9F047044688B000F11407D2
:10451000384621F009FBA06A8368DB689847E062AF
:1045200028B96FF01505284608B0BDE8F087A06AE5
:104530008368DB6898470368013B1F2BF1D8A06AAA
:10454000216805AA20F023FE0028EAD1A589002DC4
:10455000E7D0069BB5FBF3F203FB1255002DE0D12B
:10456000E389012BDDD9E36A009593F804904FF0BD
:10457000FF334FF0FF32384619F004FCE06A08219F
:104580001BF0EFFCA8460646E3891FFA85FA53455F
:1045900008D8E389434523D1384619F06DFC6FF004
:1045A0002C05C0E7A1892B04891B13FA81F14A4627
:1045B0000823204600911BF095FC78B169462046FF
:1045C0001BF050FC08F10108009908234A462046D8
:1045D0001FFA88F81BF086FC0028DAD00135D3E7F3
:1045E00053450BD1009908234A46891B20461BF0EE
:1045F00079FC18B9694620461BF034FC6946204610
:10460000FFF74EFF054618B1384619F035FC8AE72A
:10461000009B63604FEA13484FEA0848C4F80880DB
:10462000D4E9011399420FD3082301AA20461BF0B5
:104630000BFC05460028E7D101AB13F8012B91458F
:1046400033D10135082DF8D163681B0C1B04694672
:10465000204600931BF006FCA38900994A46204699
:104660001BF040FC051ECFDB636876D006EB030829
:104670004FF6FF79A389CDF800801FFA88F29B1BC3
:104680009A422ED300236168002B43D0090C090401
:104690000091204669461BF0E5FB009920461BF07F
:1046A00046FC0546002D74D0AEE701A920461BF05C
:1046B00062FC626810B9921B6260B1E7BDF80850F5
:1046C000BDF80610E06AC4F8088029441BF049FCD4
:1046D00040449042A060EED1002DECD06FF01C055C
:1046E00068E0082303AA414620461BF0ADFB0546BF
:1046F000002889D103A920461BF03DFC30B1BDF84C
:104700000C304B4502D1BDF810300BB1B044B1E7CD
:104710000123B8E720461BF00AFC054600287FF479
:1047200073AF6368264AA18913400B44A3EB460389
:1047300063601340A36020461BF001FDB1E75B1AE4
:104740004A4620461BF0CEFB051EFFF65DAF08D0A3
:10475000E26AA36812681344A360D4E901318B4272
:10476000EDD86168A38901EB46029A429AD1DFF83D
:104770005080A26801EA08039A4293D020461BF0B9
:10478000D6FB054600287FF43FAF636803EA0803C1
:10479000A360A389A288A3EB46039A4206D03846B9
:1047A00019F06AFB012323740025BCE620461BF0A8
:1047B000AFFC0546384619F05FFB002DF2D0B2E69B
:1047C0000000FFFF2DE9F04F1D46037C89B0044631
:1047D00089469046002B00F0BF80C26A082110462F
:1047E0001BF0BFFB2946824610461BF0BAFBA3898B
:1047F000A3EB8A039D42074600F2B1801DB1B8F1D8
:10480000000F00F0AC806368039304AA03A920465C
:10481000DDF80CB01BF0E7FB0646002865D1BDF8BB
:1048200010304B4505D06268039B9A42EDD1E5B943
:104830005BE004A920461BF09EFB0028F3D0BDF8E6
:104840001200BDF8143075B19D420ED14FEA1B41E4
:10485000090401442B46424620461BF010FB002869
:1048600003DC064641E0002B3FD0002F41D104F18C
:10487000140301934FF0FF324FF0FF3304F11400A3
:1048800019F080FADFF8DCB0E3899E4261D0D4E908
:104890000123F9188A422FD3ADF81A3006A8FF2356
:1048A0008DF81E30ADF81890ADF81C501BF011FBC0
:1048B000A1682B46424620461BF0DFFB2946824674
:1048C000E06A1BF04EFBA2680244A260BAF1000F3E
:1048D00007D106A920461BF00AFC002814BF824617
:1048E000AA46019819F0C8FA5646304609B0BDE804
:1048F000F08F5744BFB2BAE7E06A08211BF031FBE2
:104900004FF6FF73ADF8183000218DF81E30A389E3
:10491000ADF81C10111802EA0B021A44101A60605C
:1049200006A8ADF81A101BF0D4FA06A920461BF011
:10493000DEFB211D20461BF095FA636803EA0B039A
:10494000A36020461BF0FBFB82460028C9D101363C
:104950009AE76FF01B0AC4E76FF00C06C5E76FF02B
:104960001506C2E70000FFFF014B036000207047FF
:10497000F46D020070B5114B1C680D46DCB1104B94
:10498000196800238B4202DB6FF0010070BD2246E4
:1049900012F8106B864202D001331446F2E7E06849
:1049A00010B96FF01200F1E720F0E0FF0028F8D016
:1049B0002C600020EAE76FF00C00E7E734030020EA
:1049C000F46D020070B588B005460C46C0B2694669
:1049D0001646FFF7CFFF00281BDB0098C8B14368DD
:1049E0000293836822680195CDE903360023CDE95F
:1049F00006230593C5681BF0DAFC6DB1284608490B
:104A000001AA20F0C8FB079808B9059B236008B0ED
:104A100070BD6FF01500FAE76FF01200F7E700BF06
:104A2000D90302001FB507240294044C0194BDF879
:104A3000184000941FF036F904B010BDB30C0020EC
:104A400010B5084C86B024788DF8174001240294E4
:104A50000DF117040194BDF8204000941FF022F9D5
:104A600006B010BDBA0C002000B589B064288DF8DE
:104A7000070019D80E4B18221870002102A821F047
:104A8000B1FD0C4B03930DF10703049302A901231D
:104A90000020ADF8143005F0CFFB10F1800F08BFF7
:104AA000002009B05DF804FB6FF01500F9E700BFC6
:104AB000BA0C0020E86E02002DE9F0410F4B1C6893
:104AC00005460E461746ACB14FF0FF324FF0FF33AC
:104AD0000B4819F057F963683246D3F80880294625
:104AE0003B462046C0470446054819F0C5F9204614
:104AF000BDE8F0816FF00104F9E700BFE821002074
:104B0000780D002000230360044B5A6812B9C3E9F2
:104B10000000704710605860704700BFEC21002013
:104B2000014B1860704700BFE821002030B585B008
:104B300000230546CDE9023301904FF0FF330C48C6
:104B40004FF0FF3219F01EF90A4B1C684CB9284689
:104B500000F0CEF80446064819F08EF9204605B05C
:104B600030BD636820461B6801A998472468EDE7BB
:104B7000780D0020EC2100201FB5CDE90101039242
:104B80004FF0FF330A484FF0FF3219F0FBF8094BA2
:104B90001C682CB9064819F06FF9204604B010BD06
:104BA000636820461B6801A998472468F1E700BFA5
:104BB000780D0020EC2100202DE9F041194B1E68F2
:104BC00066B373685B680BB130469847164C174F55
:104BD000DFF85C800025BC420FD3164B1C68ACB1DB
:104BE000134F143C236923B138469847002D08BF62
:104BF0000546646954B1143CF4E7236913B1404697
:104C0000984705B1284614340546E4E77368DB6825
:104C10000BB1304698472846BDE8F0816FF001059A
:104C2000F9E700BFE8210020E46902005C6A0200A5
:104C3000B94A0000F4210020024B0022C3E90022FF
:104C4000704700BFEC210020024B0022C3E9002284
:104C5000FFF7F2BFF42100202DE9F74307460C4689
:104C600009B100230B601F4DDFF87C9000264D45F5
:104C70000FD31E4B1D6885B355F8148C01AA41460D
:104C80003846143D1BF0EEFB10B3D6B914BB2E46CC
:104C90001EE0D5F8008001AA414638461BF0E2FB31
:104CA00050B116B954B92E4606E03168002240468C
:104CB0001BF0D8FB0028F5D11435D8E7019B236001
:104CC000F1E73168002240461BF0CCFB0028DDD123
:104CD0006D69D0E7019B2360D9E7304603B0BDE89A
:104CE000F08300BFE46902005C6A0200F421002046
:104CF000F8B5184C184F06460025BC4208D3174B90
:104D00001C682CB3143CB6B9E368E3B96469F8E7EE
:104D10002EB9E3685BB9284614340546EDE72068F0
:104D2000002231461BF09EFB0028F2D1F3E79847A2
:104D3000002DF0D1F0E72068002231461BF092FBF5
:104D40000028E1D1E2E79847002D08BF0546DDE7DE
:104D50002846F8BDE46902005C6A0200F4210020E4
:104D600038B50C4D0C484FF0FF334FF0FF3219F0BF
:104D700009F82B783BB9FFF767FF00F06DF80446A0
:104D800010B901232B700024034819F075F8204650
:104D900038BD00BF36610020780D00202DE9F047B6
:104DA000048FDFF8B0A0013498B080468946A4B2E1
:104DB00000F10806651EADB2B5F5004F47D04A2395
:104DC00005AA294630461BF0EBFA04F57F543F3420
:104DD000A4B20746214601230DF10B0230461BF019
:104DE000DFFA002F014603DC002803DC2C46E1E754
:104DF000002816DCB8F83830AB4209D142466B1EA9
:104E000022F8383F4FF4004102233046FFF7DAFC26
:104E1000294630461BF060FA214630461BF05CFA0A
:104E2000E4E707F160030DEB0307002307F84C3CB0
:104E30005246CDF8009003AB05A80396ADF810409C
:104E40001BF046FB0028D1D018B0BDE8F087002049
:104E5000FAE700BF3F0502007FB501236946042041
:104E60000193FFF787FD044660BB02AA01A9042055
:104E7000FFF7A8FD044610B110F10C0F22D10399E1
:104E8000B1F5803F23D2009A002394681846084465
:104E900084421AD30133082BF9D10E4DA982EB823B
:104EA0005368AB602846D368EB631BF0E2FB044613
:104EB00040B9094E6E602846FFF724FE28466E6012
:104EC000FFF72EFE204604B070BD9BB2E5E76FF001
:104ED0002004F7E7FC21002084030020014B186820
:104EE000704700BF98030020F0B5082289B01BF07E
:104EF00094FDCB6A03930B6B04934B6B05938B6B05
:104F00000693CB6B079313466A460C46064600276A
:104F100011461046CDE9017700971BF091FC314610
:104F2000054630461BF08CFC216B0391616B0491AC
:104F3000A16B0591E16B0544CDE9061710461146BA
:104F40001BF07EFC3146054430461BF079FC0544DD
:104F5000206A0090606A0190A06A0290A06B06909F
:104F6000E06B07903046CDE9047703971BF068FCAF
:104F70000544606A0090A06AD4F838C00190E06AE5
:104F80000290CDF810C0606BD4F83CC00390CDE91E
:104F900005C0206A079030461BF052FC0544E06AC9
:104FA0000090206B0190606B0290206A0690A06ACE
:104FB00007903046CDE9047703971BF061FD236B22
:104FC0000093636B0193A36B0293E36B0393636A98
:104FD0000693E36A07932D1A082330461BF050FD11
:104FE000636B0093A36B0193E36B0293236A0393B8
:104FF000636A0493A36ACDE90537236B07932D1ADF
:10500000082330461BF03CFDA36B0093E36BCDE916
:105010000137636A0393A36A0493E36A0593636B9E
:1050200007932D1A082330461BF02AFD2D1A10D4A1
:105030000D4C35B90822314620461BF0FAFC0128F8
:105040000FD008232246314630461BF019FD2D1A99
:10505000EFE7054A0823314630461BF0F1FB2D18D7
:10506000F8D409B0F0BD00BF286F02000449431E08
:105070000F3013F8012F8A5C1A708342F9D1704700
:105080007EA30200F0B5264E07460C460FCE8DB02B
:1050900001AD0FC50FCE0FC596E8070085E80700E4
:1050A0003846002F38D0002C38D0381F2146024611
:1050B00010344B780D781B0443EA0563CD782B43FD
:1050C0008D78043143EA05238C4242F8043FF0D145
:1050D000144C04218A07036916D1C3F30742A55C67
:1050E0001A0EA25C42EA0562C3F30725DBB2655DD6
:1050F000E35C42EA054242EA032221F00303303333
:105100006B4453F82C3C534050F8042F013153406A
:105110002C290361DED101200DB0F0BD2046FBE754
:10512000746A02007EA3020030BFFFF7FDBF00BF1C
:10513000114B124A2DE9F041D518DFF84480013DAA
:10514000B5FBF3F55D430F4B08EB0304013CB4FBE7
:10515000F3F403FB04540E1B07460B49304621F0C1
:1051600019FA701942460021083E21F03BFA7E6789
:1051700004F10800BDE8F08101000000000000001B
:1051800008000000040000005C6A0200044B9968FB
:105190005869884203D003494FF080520A60704733
:1051A000384B002004ED00E070B5264B15469A6A96
:1051B00012F0100F9A6A14BF1124102412F0080F75
:1051C0009A6A18BF1224920706460AD5586B9A6A43
:1051D000140634D519B19A6A22F080029A62132417
:1051E00001E06FF01500174B9A6A12F0010F9A6AEE
:1051F00018BF142412F0200F9A6A18BF1524D20683
:1052000002D49B6A9B070AD50E4B5B68190506D52D
:10521000314600F03DFA10B180F309880224094BB1
:105220009A6A920642BF5A6A22F400525A629A6AF5
:1052300042F0FF029A6200232B70204670BD6FF08F
:105240001500CCE700ED00E0134B9A6A12F0007FE6
:105250009A6A14BF1E201D2012F0807F9A6A18BF20
:105260001F2012F4002F9A6A18BF212012F4802FF9
:105270009A6A18BF222012F4003F9A6A18BF2320AE
:1052800012F4803F9A6A6FEA02426FEA12429A620F
:1052900018BF2420704700BF00ED00E010B5194B87
:1052A0000246986A9C6A10F4805F14BF172016208B
:1052B00014F4006F9C6A18BF1820A40509D5986BD8
:1052C000986A000404D51AB19A6A22F400429A62DC
:1052D00019200C4B9A6A12F4806F9A6A18BF1A2030
:1052E000D2050CD49B6A13F4005F18BF1C20054A3A
:1052F000936A43F47F43936200230B7010BD1B201D
:10530000F5E700BF00ED00E0F0B5484B5B688BB0FF
:105310000446C3F30803002585F31188BFF36F8F9C
:1053200002F07F40B0F17F4F11D102F00C0008284D
:105330000DD010074CBF0C4601250022033B8DF811
:105340000720032B05D8DFE803F0246367602C46B1
:10535000F3E700239DF80720CAB902AE04F1200745
:1053600020686168324603C20834BC421646F7D151
:10537000099A002D54D0C2F3080121B96FEA5222D4
:105380006FEA4222099202A918461CF0A0FA0BB05B
:10539000F0BD264BDA6A9107DBD4DA6A002AD8DB43
:1053A000DA6A5200D5D55A69A16942F480725A610D
:1053B000BFF34F8FBFF36F8F5A6931F8021C22F48D
:1053C00080725A61BFF34F8FBFF36F8F4DF6027239
:1053D00091420AD09A6AD2B24AB10DF10702012174
:1053E0002046FFF7E1FE0346B4E72368B2E79A6A76
:1053F00012F47F4F05D00DF107010120FFF74EFF9A
:10540000F1E79B6AB3F5803FA3D3FFF71DFFEAE7FF
:105410000DF107020021E3E70DF107010020EDE7A0
:1054200022F4FF7222F00102ACE700BF00ED00E0C1
:10543000024A536943F010035361704700ED00E0E6
:10544000EFF30880EFF3098101B57246FFF75CFFC7
:1054500001BD00BF044800232021C2180133302BB6
:1054600082F80013F9D1704700E100E0FFF716F869
:10547000202080F3118808484FF40461401880F31D
:105480000988EFF314800221084380F31488BFF3E6
:105490006F8F00F0BDF80000C0910020084B9B68A2
:1054A00083420BD1EFF3058343B1064B5A6842F0B8
:1054B00080525A605A6A22F400425A6219F06EBA57
:1054C000384B002000ED00E0094A0A49936809685A
:1054D000D967094998674B6843F080534B600023B4
:1054E00083F31188BFF36F8F9368D86F704700BF45
:1054F000384B0020AC88020000ED00E015498A68B6
:105500004FF030001044EFF3098C80E8F01F2020AA
:1055100080F31288BFF36F8F0F4F4FF000664A6918
:105520008A603E604FF07404141920680B4C2060B0
:10553000906F0023936780F3118804B5104600F044
:1055400019F9BDE8044002F1300090E8F01F8CF337
:1055500009887047384B002004ED00E03C22002011
:105560001EF0040F0CBFEFF30880EFF30980816990
:1055700011F8021C0229FFD001B51CF0AAF901BDE7
:1055800040B2002807DB044A4109012300F01F0054
:10559000834042F82130704700E100E040B200282B
:1055A0000CDB4309064900F01F0020330122824032
:1055B00041F82320BFF34F8FBFF36F8F704700BFB9
:1055C00000E100E0054B420900F01F0053F82220E3
:1055D000012303FA00F01040704700BF00E100E033
:1055E00040B20028A8BF00F1604001F10101B8BF3E
:1055F000064B4FEA4111ACBF00F5614000F00F00CF
:10560000C9B2B4BF195480F80013704714ED00E01C
:105610000F4A08B50F4B22F07F029A60BFF34F8FFD
:10562000BFF36F8FD3F8882022F47002C3F888206C
:10563000EFF3148323F0040383F31488BFF36F8F15
:1056400018F024F919F01CFAFFF704FF18F070F9AC
:105650000000000000ED00E042F8203C009B42F812
:105660001C3C0A49019B42F8183C029B42F8143C3E
:1056700021F001014FF0807342F8043C42F8081C0D
:105680000023203A02658367704700BF4D42000047
:10569000094A0346906870B113F1160F406E05D0A9
:1056A000A0F140029A4205D8834203D2814228BF2A
:1056B0000020704700207047384B002008B5144682
:1056C0000A4A0B4B9060426F1A600D4600F052F888
:1056D000204685F30988002163B681F31188BFF362
:1056E0006F8F00220023FEF7B1FD00BF384B002072
:1056F0003C220020014910220A60704710ED00E0B2
:1057000072B6404080F31188BFF36F8FBFF34F8FA5
:1057100030BF62B6BFF36F8F704700BF72B64940AB
:1057200081F31188BFF34F8F20BF80F3118862B6D9
:10573000704700BF01B5EFF30580A0F110004FEAFC
:10574000C0000449014409C99847BDE80140024925
:1057500008470000F06702008D510000024B034A29
:105760000348012100F040B80000042000000020A0
:10577000D46F0200426E054B403A1A60044A402141
:10578000C3E901121846012100F038B84022002078
:1057900000000B15084AC2F898000B6823F01F039D
:1057A000034343F01003C2F89C308B6843F00103BD
:1057B000C2F8A030704700BF00ED00E0044B0522A6
:1057C000C3F89420BFF34F8FBFF36F8F704700BFB4
:1057D00000ED00E0BFF35F8F024B0022C3F894207E
:1057E000704700BF00ED00E010B5034C01232278A4
:1057F0001CF08EF8207010BD3761002008B5094AF2
:10580000002312781CF084F810F1160F03D0064B19
:105810000022072800DD08BDC3F89800C3F8A020C7
:105820000130F6E73761002000ED00E0F0B5454DAE
:105830002C68082C85B000F28280FFF7CBFF002097
:105840000C2684420DD1404D404F2C706846FFF726
:105850008BF800240646A6420AD1FFF7AFFF0020CE
:105860001CE0696806FB0011FFF794FF0130E8E7D0
:10587000009800EB04114FEA041CCB683B40B3F5E1
:10588000000F4AD00CD8B3F5001F30D0B3F5800F0D
:1058900038D0B3F5801F12D06FF0150005B0F0BD01
:1058A000B3F1807F42D0B3F1007FF5D150F80C30D6
:1058B00088684A681CF01CF840F4802009E050F821
:1058C0000C3088684A681CF013F840F0885040F4A7
:1058D0003020039028780728CDE90123DCD801A9DE
:1058E000FFF758FF2B7801332B700134B3E750F8E2
:1058F0000C3088684A681BF0FBFF40F0885040F489
:105900000020E6E750F80C3088684A681BF0F0FF8A
:1059100040F0007040F40030DBE750F80C3088684D
:105920004A681BF0E5FF40F08270D2E750F80C3077
:1059300088684A681BF0DCFF40F08870C9E74FF0C8
:10594000FF30ABE7E06F0200376100200000F0FF9E
:1059500008B5044819F085FF404080F311884FF0E6
:10596000020002DF7EA4020008B50649064821F0C5
:105970000701C1F1005202F580221AF00DF9002052
:1059800008BD00BFBBD200204C2200200E4A0123DC
:10599000C2F840354FF080424FF08051C2F8783560
:1059A000D1F83001082808D1D1F83411052904D8DC
:1059B0000648415C09B1C2F838364FF080430122F5
:1059C000C3F880250020704700E00140ABA402002E
:1059D00020B1034B800143F001031847704700BF1B
:1059E000F06A020070B50C4BD3E901521968D8680F
:1059F0004A4080EA050485EA02065E6082EA4522A2
:105A000081EA04064FEA745408441E609A60DC6020
:105A100001EB706070BD00BF5822002010B50F4828
:105A20000F4C836810221B682146984718B90D4B0C
:105A300001221A7010BD1FF005FE20601FF002FE4B
:105A4000094B434063601FF0FDFD084B4340A360DA
:105A50001FF0F8FD064B4340E360EBE714670200DC
:105A60005822002038610020B0C2649BD4D2D38673
:105A700078E20AA008B504481FF078FF00280CBFA0
:105A80006FF01200002008BD1467020008B5044B37
:105A90001B780BB9FFF7C2FFBDE80840FFF7A2BFB4
:105AA00038610020F8B5594EBFF35B8F3468BFF3FF
:105AB0005B8F14F0010450D0554F564C564D57484B
:105AC0003A4621461AF015FEE0B320222946204628
:105AD00020F018FD0028F2D000274FF0FF324FF0E1
:105AE000FF33012000F026FB00F10C0502210446E3
:105AF00028461FF072F93E230370422343700121B0
:105B000028461FF06AF908230370412128461FF038
:105B100064F9054600F8017BB7B14022002120F06E
:105B200061FDBFF35B8F56E8003F23F0010346E8B9
:105B30000032002AF7D1BFF35B8F2046BDE8F84062
:105B400000F09ABF1F27C8E734491BF07BFF2031C4
:105B500005F121001BF076FFE3E7BFF35B8F3368AD
:105B6000BFF35B8F9B0750D529492C481BF07AFC6B
:105B7000002811DBBFF35B8F264933682648BFF34B
:105B80005B8F13F0040F01F12002214B18BF014677
:105B900010461AF0FBFD04464FF0FF324FF0FF3382
:105BA000012000F0C7FA00F10C0702210546384633
:105BB0001FF013F93E23037022234370012138465E
:105BC0001FF00BF909230370212138461FF005F956
:105BD000034601309CB91F221A70FF21202220F0B9
:105BE00001FDBFF35B8F56E8003F23F0020346E858
:105BF0000032002AF7D1BFF35B8F28469EE70022D0
:105C000006491A701BF01EFFEBE7F8BD6822002062
:105C10000070020039610020CBA40200596100200D
:105C200070B5214CBFF35B8F2368BFF35B8FDA073E
:105C300006460D4601D50C2070BD012931D8BFF3B1
:105C40005B8F54E8003F43F0020244E80021002942
:105C5000F7D1BFF35B8F9B07EDD4144831461BF09F
:105C6000F1FE134806F120011BF0ECFEBFF35B8F41
:105C700075B154E8003F43F0040344E80032002AC1
:105C8000F7D1BFF35B8F0B4800F012FA0020D3E787
:105C900054E8003F23F0040344E80032002AF0D027
:105CA000F6E71220C8E700BF6822002059610020F3
:105CB000796100209C03002070B5067E044676B909
:105CC000C3681D8842F22602954245D00FD842F2A1
:105CD000010295424FD042F225039D4213D02A4B38
:105CE000D3F85C3120465B69BDE87040184742F24A
:105CF0005E039D42F3D103210C301FF08DF8E06864
:105D000090F840102EE003210C301FF085F820465B
:105D100014F072FABFF35B8F1C4B1A68BFF35B8FF2
:105D2000920707D50C26314642F225001BF066FE8D
:105D3000002070BDBFF35B8F53E8002F42F00101DC
:105D400043E800100028F7D1BFF35B8FD307E9D4F5
:105D50000F4800F0ADF9E6E703210C301FF05CF8C6
:105D6000E0683146FFF75CFF0646204614F044FA2F
:105D700031462846DAE7DA7802F07F02DA701A79DB
:105D800022F001021A71AAE76000002068220020B8
:105D90009C0300202DE9F3411B4DBFF35B8F984618
:105DA0002B68BFF35B8F1746DA0704462AD520B964
:105DB0006FF0010002B0BDE8F08101A91AF076FB96
:105DC00012490246204620F0ADFB0028F0D1BFF377
:105DD0005B8F2B68BFF35B8FC3F3C0061B0711D427
:105DE000A5F1D404072221464046B847062895BFAE
:105DF00045F8D46C0723C4F80360B0FBF3F094BFFC
:105E0000E671E0710020D5E734010020479D0200D3
:105E10002DE9F04188B09C79DDF838805D791E79F4
:105E2000DF7893F802C093F801E01B78B8F1000F17
:105E30000ED0CDE90638CDE904CE1346CDE9026790
:105E4000CDE90045084A19F0BFF808B0BDE8F08177
:105E5000CDE905E3CDE9037C1346CDE90156034ABC
:105E6000009419F0B1F8F0E7EBA402000FA50200CE
:105E700070B504468CB01E461546A2B129B10A463B
:105E800002A8042119F072FC02A900912B462246B7
:105E9000242103A8FFF7BCFF109A314603A8FEF7A0
:105EA0000BFE0CB070BD0346044A242103A819F070
:105EB0008BF80028F0DA6FF01500F2E730A5020049
:105EC00007B5064B0648DA79C2EBC20200920022FF
:105ED0001146FFF7CDFF03B05DF804FB6000002022
:105EE000479D020030B504468DB0154692B129B1E8
:105EF0000A4602A8042119F039FC02A900912B4698
:105F00002246242103A8FFF783FF03A81AF0A6FA6C
:105F10000DB030BD0346054A242103A819F054F8FA
:105F20000028F2DA6FF01500F2E700BF30A502009A
:105F300007B5009313460A4601460348FFF798FF4A
:105F400003B05DF804FB00BF0BA702000A46014640
:105F50000148FFF7C7BF00BF0BA7020007B50093BA
:105F600013460A4601460348FFF782FF03B05DF877
:105F700004FB00BF05A7020007B5009313460A46BD
:105F800001460348FFF774FF03B05DF804FB00BF50
:105F9000F6A602000A4601460148FFF7A3BF00BF6C
:105FA000F6A6020007B500220346009103481146F9
:105FB000FFF75EFF03B05DF804FB00BFFDA6020023
:105FC00008B5024818F066F9002008BDAC030020AF
:105FD00070B51A4CBFF35B8F2368BFF35B8F13F070
:105FE000010F25461DD014F8CD3CA4F1D406D3B141
:105FF000BFF35B8F2368BFF35B8F5A0701D400F0B8
:10600000D1FDBFF35B8F55E8003F23F4803245E8B4
:1060100000210029F7D1BFF35B8FDB0301D5FFF728
:10602000CFFF002009E001F06DF830B9F379002BC3
:10603000DED101F0ABF80028DAD070BD34010020C9
:1060400007B5009313460A4601460348FFF710FFC1
:1060500003B05DF804FB00BF63A702000A460146D7
:106060000148FFF73FBF00BF63A7020030B50A4DEC
:106070000A4B85B000242846029303941FF0D3FEF8
:1060800002AB0093284606490A234FF4A36218F096
:1060900007F9204605B030BD9010002039A5020058
:1060A000C07E00200146014818F032B9901000204F
:1060B000014601481FF0A6BE901000200378012B76
:1060C00030B513D0022B27D07BB9194B0A4603F108
:1060D000100453F8045B42F8045BA342F9D11B7827
:1060E000137043884B731B0A8B7330BD104B0A46E9
:1060F00003F1100453F8045B42F8045BA342F9D1A6
:106100001B78137043684B73C3F307221B0CCB73CC
:106110001B0A8A730B74E8E700F1100350F8042B94
:1061200041F8042B9842F9D103780B70DDE700BFEA
:1061300042A5020038B5054605481EF00FFE04468C
:1061400020B100210C301EF044FE2576204638BDDB
:10615000B40E002070B502460D48BFF35B8F0B46AE
:10616000002150E8004F40E80015002DF9D1BFF3A1
:106170005B8F24B9BDE870400120FFF7DBBF01232E
:1061800004F10C00237621821EF023FE204670BD10
:10619000A001002070B504460F2C0D46104619468C
:1061A00005D80D2C0DD9BDE87040FFF7D3BF132CD7
:1061B00007D10C481EF0D2FD044638B90024204611
:1061C00070BD02460B4645B10748F3E700210C308D
:1061D0001EF0FFFD01232376F1E7BDE870400120AA
:1061E000FFF7A8BFE00E0020300E0020F8B50646ED
:1061F0000F4602F025F8044640B18378012B24D0E5
:1062000013211CF0AEFB20461CF064FB39463046DF
:1062100005F09AFB054628BB3946304604F0CAF91A
:10622000144B1B6823B31C6804B10C3C53F8043CAA
:1062300013B1394630469847D4B12346E4689B6889
:10624000A4B10C3C002BF4D1F7E70023D0F8B850F0
:10625000C0F8B83013211CF084FB20461CF03AFB38
:10626000002DD3D028461EF0ADFCD5E7002BE0D1A1
:10627000F8BD00BFC822002038B5C368B3F801409C
:106280001B7893B90F21204601F060FE054668B9DE
:106290006FEA0450094A03236FEA105032F8021BD8
:1062A00009B922F8020C013BF8D138BD012101F0F7
:1062B0008BFD2846BDE838401CF00CBB724B00201B
:1062C00010B5084C0146052294F86F0001F0DCFF80
:1062D00038B994F86F000449BDE81040042201F079
:1062E000D3BF10BD60000020B1A4020010B5012191
:1062F00004460C301EF098FD2146034A0078BDE8A4
:1063000010400A231BF0FBBC38710200F8B50746A9
:10631000907A0E46144613F0C1FE284B83424BD1AF
:10632000204613F0C3FE264D0C2303FB0050438888
:10633000BB4241D1234FD7F8400120B113F05CFF9D
:106340000023C7F84031204613F0B0FE0C2707FBAE
:10635000005043689BB196B9204613F0A7FE07FB97
:10636000005001214268D2E90003127A03F01F07AE
:10637000B9405B09D2B100EB83001BF03FFC204623
:1063800013F094FE0C2707FB00508368A3B120464E
:1063900013F08CFE78432E54204613F087FE07FB43
:1063A0000055A868BDE8F84017F0D6BDC94300EB1A
:1063B00083001BF0BBFCE2E7F8BD00BF880E0020A5
:1063C0006C2200206000002038B5042104460C3007
:1063D0001EF02AFD4578017840882246FFF796FF97
:1063E00025B10348BDE8384017F0B6BD38BD00BF41
:1063F0008801002038B5032104460C301EF014FD3E
:10640000E36805781978B0F801002246FFF77EFFAF
:1064100025B10348BDE8384017F09EBD38BD00BF28
:10642000880100202DE9F0473C4FDFF8F48007F1A8
:106430001409FB6848466FF39433FB6001F070FC6D
:10644000451C36484FF0FF324FF0FF33294618F015
:1064500013FD60B13349344840F6E523424619F054
:10646000E5FC404080F311884FF0030002DF2B4E23
:1064700015B918F0F1F9DCE7F368C3F38633042BA0
:1064800042D1337B002B42D12848002200231EF04A
:106490006AFC044660B92649234840F67723424601
:1064A00019F0C4FC404080F311884FF0030002DF74
:1064B000DFF880A020484FF0FF324FF0FF3317F095
:1064C00071FDDAF8400120B113F096FE0023CAF8FE
:1064D000403120461EF04BFCCAF840012046FFF731
:1064E000EBFB88B1144817F037FD204613F0DEFDB2
:1064F000124B0C2202FB00301F2140882246FFF77E
:1065000005FF204613F078FE1436013DB0E7012B5D
:10651000FAD13069383801F091FFF5E7BC0300206B
:1065200053A5020087A5020090A50200A401002047
:10653000ADA5020060000020880100206C22002030
:1065400010B5C1E900239DF808300B720C4613F01A
:10655000ADFD034B0C2202FB00335C6010BD00BF9D
:106560006C2200202DE9F0474FF0FF324FF0FF334F
:1065700006461748174D0F461EF0F0FB044600F183
:106580000C0A00214FF0000850461EF022FC84F84F
:106590001880204613F08AFD4FF00C0909FB0050CB
:1065A0004680204613F082FD09FB0050C0F80880A9
:1065B000204613F07BFD09FB005503215046C5F82A
:1065C00004801EF00AFC068087702046BDE8F08734
:1065D000880E00206C22002038B505460C4619B9FB
:1065E000FFF7C0FF044698B140F635439D4209D1FC
:1065F0002046FFF761FB054640B1204613F0FCFD45
:10660000284638BD044821461EF0AFFB0025F7E7B9
:106610006FF06805F4E700BFA40100202DE9F04108
:10662000074686B015460C4621B9FFF79BFF044686
:1066300000284DD00122002168461FF033FB204680
:1066400013F034FDDFF894800C2303FB0080C0F8C6
:1066500008D020461EF08BFB014621481EF085FB2A
:106660004FF4A0220023684617F09CFC064688B130
:106670004FF4A9731B4A1C491C4819F0D7FB1C484E
:106680003246394619F0D2FB404080F311884FF072
:10669000030002DF204613F009FD0C23584318F8CD
:1066A00000606EB1204613F0A7FD092E13D00D2E09
:1066B0000CBF6FF00B006FF0040006B0BDE8F08176
:1066C00015B12C600020F8E7204613F095FDF9E79E
:1066D0006FF06800F1E76FF06E00EEE76C220020CB
:1066E000A401002053A5020087A5020090A5020086
:1066F000B1A50200F7B5144B93F99B30002B05466A
:106700000C461DDA14B9204603B0F0BD082C01AACE
:106710004FF0000142F21800264628BF0826FFF776
:106720007DFF0028F0D1019FF968324601312846EB
:106730001FF030FF384613F05FFD3544A41BE1E73E
:106740006FF08500E0E700BF600000202DE9F04118
:10675000764BB0F80180198848F47042914286B0B7
:10676000054626D05988914225D09988914224D156
:106770000222002123F81210012700F00BFB2C78D5
:10678000ECB13C2C3CD100F013FE6FF080011030D6
:106790001BF0CCFA0020FFF793FD054680B304738D
:1067A000002101F011FB284606B0BDE8F0411CF0C5
:1067B00091B80022DDE70122DBE70027DDE7EB7877
:1067C000012B08BF5A4B05F10406304608BF93F869
:1067D0006F401BF0E4F93146A8B104A81BF0D4F9CE
:1067E00005F111010DF109001BF05FFA01238DF88D
:1067F0000830EB78012B12D0132140461BF032FCFD
:1068000006B0BDE8F08120461BF00DFE014604A84D
:106810001BF050FA314602A81BF04CFAE9E704A835
:10682000FFF74EFDEB78012B04460AD100F0C0FDC6
:106830006FF08001064610301BF078FA30461BF0EE
:1068400082FF002CD8D02046B5F8013020F8883BD4
:1068500004A91BF02FFAB5F81730A4F89E30B5F84C
:106860001930A4F8A430B5F81B30A4F8A630EB78A2
:10687000E370002222732F4A012BC4E92F2215D185
:1068800002A904F18F001BF015FA00F091FD217AA6
:10689000274AC1EBC101114404F196001BF00AFA2A
:1068A000D2F8E430590601D500F018FF0721204640
:1068B00001F08AFA1FB10121204601F085FA204635
:1068C0001CF046F8637B072B2CD1BFF35B8F63680A
:1068D000174EBFF35B8F13F4805F18D1E3781BB1C1
:1068E00096F8D8301A0712D5022142F21600FFF7A7
:1068F00039FE054658B102210C301EF06EFA23888D
:1069000003800022294642F21600FFF787FE96F820
:10691000D930DB0706D50021022300911A46204614
:106920001BF0BBFB20461BF0D5FF69E7724B002034
:10693000600000201B00480100B5C16889B00B78D9
:106940008DF80030B1F80130ADF80130CB788DF81A
:106950000330B1F80B30ADF81730B1F80D30ADF8A9
:106960001930B1F80F30ADF81B304B7C8DF81D306D
:1069700001A804311BF09EF907490DF10B001BF033
:1069800094F90DF111001BF090F96846FFF7DEFE57
:1069900009B05DF804FB00BFC5A4020037B504468A
:1069A0000D468DF80700A0B929B10B4907222846EA
:1069B0001FF0A8FD40B909490DF10702002004F0BD
:1069C0000DFF002003B030BD29462046FFF70EFC26
:1069D000F7E76FF01500F5E7B8A402001B1C0200F2
:1069E00029289ABF014B185C0920704759A602005C
:1069F0002DE9F041044600F10C0630461EF024FA61
:106A0000B4F81080B8F1010F054604D82046BDE85F
:106A1000F04113F0F1BB304602211EF005FA0746A3
:106A200000781BF0C0F8C20706460CD40E4A0F4986
:106A30000F4840F6946319F0F9F9404080F311884B
:106A40004FF0030002DF05230A4A387821461BF085
:106A500056F9B307DAD56369A4F8108013FA85F5FF
:106A6000E560BDE8F08100BF53A50200DDA502008E
:106A700090A50200E0700200F8B5037E012B0446E9
:106A80002DD0032B4CD1038A032B03D8204613F0BF
:106A9000B3FB22E004210C301EF0C6F947880688BB
:106AA000224D204613F002FBC6F30B0325F81030ED
:106AB000238ABB42EAD1204613F0F8FA0F2135F8B9
:106AC000100001F043FA05460028DFD0320B2146C2
:106AD0001BF097FE28461BF0FDFE0020F8BD038A40
:106AE000012BD3D902210C301EF09EF90546007807
:106AF0001BF059F883070CD40D4A0E490E4840F696
:106B0000682319F093F9404080F311884FF0030097
:106B100002DF0A4A2878062321461BF0F0F8B5E781
:106B200013F06AFB6FF01500D8E700BF784B002028
:106B300053A50200F6A5020090A50200087102000C
:106B400010B5037E012B04460CD0094A09490A48B6
:106B500040F6E66319F06AF9404080F311884FF07F
:106B6000030002DF2046FFF743FF002010BD00BFF7
:106B700053A5020024A6020090A50200084A03467D
:106B8000D2F85C0130B9D96839B1596929B1C2F874
:106B90005C3170476FF0770070476FF015007047F9
:106BA00060000020014804211BF028B834010020B7
:106BB00010B5F9F779FC034B1B6813B1BDE8104021
:106BC000184710BD8422002070B5284DD5F85C31DF
:106BD00088B00646002B43D06FF0020105F1D400C7
:106BE0001BF0A4F801211BF009F8C3073BD41AF0ED
:106BF0006BFF044688BB1E4B1E600122114605F543
:106C000094701FF04FF805F5A2701FF006F80022EF
:106C10000023CDE906236FF00803CDE90243CDE957
:106C20000044144B144904944FF44072134816F076
:106C300081FF134911481EF05EFFD5F85C31DB6817
:106C40009847044648B926B908B0BDE87040F9F73E
:106C50002BBC05F1C40017F01DFB204608B070BD29
:106C60006FF01204F9E76FF07704F6E76000002098
:106C70008422002025640000408400203011002080
:106C800047A60200044BBFF35B8F1868BFF35B8F0E
:106C9000C0F38000704700BF3401002000487047F7
:106CA0004DA60200F8B50A4DEF7906460024E3B27E
:106CB0009F4202D86FF0010007E0294630461BF0E2
:106CC000E6FA0735631C08B12046F8BD1C46EEE71E
:106CD0006000002037B504460D46B9B11649284674
:106CE0001BF0D5FA90B91548C4EBC40429462044DA
:106CF0001BF0E0FA12481BF0D2FA430703D5FFF766
:106D00005FF91AF0E3FE002003B030BD68461AF0C8
:106D10002DFF0028F8D16846FFF7C4FF0028F5DAF8
:106D2000064BC4EBC400184469461BF0C3FA002D9F
:106D3000E0D001462846DBE7B8A40200600000204E
:106D40003401002038B51249062205461FF0DAFB4F
:106D5000C8B1062142F20500FFF704FC0446A0B1C9
:106D6000062229460C301EF03EF80022214642F24F
:106D70000500FFF753FC38B9054829461BF095FA82
:106D8000012300F8013C002038BD6FF06800FBE7EC
:106D9000C90000200A4BBFF35B8F53E8002F22F499
:106DA000004143E800100028F7D1BFF35B8F1304C4
:106DB00004D504490022022004F02EBD704700BF14
:106DC000340100208524020007B50023CDE900032B
:106DD00004496A46022004F01FFD019803B05DF8E3
:106DE00004FB00BF99230200F7B5054670B1464C7D
:106DF00094F8202194F821310AB19A4208D2013343
:106E000084F821312B7A43F004032B7203B0F0BDD8
:106E100000210622084601F037FA0646A8B1BFF362
:106E20005B8FD43454E8003F43F4004344E800321D
:106E3000002AF7D1BFF35B8F2B7A43F001032B724B
:106E400003B0BDE8F0401BF045BD01462F4800F0FF
:106E5000A9FA94F82131B3B994F8212194F820319A
:106E60009A421FD10022114642F22900FFF7D6FBB9
:106E700070B994F82131013384F821312B7A43F031
:106E800004032B7204E030461BF057FA0028E3D0CD
:106E900001201BF052FA1E48002103B0BDE8F0406B
:106EA00000F080BA2A466F1C12F82A0B39461BF0F4
:106EB00008FA06460028EBD194F82131013384F812
:106EC00021312B7A43F004032B7294F8A7305B072F
:106ED000DED5394668461BF0EDF90123082142F260
:106EE0004E008DF80730FFF73DFB04460028CFD059
:106EF000694608220C301DF076FF3246214642F2E8
:106F00004E00FFF78BFBC3E760000020EF23020079
:106F10006B2302002DE9F041054660B33C4C94F828
:106F2000202194F82131F2B1013293421CDC00217E
:106F30000622084601F0A8F90646F0B1BFF35B8FC0
:106F4000D43454E8003F43F4004344E80032002ABC
:106F5000F7D1BFF35B8F2B7A43F002032B72BDE8AE
:106F6000F0411BF0B7BC13B1013B84F821312B7AFF
:106F700023F004032B72BDE8F0810146254800F0A0
:106F800011FA30461BF0D9F9074688B994F8213137
:106F900094F820219A4217D2013B84F821312B7AB0
:106FA0001D4923F0040302462B72022004F034FC36
:106FB00094F8213113B101201BF0BFF9BDE8F04175
:106FC0001648002100F0EEB9072142F22800FFF731
:106FD000C9FA05F1010806460028E9D007210C305E
:106FE0001DF0FBFE41461BF065F93A46314642F280
:106FF0002800FFF713FB0028DAD194F82131013B78
:1070000084F821312B7A23F004032B72D0E700BFE0
:1070100060000020EF230200252302006B23020002
:1070200070B50D46044698B11D491BF030F978B98A
:107030002378012B02D06FF0150070BDA37903F007
:10704000C003C02BF7D12046FFF72CFE002821DA21
:10705000002DF0D1134DEB79012B1ED005F1D4009A
:107060001BF01DF9C30707D4002CE4D00C492046BF
:107070001BF00DF90028DED1EE792146731C304655
:10708000EB71FFF727FE08B93046D6E7EB79013BF5
:10709000EB71D2E76FF07700CFE76FF00B00CCE732
:1070A000B8A4020060000020F7B50446C8B101AAE8
:1070B000002141F20900FFF7B1FA064688B9019FA5
:1070C0000E49FD680135062228461FF01BFA28B13B
:1070D0000B49062228461FF015FA28B9384613F046
:1070E0008BF8002003B0F0BD2946601C1BF0DDF8D2
:1070F0003846267013F080F80120F3E7C5A402009B
:10710000BFA4020007B56846FFF7CEFF044BD87155
:1071100018B169460020FFF7DDFD03B05DF804FB00
:1071200060000020F7B5184B93F8C230DB07054626
:107130000E4603D40024204603B0F0BD01AA00216E
:107140004FF60940FFF76AFA03460028F2D101988A
:10715000C2685478B44228BF3446023216279C4293
:1071600002DC13F049F8E6E7114607FB035602F18B
:10717000140C51F804EB46F804EB6145F9D1098889
:10718000318001331632EAE76000002070B5154DFA
:10719000EC7988B02CB9012102A8FFF7C3FFE87190
:1071A000C0B90021084608B0BDE87040FFF738BFFD
:1071B00002AB06FB02310DF101001BF076F8012352
:1071C000694610468DF80030FFF784FD013410B198
:1071D00008B070BD1626EB79E2B29342E8D80020E1
:1071E000F6E700BF600000202DE9F04190460E4612
:1071F0001D460246002852D0002B50D0310304789F
:1072000007D573074BD41BF022F988BB01232B70E1
:107210002DE0F7072ED5234FB8F1000F13D0B0069D
:107220000AD4C4EBC403FB5C012B11D02B70B20653
:107230001DD543F00203EAE797F8D8305906F0D499
:107240006FF0850014E0C4EBC403FB5C012BDED1BE
:10725000072101FB0471013110461BF0F0F838B929
:10726000C4EBC4043B5D2B70B8F1000FDFD10020EC
:10727000BDE8F08173070ED50A4EC4EBC407F35D79
:10728000012BC4D1072111FB043131441BF0D7F885
:10729000F35D2B70ECE71BF0DAF80123F9E76FF0F0
:1072A0001500E5E760000020F8B545686905064669
:1072B00035D4046914B115F0010330D0194F30787A
:1072C000FB7983422BD9C0EBC00017490722384411
:1072D0001FF018F9A8B115F0010306D197F8702036
:1072E000082A02D8B2689F2A19D915F0300F09D0A0
:1072F000ACB1EA060AD405F46035B5F5603018BFC4
:107300000120F8BDEB0601D4002CF4D1D6E902230C
:107310009A4204D81F2A02D9B3F5804FEBD9002036
:10732000EFE700BF60000020B8A4020008B50449E0
:10733000072209301FF0E6F8003818BF012008BD09
:10734000B8A40200F8B5154B067883F86F600446C0
:107350000D46FFF7EBFF70B91149304600F052FFC0
:10736000044610B96FF00B00F8BD042100F02CFDAD
:107370002C600020F8E704F10907394630461BF07D
:1073800078FB40B92078394600F03CFF04460028DD
:10739000E8D00521EAE76FF01500E5E7600000207E
:1073A000B1A4020003460148184700BF780000203E
:1073B00000487047780000202DE9F04FD1F8109078
:1073C0008DB09A460023B9EB03050646894805921D
:1073D00018BF012507931BF076F80C46410740F1D2
:1073E000FD802046FFF760FF28B96FF0150B584667
:1073F0000DB0BDE8F08F20461BF040F88046002815
:10740000F3D006F1100738461BF05DF80206C0F312
:10741000C01300F1E680CDE90933CDF82B30A36825
:107420006068ADF82030E368ADF822301BF03CF81E
:107430006FF400518DF82D006E481BF04AF86E4A2B
:107440002378337082F86F3061680DF125032A4686
:107450003046FFF7C9FE83460028C8D106F109006F
:10746000B9F1000F13D021691BF042F820461BF040
:1074700033F963680546D80716D49A0503D4169BDA
:107480000BB9022D4CD102238DF8243019E05B4951
:107490001BF02EF820461BF01FF96368D90705463C
:1074A000EBD58DF824900CE013F0100F0CBF0123E6
:1074B000042321698DF824300DF126001BF018F803
:1074C000D8460F2142F20600FFF74CF88346002809
:1074D00000F08A800F2208A90C301DF084FC0022E5
:1074E000594642F20600FFF799F800287FD1B9F11A
:1074F000000F1BD06368DB0726D4304601211BF048
:10750000FBF8079E8346002860D0002E3FF46FAF43
:107510003046002100F058FC30461BF0DBF966E7EE
:107520000323DDF858808DF82430CAE7179B0093B9
:10753000CDE90185169B0599524630461BF055F85A
:1075400083460028D6D052E707A93046FFF7FAFE57
:1075500083460028D1D010F10C0F7FF448AFB9F169
:10756000000F7FF444AF636898073FF540AF62684F
:1075700082F00202C2F3400B0BF001020E213846EA
:107580001BF01CF86B1E5A425A41082138461BF06A
:1075900015F8A91E4A424A41384609211BF00EF847
:1075A00062680A2102F0010238461BF007F84246E1
:1075B0000B2138461BF002F862680D21C2F38002ED
:1075C00038461AF0FBFF4FF0000B10E716B13046BB
:1075D0001BF080F9B9F1000FCED1C8E76FF00A0BAC
:1075E00005E76FF0770B02E76FF0680BFFE6834665
:1075F000FDE600BF3401002060000020B8A40200B6
:1076000073B51546069A0C46CDE900322B460A465C
:1076100001461148FFF7D0FE21460646002340F2FE
:1076200001109D4202D1304602B070BD0A888242EC
:1076300004D14A6812B11278D20702D4013308315A
:10764000EFE7064906481EF0F4FB4FF470220023D2
:10765000034816F0BBFEE6E7780000204D27020045
:107660009000002010B519481BF06DF818486FF411
:1076700080411AF02EFF16481AF025FF03461A061D
:10768000C0F3C01021D512481AF01DFF430513D5D1
:107690000E48FFF74BFE0F490346087E93B90E498B
:1076A000042200F0F1FD044630B10021017300F026
:1076B0008BFB20461BF00EF9BDE81040034800216B
:1076C0001BF01AB805222131EBE710BD780000202D
:1076D0008800002060000020B1A4020073B5324889
:1076E000314C1AF0F0FE10F4804F5AD020461AF0B8
:1076F000EAFE030655D420461AF0E5FE460550D5AD
:1077000001A9A4F11000FFF71DFE002849D1A4F142
:107710001000FFF70BFE024620461AF0D4FEC0F31D
:10772000803120461AF0CFFE81F0010145054FEA75
:1077300041011D4848BF41F001011AF0C4FE800418
:1077400048BF41F0040119480DF10303FFF74CFD58
:10775000054630BB154801211AF0CEFF019E28B91D
:10776000304602B0BDE870401BF0B4B82946304640
:1077700000F02AFB6FF480410B481AF0AAFE054680
:1077800030461BF0A7F86B040BD5BFF35B8F54E8B2
:10779000003F43F4804344E80032002AF7D1BFF3AE
:1077A0005B8F02B070BD00BF880000207800002011
:1077B00008B5044940221EF0A5FEB0FA80F0400949
:1077C00008BD00BF83A6020070B5314B93F8A2300C
:1077D00003F00603062B52D1002853D02D4E3268F9
:1077E00032B1131F834250D05B680BB1043BF9E701
:1077F00042607268031D336002B97360264CBFF3A8
:107800005B8F54E8002F42F0200344E80031002948
:10781000F7D1BFF35B8F12F0200202D0002528467B
:1078200070BDBFF35B8F54E8003F23F0100344E8C2
:1078300000310029F7D1BFF35B8F114642F22500DA
:10784000FEF7ECFE05460028E8D0BFF35B8F54E856
:10785000003F23F0200344E80032002AF7D1BFF3B1
:107860005B8F34683CB154F8043C043C0BB10020FD
:1078700098476468F6E70023C6E90033CFE76FF066
:107880008505CCE76FF01505C9E76FF07705C6E70A
:10789000600000208C22002034010020054BBFF343
:1078A0005B8F1B680448BFF35B8F13F0100F08BF9A
:1078B00000207047340100209961002070B5204EEF
:1078C00033688B42044635D013B16FF00F0070BDA2
:1078D0001C4BBFF35B8F1A68BFF35B8F9206F4D427
:1078E000BFF35B8F1B68BFF35B8FDB0625D5316071
:1078F00042F226004021FEF735FE0546B8B1402190
:107900000C301DF06AFA234604F1400253F8041BC0
:1079100040F8041B9342F9D10022294642F2260086
:10792000FEF77CFE0028D2D000233360CFE76FF053
:107930006800F9E76FF07700C9E76FF07C00C6E7F1
:107940008822002034010020F8B51D4BC568BFF324
:107950005B8F53E8002F22F0200243E8002100292A
:10796000F7D1BFF35B8F2A78AAB916496A1C05F1D3
:10797000410052F8044B41F8044B8242F9D1BFF365
:107980005B8F53E8001F41F0100143E80012002A0A
:10799000F7D1BFF35B8F0C4E34686CB1094F043CD8
:1079A00023682BB12A78002A0CBF3846002098475C
:1079B00064680CB1043CF3E70023C6E90033F8BD6A
:1079C00034010020996100208C22002005490B68B9
:1079D00033B1C26800200860117801B9501C184703
:1079E000704700BF8822002070B50B4B1D6804460D
:1079F00025B90A4D0A4EB54207D370BD2B6813B1A5
:107A0000217B20469847ED69F2E72B6813B1217B73
:107A1000204698472035EEE7C422002094690200F2
:107A2000B46902002DE9F041154F04464FF00008FB
:107A30004FF02002EFF3118382F31288BFF36F8FB0
:107A4000216A29B983F31188BFF36F8FBDE8F081F4
:107A5000606A0A682262814208BF626283F3118809
:107A6000BFF36F8FD1E90156C1F80C80C1E90188DD
:107A700038461EF0FEF8002231462046A847D7E7D8
:107A8000EC0D002070B5D1E901560022C1E90122B8
:107A90000446CA6005481EF0ECF8314620462B46E5
:107AA0006FF06D02BDE87040184700BFEC0D00207C
:107AB0002DE9F047DFF854811F46B8F80431002B58
:107AC00004460E4608F58470154608BF00200022C3
:107AD000002316F067FA002840F09580002D71D041
:107AE00005F10C0A5046B8F804911DF0B1F948456B
:107AF00062D9B8F8049156F80C1F4A4650461DF05A
:107B000072F9494630461DF087F9637BAE69072B51
:107B100076D14FF02003EFF3118283F31288BFF385
:107B20006F8F002E59D000233360A369002B51D1F1
:107B3000C4E905664FF0000982F31188BFF36F8F27
:107B4000042105F10C001DF05FF9238807F0FD0703
:107B500043EA073707802B8A043B438002232B76B6
:107B600028461AF04FFB074618B34FF02003EFF3F7
:107B7000118783F31288BFF36F8F002E3AD03146FE
:107B800004F114001AF0E4FD87F31188BFF36F8F3E
:107B90006FF00407B8F804311D48002B08BF00201F
:107BA00016F0DAF92EB10023AB6131462046FFF71B
:107BB00069FF3846BDE8F08750461DF049F91FFAC5
:107BC00080F998E70022002304F138001DF0CBF87B
:107BD00005469AE71E60A661ACE7A36933B103F1DD
:107BE0000C09DB680133C9F80030A5E7E36904F14B
:107BF0001C09F7E7D9F80030013BC9F80030C3E7AA
:107C00006FF07F07C6E76FF06807D2E760000020DB
:107C1000680100200448B0F80431002B00F584709E
:107C200008BF0020704700BF6000002038B5002268
:107C300004468A4202D10024204638BD04F1C40320
:107C40000120BFF35B8F53E8005F002D04D143E8B0
:107C5000000CBCF1000FF6D1BFF35B8F02D0C8342B
:107C60000244E6E7002CE6D0C422002120461EF0A4
:107C7000B9FC04F1580004491EF0DBF8034904F193
:107C800028001EF092F8D7E751830000A5270200D4
:107C9000F8B51F46CB7A072B06460D46144632D957
:107CA000437B072B1DD162B31EF0ACFC194B1A5855
:107CB000194B9A42194807BF002200234FF0FF32A8
:107CC0004FF0FF3316F014F900B3737B072B4FF01E
:107CD000000209D0C0E90122C26001460F481DF030
:107CE000C8FF6FF07F00F8BDC0E90147C260002403
:107CF000A8612C7706F1380029461DF036F8204699
:107D0000F1E71046F3E76FF01500ECE76FF068005D
:107D1000E9E700BF08000000B0200020EC0D0020C3
:107D20002DE9F84F06462448244CDFF894901EF0C5
:107D3000B7FB214B0022012130461EF087FB0125B5
:107D400000274FF0140AAB46BFF35B8FD4F8C43062
:107D5000BFF35B8F5BB1637B8BB96FF04001201D7C
:107D60001AF011FD43060AD520461AF027FD013707
:107D7000032F04F1C804E7D12846BDE8F88F637BE0
:107D8000072BF4D1B9F80431002BF0D00AFB0568B9
:107D9000D9F81021A36B4BB142B90A4B02214046DE
:107DA0001EF054FB013588F80CB0E0E704F138030D
:107DB00000220421F3E700BF20040020B0110020BE
:107DC00060000020680100202DE9F041457B8D42D4
:107DD000044600F09880417325B98378082B01D0C0
:107DE0001AF05CFD637B012B1DD1564D002705F574
:107DF00084764FF02002EFF3118382F31288BFF3F1
:107E00006F8FE269002A78D0013AE26183F311882A
:107E1000BFF36F8FB5F80431002B14BF304600203C
:107E200016F09AF8E5E7072B09D0002B6BD1A37861
:107E3000042B24D12046BDE8F0411AF04BBDA378B5
:107E4000042B60D004F138001DF0E7FE3E4800210D
:107E500017F06EF80023C4E91433E378012B52D1F4
:107E6000A378012B04BF032384F8AC3004F158003D
:107E70004FF42032BDE8F041002316F073BA013D03
:107E8000052D40D801A353F825F000BFA57E0000C2
:107E9000ED7E0000357E0000357E0000ED7E0000A6
:107EA000ED7E00002046FFF7BDFDA378012B0AD12F
:107EB00004F1580528461DF0C8FF10F00C0F02D041
:107EC00028461DF0C4FFBFF35B8F043454E8003F25
:107ED00043F0400344E80032002AF7D1BFF35B8F40
:107EE0001948BDE8F041002117F022B8237B002B90
:107EF000A0D02046FFF778FD9CE7616929B983F39C
:107F00001188BFF36F8FBDE8F081A0690A686261D4
:107F1000814208BFA26183F31188BFF36F8F4FF0D6
:107F20002002EFF3118382F31288BFF36F8FCA68C8
:107F3000E261CF6083F31188BFF36F8F2046FFF7B4
:107F4000A1FD67E7600000202004002010B5024674
:107F50000C46074803211AF0D9FC034610B9002348
:107F6000184610BD82781442FAD11AF0B3FCF6E735
:107F7000B01100202DE9F047DFF834A006460F4687
:107F8000904600254FF0C80909FB05A01AF086FCB1
:107F9000044620B183781E4206D11AF09BFC0135BD
:107FA000032DF1D1BDE8F0874146B8472046F4E7FC
:107FB000B0110020034BC01A034BC0105843C0B28D
:107FC000704700BFB0110020295C8FC238B50D4644
:107FD0000649002808BF08461CF0C0FE044618B138
:107FE000291D0C301CF0F5FE204638BD040E002083
:107FF000F8B50446BFF35B8F6368BFF35B8F9B05E7
:1080000000F1040011D5B4F89E30B4F8A0209A42D3
:108010000BD8B4F8A2209A4207D3D4E929239A4274
:1080200003D16FF400711AF0AEFB104B1D6825B937
:108030000F4D104FBD420CD3F8BDEE683EB1B4F801
:10804000A630B4F8A420B4F89E102046B047ED69DD
:10805000EDE7EE683EB1B4F8A630B4F8A420B4F869
:108060009E102046B0472035E4E700BFC422002020
:1080700094690200B4690200F8B50D4B1D6804460E
:1080800000F1BC0635B90B4D0B4E04F1BC07B542EF
:1080900007D3F8BDAB6913B1314620469847ED6967
:1080A000F0E7AB6913B13946204698472035EEE733
:1080B000C422002094690200B46902002DE9F04155
:1080C000074608460C461AF013F8054618B900256D
:1080D0002846BDE8F081134B1E6846B9124EDFF802
:1080E0004C804645F4D2B36883B92036F9E7B368CB
:1080F0000BB9F669F1E72146384698470028E6D0E3
:10810000204619F0F5FF0028F3D1E0E72146384674
:1081100098470028DBD0204619F0EAFF0028E4D178
:10812000D5E700BFC422002094690200B4690200B0
:108130002DE9F041C378044673B900F19606104B5F
:108140001D6804F1880755B90E4D0F4F04F18808DA
:10815000BD420CD3BDE8F08100F18F06EFE72B693B
:108160001BB13A46314620469847ED69EBE72B694B
:108170001BB142463146204698472035E8E700BF0C
:10818000C422002094690200B4690200F8B5437A61
:108190008372044615461AF0E3FC134B1E688EB931
:1081A000124E134FBE4215D3E5B9637A012B19D98C
:1081B000A378012B16D1207A04F18801BDE8F8409C
:1081C00003F048BC73691BB1617A2A462046984780
:1081D000F669E4E773691BB1617A2A46204698473D
:1081E0002036DFE7F8BD00BFC422002094690200FA
:1081F000B4690200024B1A68C2611860704700BF80
:10820000C422002038B505460C460B480321FFF771
:108210000DFD80B105722368C0F88830A388A0F8EE
:108220008C30A37980F88E3001234372837283707F
:10823000024BC0F8A03038BDB01100201800280053
:108240002DE9F0410F4E07468846002530461AF0CA
:1082500025FB044620B18378012B0AD01AF03AFBA3
:108260000135032D06F1C806F0D100242046BDE8F3
:10827000F081424639461AF0DCFB0028F6D1204650
:10828000ECE700BFB01100202DE9F047DFF850A067
:1082900006460F46904600254FF0C80909FB05A089
:1082A0001AF0FCFA044620B18378012B06D01AF0AC
:1082B00011FB0135032DF1D100240DE037B13A4611
:1082C00031461AF0B6FB08B92046F0E7637B434518
:1082D000FAD1237AB342F7D12046BDE8F08700BF38
:1082E000B011002038B5044608460D4619F000FFCD
:1082F00048B3164B93F8D830990707D4E37883B185
:1083000029462046BDE8384000F0C0B994F8AD30A9
:108310009A07F3D5BFF35B8F6368BFF35B8F5B0591
:10832000ECD4294620461AF0AEFB58B92B88A4F8A5
:10833000A0306B88A4F8A230AB88A4F8A830EB88F2
:10834000A4F8AA3038BD6FF01500FBE760000020EC
:10835000F7B510F84B3C0446A0F15806FBB930467F
:108360001AF0E6FB2E4B1D684DB92E4D2E4FBD4227
:108370000DD3304603B0BDE8F0401AF0ABBA6B68DD
:108380001BB114F84C1C30469847ED69ECE76B685C
:108390001BB114F84C1C304698472035E7E710F81D
:1083A000563C012B22D1A0F154056FF400712846F0
:1083B0001AF0E9F983051BD5A36C00936946236D78
:1083C00001933046FFF78EFF20B96FF48071284685
:1083D0001AF0D9F9BFF35B8F55E8003F43F08003F3
:1083E00045E80032002AF7D1BFF35B8F03B0F0BD40
:1083F0000E4A106851686B4603C369463046FFF762
:1084000071FF0028E6D1BFF35B8F55E8003F43F4CE
:10841000807345E80032002AF7D1BFF35B8FD9E7BC
:10842000C422002094690200B4690200B06A02000C
:1084300001460148FFF7CABD5C0E00202DE9F04758
:10844000437B05465BB96FF0400104301AF09BF99D
:10845000430604D52846BDE8F0471AF0AFB905F148
:1084600038001DF01BFC044660B9354A35493648D2
:108470004FF4667317F0DAFC404080F311884FF038
:10848000030002DF20461CF072FCDFF8C090028A75
:10849000B9F804319A420446027F07D832B9022360
:1084A00021462846FFF704FB064632E017464FF008
:1084B000000A228AB9F804319A4204D801232377AA
:1084C00000220323ECE74FF0FF334FF0FF32002090
:1084D000FFF7AEFF6B7B072B804606D011F08CFEBA
:1084E0002046BDE8F04711F087BEC0F818A080F81C
:1084F0001CA0637F437702463B4621462846FFF790
:10850000D7FA0646B8B107F001072777404611F0C1
:1085100073FE204611F070FE05360ED1A6690023C9
:10852000A361204611F068FE3EB131462846BDE801
:10853000F047FFF7A7BA0127BBE7BDE8F08700BF08
:10854000C3A60200ADA5020090A5020060000020B5
:1085500068B10023C360074B596800F10C0219B9D8
:10856000C3E90022002070470A605A60FAE76FF002
:1085700015007047C822002010B50C481DF04DFBB7
:108580000B490A481DF075FB0A4908481DF071FBAC
:10859000094906481DF06DFB00F04CFE03F084F81D
:1085A000044608B91AF075FB204610BDEC0D0020FA
:1085B00094220020A4220020B42200200A4B1A6832
:1085C00022B11A6B52B11A6E52B90222302000FB4E
:1085D0000233064A5A6000200B6070470122F5E71B
:1085E0006FF00B00704700BFD4220020B87102006A
:1085F000F7B5244D244F04460026BD4201D303B0F5
:10860000F0BD6B6801A920469847002834DB019B28
:108610002A889A829A8403F11002A868BFF35B8FBC
:1086200052E8001F42E8006CBCF1000FF8D1BFF324
:108630005B8F9E60616D03F10802F9B9C4E91422F1
:108640001C60D860019843681B6803B19847019B80
:10865000BFF35B8F103353E8001F41F0010143E883
:108660000012002AF7D1BFF35B8F01984368DB69E2
:1086700013B100F1100198470C35BEE70A6062653E
:10868000DEE700BF706902009469020073B5174B02
:108690000E4619780131C9B2012938BF01210546BA
:1086A0000822122019701AF017FA0446D0B10821D6
:1086B0000C301CF092FB3388038073884380B388AE
:1086C0008380F388C3800023284600932246052137
:1086D0001AF066FA054610B1204611F08DFD2846C5
:1086E00002B070BD6FF00B05F9E700BFD961002043
:1086F00023281FD81A2804D8431E182B0ED9062069
:108700007047A0F11B03082B1ED8DFE803F0051DFE
:108710001B231D19251D0500032070470F4A012347
:1087200083401A40C2B90E4A1A40002A14BF0120E1
:108730000620704700F07F03522B05D100207047C0
:10874000012070470520704710F0400F0CBF062035
:10875000002070470420704702207047AAAA8A02AE
:1087600054554501011F01481DF099B92C0D0020F9
:1087700010B5044678B10B4B98420CD33C33984269
:1087800009D2002114221DF02DFF21460648BDE824
:1087900010401DF06EBA20461422BDE810400021A2
:1087A0001DF020BF64230020D40D002010B500F17F
:1087B00030030446BFF35B8F53E8001F41F0040110
:1087C00043E80012002AF7D1BFF35B8F201F1AF095
:1087D00079FB04F16C0004491DF02BFB2068BDE817
:1087E000104001F033BE00BF1D9400002DE9FF4191
:1087F00005460E464FF000084FF4205300681768F6
:108800008DF8088002A91446ADF80A3019F060F915
:10881000A0B142F6010328688DF80C8003A9ADF8D9
:108820000E3019F055F948B123691BB15A88B2428C
:1088300000D25E80012004B0BDE8F0816168286844
:1088400019F046F910B100232361F3E7E368A0684B
:108850001A786AB1B7F81AC0798D038A8C4594BF2B
:10886000C3EB0C03C3EB0103934201DA0020E2E700
:1088700004210C301CF0B1FA2061068023695E806F
:10888000074B00930194A2680023294638461AF04A
:10889000B8FB0028EADB2069003818BF0120CAE7CE
:1088A0002B2F02002DE9F8430F46438D418B8B425D
:1088B00002F1010228BF0B469A42064625D83846E7
:1088C000FFF716FF022824D004283FD04FF0FF38CE
:1088D0004FF0FF39002142464B4608461AF05DF939
:1088E000044690B11DF08EFE1B4B1A581B4B9A424A
:1088F0001B4807BF0022002342464B4615F0F8FAFA
:108900000546D0B9204611F077FC00242046BDE88A
:10891000F8830F2F1AD0212F18D0B36D002BF4D16C
:10892000706D1CF024FA04461CF013FA082104F1BF
:108930000C0006F158051CF04CFA2E600121A561CF
:1089400004F10C001CF049FA0770DFE74FF47028BF
:108950004FF00009BEE700BF08000000B020002073
:10896000D40D00202DE9F7431768054688460068B6
:1089700051687E68144619F0ABF88146002842D150
:108980003046952229461BF0F8F90646207540B17D
:10899000E3681B780BB184F81490002003B0BDE8A5
:1089A000F083A0681CF0E7F902210C301CF015FAE6
:1089B000164B2061A0F8008000930194A268334612
:1089C000294638461AF01DFB002807DA10F1FF0F80
:1089D00026BF4042C0B20E202075DEE72369002B7F
:1089E000DBD0A0681AF060F97B8D7A8B9A4294BF35
:1089F000C0EB0200C0EB0300E3681B78984294BF11
:108A000000200120CAE70120C8E700BFB92C0200FE
:108A1000F7B5002304460E462B480022694615F0A0
:108A20001BF80546D0B91DF0EDFD284B009F1A58E4
:108A3000274B29461A60381D28221DF0D3FD3C60C3
:108A4000009C24480195C4E90155C4E90955002258
:108A5000002301A915F000F8054620B16FF00B05C1
:108A6000284603B0F0BD019B0146A82218461DF020
:108A7000B9FD194A82603C301DF0CFF8019BBFF36D
:108A80005B8F343353E8002F43E800510029F9D1BC
:108A9000BFF35B8F019B1C60636A019F1BB904F1EC
:108AA0000C001DF0BAF8626AC7F8A020A26A07F1AC
:108AB000A003636202B9A362019B17225A855A83FD
:108AC00004333360CCE700BF100D00200800000025
:108AD000A02300202C0D0020300400202DE9F347B6
:108AE000D1F81880CB68D8F80090BFF35B8F426B49
:108AF000BFF35B8F520706460C463AD51B78D22B44
:108B00000FD1036818681BF072FE054648B1A069D2
:108B1000FFF72EFE204611F06FFB284602B0BDE89D
:108B2000F08704F10C001CF08FF9B4F810A0C8F81D
:108B3000006033681D68E36807461878FFF7D8FDC2
:108B4000052896BF0C4B0D4B53F82030CDF8008014
:108B50002846224604211AF023F805460028DCD0D6
:108B60006369A4F810A013FA87F7E760C8F80090CB
:108B7000D3E76FF01505D0E7E07102009B340200E7
:108B80002DE9F84F0B8A076804460D46002B6DD07F
:108B9000012105F10C001CF047F97B7B072B0646F1
:108BA00064D154F8043C002B60D00278324FA4F119
:108BB0000408002317F8331091424FEAC30A07EB69
:108BC000C30B16D128461CF0D2F89BF80290206502
:108BD000B9F1010F22D0B9F1050F37D02A8A9BF8DD
:108BE00001309A423DD3DBF804302946404698478D
:108BF00037E001330E2BDDD128461CF0B8F8206594
:108C000031780846FFF774FD58B3052829D041B3E1
:108C10000623002240461AF0F6FB22E0002104F170
:108C200030001AF0BFFAE0B99BF801202B8A9A4273
:108C30001FD8574429467B6840469847B9F1010F31
:108C400003460ED168B1317859B1E2E7012104F150
:108C500030001AF0A7FA20B99BF801202B8A9A421B
:108C6000E7D9206D11F0C8FA002323650020BDE884
:108C7000F88F0423E7E700BFF8710200F0B51E4645
:108C800003680D46003987B0044618BF01211868F3
:108C900017461BF073F948B9052104F134001AF0A6
:108CA00081FA002848D0002007B0F0BD002E45D042
:108CB0001822002168461DF095FC67BB2368204AF6
:108CC0001B6800930023ADF812300C9B0393BDF892
:108CD0003430ADF8103001238DF8143031466B4636
:108CE00030468DF808501AF03FF89DF81430E3B183
:108CF000002FD8D0019B9869FFF73AFD019811F039
:108D00007BFA9DF81430002DCDD0324629462046FE
:108D10001AF079FBC7E7002239462046FFF7C2FD6B
:108D200001900028CAD11120BEE701990029BAD0CC
:108D300020461AF05AFBB6E71220B5E70120B3E748
:108D4000072D02002DE9F0410E8A043EF6B2022EF4
:108D500004468CB0084601D0102E6BD104210C3093
:108D60001CF062F80DF1080805884788011D32469D
:108D7000404618F0DBFE00285ED0002D39D00026DA
:108D8000002F35D0BD4234D84FF4205301A94046BE
:108D90008DF80460ADF8063018F09AFE68BB142216
:108DA000002107A81DF01EFC0122112120461AF007
:108DB000F4FB099000283BD001210C30CDE9074895
:108DC0001CF00BF800230A901C4A037039460B93E1
:108DD000284607AB19F0C8FF0A9B1B781BBB099BF1
:108DE0009869FFF7C5FC099811F006FA0A2301E01B
:108DF0003D4601232A4610210EE042F6010307A951
:108E000040468DF81C60ADF81E3018F061FE002859
:108E1000C5D010232A46194620461AF0F4FA00203D
:108E20000CB0BDE8F081099920461AF0DEFAF6E7A9
:108E30001120F5E70420F3E70E20F1E7ED870000AD
:108E40002DE9F043036885B004460D4618680121FA
:108E50001BF094F850B9052104F134001AF0A2F97E
:108E600000283BD1122005B0BDE8F083102200217C
:108E700068461DF0B7FB0022212120461AF08DFB29
:108E8000029068B3DFF85C90009405F10C074FF096
:108E900001082B8A012B04D8029920461AF0A5FA62
:108EA0001CE038461BF0C8FF6B464A4601460646A2
:108EB0008DF80C8019F058FF9DF80C30002BE8D08D
:108EC000029B9869FFF754FC029811F095F99DF800
:108ED0000C303246202120461AF095FA0020C2E7D5
:108EE0001120C0E7153202002DE9F043036885B078
:108EF00004460D46186801211BF040F850B90521C1
:108F000004F134001AF04EF900283BD1122005B0CC
:108F1000BDE8F0831022002168461DF063FB0022AB
:108F20000F2120461AF039FB029068B3DFF85C90FD
:108F3000009405F10C074FF001082B8A012B04D88F
:108F4000029920461AF051FA1CE038461BF074FFD3
:108F50006B464A46014606468DF80C8019F004FF20
:108F60009DF80C30002BE8D0029B9869FFF700FCBD
:108F7000029811F041F99DF80C3032460E2120463E
:108F80001AF041FA0020C2E71120C0E7CF310200F9
:108F9000F0B51D46036885B004460E4618680121E9
:108FA00017461AF0EBFF40B9052104F134001AF01E
:108FB000F9F870BB122005B0F0BD8DB3102200216E
:108FC00068461DF00FFB0022394620461AF0E5FAEC
:108FD000029038B3BDF82830ADF8043001238DF885
:108FE0000C30114A00946B462946284619F0BCFE05
:108FF0009DF80C307BB1029B9869FFF7B9FB029892
:1090000011F0FAF89DF80C302A46314620461AF045
:10901000FAF90020CFE7029920461AF0E6F9F8E7BE
:109020000120C8E71120C6E7CF3102002DE9F04149
:109030000D8A043DEDB2022D04468CB0084601D0E5
:10904000102D50D104210C301BF0EEFE0DF1040860
:1090500006884788011D2A46404618F067FD00280B
:1090600043D096B187B1B7420FD3182200210DEB40
:1090700002001DF0B7FA0122092120461AF08DFAEC
:10908000089060B9112007E03E46012332460821CE
:1090900020461AF0B8F900200CB0BDE8F08101219B
:1090A0000C30CDE906481BF098FE002309900370B0
:1090B0000A238DF82C300E4A06AB3946304619F09B
:1090C00053FE9DF82C304BB1089B9869FFF750FB7D
:1090D000089811F091F89DF82C30D7E708992046B0
:1090E0001AF083F9D7E70420D6E70E20D4E700BFB3
:1090F000658900002DE9F0430F4687B0044606213C
:1091000007F10C001BF090FE0588B0F80280828801
:10911000D7F80C90C5B10023B8F1000F13D0454526
:1091200012D88DF800308DF8043001A94FF4205387
:109130006846ADF80220ADF8063018F0C9FC0646C6
:1091400060B10A2301E0454601232A460621204654
:109150001AF059F9002007B0BDE8F0830146142247
:1091600001A83F7C1DF03EFA3246072120461AF046
:1091700014FA0290F8B10A238DF815300F4A0194C1
:1091800001AB41462846CDE903698DF8147019F00A
:10919000EBFD9DF815304BB1029B9869FFF7E8FA9B
:1091A000029811F029F89DF81530CEE70299204673
:1091B0001AF01BF9CEE71120CDE700BF7F2D02008A
:1091C0007FB5CB681D885E8804468DB17EB1B542FF
:1091D0000ED81022002168461DF004FA0022052155
:1091E00020461AF0DAF9019058B9112007E0354607
:1091F00001232A46042120461AF005F9002004B074
:1092000070BD6B460A4A00943146284619F0ACFD01
:10921000029B43B9019B9869FFF7AAFA019810F0E5
:10922000EBFF0A23E5E7019920461AF0DEF8E5E7AF
:109230004B2F020038B50B4C0B4D20461CF0EDFCBB
:10924000294620461CF015FD05F1140120461CF0AE
:1092500010FD05F1280120461CF00BFDBDE838404B
:1092600000F074BCD40D00206423002013B50B461D
:10927000002101910E4902461DF0C4F90C680D4908
:1092800009580D488C4208BF002201A908BF1346A7
:1092900014F0E2FB014640B9019B1C2218461DF068
:1092A000A1F90346184602B010BD0023FAE700BF3B
:1092B000A023002008000000480D002010B583689E
:1092C00004463BB19869FFF753FAA06810F094FF89
:1092D0000023A36021460248BDE810401CF0DFBB1C
:1092E000480D00202DE9F347044670300E4617461E
:1092F0001D461CF0ACFDA06B30B920681AF001F8D7
:10930000002002B0BDE8F087104B98424FF00008F3
:1093100002D1C4F83880F0E7D0F80490C0F8048097
:10932000A06BD0F818A0FFF7C9FF2068C4F83880F8
:1093300019F0E7FFB9F1000FE2D02068CDF800A0E6
:1093400000683B4632462946C847D9E7A423002097
:109350002DE9F34150F8044C0546002C59D000F19A
:109360009C0104F1240019F0F3FE2F1F05F13808C9
:109370000022002340461BF0F6FC064640BB6B6B08
:109380002BB1024601460E233846FFF7ABFF002300
:1093900045F8043C022105F1300019F0F2FE636A41
:1093A000002B36D104F10C070022002338461BF0B5
:1093B000DAFC064698B96668C6B9174826602146A1
:1093C0001CF06DFB286802B0BDE8F04101F01CB94B
:1093D000B069FFF7CDF9304610F00EFFC8E7B0696D
:1093E000FFF7C6F9304610F007FFDDE7A2683368E3
:1093F0006360964208BFA360776837B1B369009392
:10940000002320681A460E21B8473046FFF756FF62
:10941000D1E702B0BDE8F081100D002070B550F822
:10942000703C92B00646186819F02BFB037804468E
:1094300007AD032B24D8DFE803F0021D1F211349D9
:109440002846F6F7D1FFA379059562780492A278B1
:109450000392E278029222790192627900921E21AF
:109460000B4A0AA815F0B0FDA6F16C00FFF770FFDB
:1094700012B070BD0749E3E70749E1E70749DFE7B5
:10948000074A0A21284615F09FFDDCE7329D0200BD
:109490005B9D0200399D0200409D02004A9D020032
:1094A000549D020010B50449144618461022A047E6
:1094B00000EAE07010BD00BF90140020F8B50B4D1D
:1094C00006460F46002415F8013CB34207D1294651
:1094D00038461AF0E2F910B105482044F8BD1034BE
:1094E000602C05F11005EED10020F7E709240020DB
:1094F00008240020F8B50B4D06460F46002415F849
:10950000013CB34204D1294638461AF0C6F930B9B5
:109510000C34482C05F10C05F1D10020F8BD0248AF
:109520002044FBE70914002008140020F8B50B4D77
:1095300006460F46002415F8013CB34207D13946D0
:1095400028461AF0AAF910B105482044F8BD0C3499
:10955000482C05F10C05EED10020F7E78B4B0020DD
:109560008A4B00202DE9F0410D4CDFF8388005468C
:1095700000262746621C6DB9414610461AF08DF947
:1095800028B90136062E04F11004F2D1002738461E
:10959000BDE8F0812178284619F04BFAF0E700BFCA
:1095A00008240020B8A40200F8B50C4F06464C1C55
:1095B00001F11F056EB114F8011C2246304619F066
:1095C00038FA08B1601EF8BD0A34AC42F2D100206E
:1095D000F9E7394620461AF060F9F2E7B8A402002C
:1095E0002DE9F04106460F46904618F010FE50B3A4
:1095F00039463046FFF77EFF054678B9134A0446E0
:1096000010461AF08AF9C0B90C225443104A601C63
:10961000394610441AF087F91655A518012101FAA8
:1096200008F105F108001AF05AF9BDE8F0410948BF
:109630004FF40042002314F0C9BE0134062C02F19D
:109640000C02DDD1EAE7BDE8F08100BF1014002074
:10965000081400205014002070B5204B1446826876
:109660009A420FD1A568C66875B92279216830463B
:109670001AF01BF9024628B1194901301AF053F9C2
:1096800015701581012070BDE0680028FBD02B8883
:109690008B420AD0F6D2E068A36801380433E06058
:1096A0000038A36018BF0120EDE72568227929461C
:1096B00030461AF0FAF8024660B9094930461AF005
:1096C000F4F802460028E6D0294601301AF02BF9BA
:1096D00023791370A3685B881381DCE7B5990000D8
:1096E000B8A402002DE9F04180460F4616461D46FB
:1096F000FFF71CFF044648B91449FFF717FF04465B
:10970000F0B100F8018B39461AF00DF9228963890E
:1097100092B99BB926816581254615F8010B29462A
:1097200018F075FD60B12246294612F8080BBDE815
:10973000F0410423FCF7FCBB964203D39D42EAD8D8
:10974000BDE8F0819D422681E6D9E4E7B8A4020095
:109750002DE9FF410E4617469846044628B96FF09A
:109760001505284604B0BDE8F08102A918F088F973
:1097700005460028F3D101A9204616F097FE01986E
:10978000D0B902A90020FFF7D1FE0446D8B9002EB7
:10979000E7D01149FFF7CAFE0446D0B1002300F814
:1097A000013B02A91AF0BFF8042204F10801404667
:1097B000B84700EAE075D4E70A22294615F030FCE4
:1097C0000028DED0CBE7002EEED106604660866032
:1097D000C7E76FF00B05C4E7B8A402001FB5104639
:1097E000074A19464FF42813CDE9022308230093B2
:1097F000BDF818206B441AF0D8F805B05DF804FBEA
:109800001800280008B513468168074A914209D11B
:109810001A791968C0681AF048F818B10023036073
:1098200043600381012008BDB599000070B50B4B62
:10983000164682689A420ED1C5686C1C1F35316885
:1098400020461AF02AF818B1716820461AF06BF811
:109850000A34AC42F3D1012070BD00BFB5990000BD
:1098600038B50C4B144682689A420D460FD12279C6
:109870002168C0681AF019F848B1D4F8C83004EB70
:1098800083020133158101895181C4F8C830012058
:1098900038BD00BFB599000002484FF4A472002300
:1098A00014F094BD1815002008B5042108481AF0DA
:1098B00016F807486FF002011AF020F804481AF071
:1098C0002CF8C30701D5FFF7E7FF002008BD00BF54
:1098D00048150020024608B5084901301AF023F85F
:1098E000002313720C32BFF35B8F52E8001F42E873
:1098F00000300028F9D1BFF35B8F08BDB8A4020087
:109900002DE9F047284B164682689A4207462BD12C
:10991000C568EB8B43B36C1C05F11F094FF00008C1
:10992000B4F807309BB114F8011C2246304619F0F8
:1099300080F8E0B914F8010C2146FEF781FC30B143
:10994000437B072B08BF4FF0010818F0C3FF0A3410
:109950004C45E5D1B8F1000F06D12B6AA5F81E8061
:1099600013B14146384698470120BDE8F08706F11B
:10997000880A307A514618F04AFC78B90B4B9D4260
:1099800002D1304619F0EAFF0949204619F0CBFF11
:10999000002304F8013CA4F80730D8E751462046DC
:1099A00019F0C1FFD3E700BFB5990000A004002063
:1099B000B8A402002DE9F0471F46BDF82030D1F8C9
:1099C0000C9006468846002B46D17B1E012B46D8BC
:1099D000012F4946157818BF1588FFF7E5FD0446A5
:1099E00078B915B93846BDE8F0874946FFF7DCFD80
:1099F0000446B8B306F18801013019F094FF337AB8
:109A00002370D9F82430DBB9B4F808A02581B9F85F
:109A10001E30AB4203D04946404619F0C0FEAA456D
:109A200005D0307A002206F18801FFF7D9FD002D1C
:109A3000D8D10E49601C19F076FF25702581D1E739
:109A40002A464146304698470028CCDB0138012899
:109A5000DAD96FF00D00C6E76FF00600C3E76FF0CC
:109A60000C00C0E76FF01000BDE700BFB8A4020013
:109A700008B51248012119F032FF10F0010F104B08
:109A80000AD1104A9A610D4819F047FF830713D491
:109A9000BDE80840FFF700BF1A8B588B012A4FF62C
:109AA000FF7205D8904207D04FF6FF725A83EAE75B
:109AB00090421983E7D0F7E708BD00BF48150020A2
:109AC000F81400200100FFFFF8B50B4C0B4F0025E8
:109AD000661C3946304619F0E0FE014630B9204692
:109AE0001AF006F82078314619F0E7FF0135062D07
:109AF00004F11004ECD1F8BD08240020B8A4020041
:109B000010B56FF0020104460E4819F0F7FE0D483B
:109B100019F003FFC20704D50B480022002314F0FC
:109B200055FC204619F012FE58B12046FFF71AFDE9
:109B300038B1037ADB0704D5BDE81040012119F0E4
:109B4000E7BF10BD481500201815002010B51E48AD
:109B5000012119F0C4FEC30735D402211A4819F0B7
:109B6000BEFE084007D11949194A0B88194CA24278
:109B700023D300B10B80184B184919480022C3E9C0
:109B800000221CF056F94FF4A47200231448FCF78D
:109B900089FA144914481CF04CF90221134819F0B1
:109BA0009EFE134913481CF044F91348FEF7D0FCFD
:109BB000BDE810401148FEF71DBB506803449BB23E
:109BC00008320120D3E710BD68240020D24B0020CA
:109BD000B4690200E46902006C240020773D0200B1
:109BE000A0140020EDA0000018150020481500204A
:109BF0006340020050140020780400205804002024
:109C00002DE9F041034648B1008A38B91249DFF81E
:109C10004CE001244FF0140C714501D3BDE8F081F4
:109C2000D1E90076BB4204D30CFB0672143A93428E
:109C30000ED93444A2B208311446EDE70CFB057886
:109C4000434507D001356219B54292B2F6D1F2E729
:109C50000025F8E71046E1E7B4690200E469020074
:109C60002DE9F74FBDF83050009199464FF6FF733C
:109C7000002D08BF1D46244B1B8883420746904693
:109C80003CD203B0BDE8F08F73682344BB4232D2AC
:109C90009CB208361D4B9E42F6D3F2E789580193D9
:109CA000404617F015FF019B90B101340AF1010AFB
:109CB000A4B273685345ECD9009B9C42E1D8BC42E6
:109CC0003168F2D30BFB0AF28B18B8F1000FE5D123
:109CD000B9F1000F0BD1013DADB218460E9A0D9BA4
:109CE00021469847002DCCD00028DED1C9E7DA689C
:109CF0009145DAD1EFE74FF0000ADAE7044E01248C
:109D00004FF0140BC6E700BFD24B0020E4690200FD
:109D1000B469020010B5C8B000231CAA694604A8A3
:109D2000CDE90033CDE9023317F007FDD8B14FF686
:109D3000FF7101200D4A04AB1AF012F80C4804A977
:109D400017F090FD78B10A4B082203F11001187842
:109D500011F8014D03F8014B013A0870F7D105489D
:109D6000082119F0BCFD48B010BD00BFF537020056
:109D700080140020481500202DE9F0411949BDF854
:109D800018700446A1F1300015461E461CF073F809
:109D9000154819F0C2FD010707D4FFF7BBFFFFF715
:109DA00093FE12481021FCF7FDF82046FFF7DAFB7E
:109DB00068B1037ADA070AD500F10C04204619F0DD
:109DC000ACFDC30703D40221204619F088FD1023FF
:109DD00006933A4631462846044BBDE8F04119F057
:109DE000E4BD00BFD01400204815002080140020DE
:109DF00010B51B4819F091FDC0F3C00080F00104BC
:109E000008B9FFF787FF164819F087FD0346144885
:109E100019F083FDDA0621D5830608D5F4B1FFF7E2
:109E200053FEBDE810400F481021FCF7BBB82021BD
:109E30000B4819F054FD0B49102288181CF062FBE6
:109E400048B909481CF003F8BDE8104004486FF019
:109E5000010119F053BDFFF70BFEE0E710BD00BF95
:109E600048150020801400201815002008B5102186
:109E7000034819F034FDFFF7BBFF002008BD00BF09
:109E8000481500202DE9F041B8B00C46164621498E
:109E90003E986A461F4616F0E5FA002837D0009D26
:109EA00001A9284616F002FB65B1019870B90DF1C1
:109EB00008080023284641468DF8143017F0E0FDCD
:109EC000054650B16FF0150425461AE00A2200211C
:109ED00015F0A6F80028EAD0F4E7CDF81080A4B178
:109EE000C02208A93846B047041EEDDBA40808AB21
:109EF000CDE90634084A04AB4FF6FF71012019F092
:109F00002FFF284638B0BDE8F0812346F0E76FF018
:109F10001505F6E7F3A602005996000007B50023E1
:109F20000193FFF76DFE411C89B20846034A01AB5D
:109F300019F016FF019803B05DF804FB9937020091
:109F40002DE9F0471546894694226968064619F0BE
:109F500014FF8046002848D169680222304619F073
:109F600046FF002844D04FF470200021AF8AFFF74D
:109F70007DF90237044680B11F4B47611D214174B2
:109F8000C0F80C80436085613A46304619F0E0FA2B
:109F9000074638B92046FFF791F96FF00B052846C0
:109FA000BDE8F08701234246414607F10C0A19F04B
:109FB000ECFB022150461AF010FF8046504628F86C
:109FC000029BA98A1AF009FFAA8A296940461CF057
:109FD000E1FAA7602146304619F0A3FB05460028A8
:109FE000DDD02046FFF76AF9D9E74FF0FF35D6E715
:109FF0006FF01505D3E700BFC337020030B5044644
:10A000008BB0374819F089FC42070D4661D514B171
:10A01000637B072B60D168680590FFF7F1FD2A6824
:10A02000ADF818003AB305A902912E49019101211A
:10A03000002300914FF6FF710593FFF711FE059B7A
:10A040001BB96FF001000BB030BD6B60059B186849
:10A0500000238DF8103004A942F60303ADF8123046
:10A0600017F036FD70B90598C3689B799B0605D437
:10A070006FF01500E7E70028E8D1E2E719F029FEC4
:10A08000ADF81800BDF818003CB101230146AB75CE
:10A090002A462046FFF754FFD5E76FF07F0307936A
:10A0A0000223ADF8203042F60213ADF8123005ABB2
:10A0B000AC7502930C4B01930123009304AA234631
:10A0C0004FF6FF7109958DF81040FFF7C9FD07980D
:10A0D000B9E76FF00A00B6E76FF07F00B3E700BFA3
:10A0E00034010020E937020021A3000073B500F11C
:10A0F0003005044650F8083C0193A0F120066FF0AB
:10A100000101284619F0FAFB0D4B44F81C3C0D4B9D
:10A1100044F8183C01AB002044F8103C042324F818
:10A12000080C24F8060C24F80C3C3146FFF766FFB7
:10A1300018B90221284619F0D2FB02B070BD00BF49
:10A1400090720200019B00002DE9F047344B146827
:10A15000174682689A4206465ED1D0F80C8008F114
:10A16000010508F11F09B5F80730FBB115F8011C0E
:10A170002A46204618F05DFCC0B14FF49572314676
:10A18000204619F0FAFDA8B103280FD00528204673
:10A190000CBF4FF0030A4FF0020A18F048FC82454A
:10A1A00008D93B79534501D287F804A00A354D45BB
:10A1B000D9D131E04146304619F0F1FA194B9845B2
:10A1C0002AD1207A04F18801FFF7B0F9054618B3C7
:10A1D00003890BB94389FBB12046FDF7EBFE124A18
:10A1E0002B8922F8203002EB8003698959800F49BE
:10A1F0000F4D182303FB001300B202EB800200EBAB
:10A2000040005D601A610B4D9D60042201EBC001AE
:10A2100020469A82FFF7F2FE0120BDE8F08700BFDA
:10A22000B5990000A00400207E4B0020C023002030
:10A2300090720200B33B020030B504468BB0354843
:10A2400019F06BFB42070D465DD514B1637B072BFC
:10A250005CD168680590FFF7D3FC2A68ADF8180058
:10A260003AB305A902912C490191012100230091E3
:10A270004FF6FF710593FFF7F3FC059B1BB96FF0D9
:10A2800001000BB030BD6B60059B186800238DF892
:10A29000103004A942F60303ADF8123017F018FC91
:10A2A00070B90598C3689B79DB0605D46FF015007B
:10A2B000E7E70028E8D1E2E719F00BFDADF8180058
:10A2C000BDF818002CB101462A46204619F016FEAA
:10A2D000D7E742F60212ADF8122005AA6FF07F030D
:10A2E00002920E4A07930123CDE90032ADF82030E7
:10A2F00004AA23464FF6FF7109958DF81040FFF729
:10A30000AFFC0798BDE76FF00A00BAE76FF07F0077
:10A31000B7E700BF34010020E937020021A30000A5
:10A320002DE9F84F454B144682689A42814639D14F
:10A33000D0F80CA0424B9A451CD1424D424F00260A
:10A340003946284619F0A9FA78B915F8010C072200
:10A350002946FDF799FF40BB236915F8010C1A69DE
:10A36000294653881288FFF7BDF90136062E05F1FC
:10A370000C05E5D10AF101070AF11F0BB7F8072018
:10A38000A3899A420BD117F8010C3946FDF758FF03
:10A39000054620B1437B072B0AD018F09BFA0A37F9
:10A3A0005F45EBD14FF0010844E018F093FADCE789
:10A3B000DAF8283023B14946984708B92846ECE72F
:10A3C00094224946284619F0D8FC80460028F5D149
:10A3D000A389022B15D1B7F8073013F0020604D178
:10A3E000284618F077FAA660D9E72269A18828469E
:10A3F000FFF7A6FD0646B8B92269937D0133937530
:10A40000EEE7012B05D0284618F064FAC4F808805E
:10A41000C5E7B7F8073013F00106E1D02269A1883B
:10A42000284619F06BFD0646284618F053FA002E10
:10A43000A660B4DA4046BDE8F88F00BFB5990000C9
:10A44000A00400208B4B0020B8A4020070B58EB091
:10A4500000F18805044603900123007A8DF810303E
:10A46000294617F0D4FE90B1227A1AB302AE042125
:10A47000304615F07BF900960F4A242105A82B469B
:10A48000FBF7C6FC05AA0D491046FAF775FB4FF617
:10A49000FF710B4A03AB012019F062FC204618F053
:10A4A000C6FA9DF81010884202D2204618F090FAA1
:10A4B0000EB070BD0092DFE7F6A60200859E000098
:10A4C00049A10000F8B5084B1C6805460E46174622
:10A4D0004CB154F8043C043C1BB13A463146284682
:10A4E00098476468F4E7F8BD6C24002013B50A4A65
:10A4F000009004464FF6FF7101206B468DF8040072
:10A5000019F02EFC0021204619F038FD08B9FFF79C
:10A51000AFFA02B010BD00BF49A1000030B5B5B020
:10A52000002301918DF8080033930A4A01AB0446D9
:10A530000D4601204FF6FF7119F012FC339B3BB121
:10A540009B0003AA29462046FBF716FD35B030BD17
:10A550001A46F7E7619800002DE9F34100F18808F9
:10A56000CDE9001204460F46007A4146164617F020
:10A570004EFE0F4A05466B464FF6FF71012019F05B
:10A58000EFFB1DB1207A4146FFF7C8FF207A39461C
:10A59000FEF794FF40B13146013019F0C4F91DB106
:10A5A000207A414619F089FA02B0BDE8F08100BF77
:10A5B0002D98000037B5134A009104460D468DF8DA
:10A5C00004006B464FF6FF71012019F0C9FB2946C4
:10A5D0002046FBF7DFFC002812DB2946204619F055
:10A5E000AEF900280CDB29462046FEF767FF08B1CC
:10A5F000FFF770F929462046FBF7CCFC00EAE07033
:10A6000003B030BD0598000073B5044603461A4AEE
:10A610004FF6FF71012004F1880619F0A1FB207AA2
:10A62000314619F0E4FC207A314617F0F0FD50B1C4
:10A63000237A8DF80430114A00966B464FF6FF716D
:10A64000012019F08DFB2046FEF78CFF054688B1EE
:10A65000207A314617F0DBFD28B9284602B0BDE864
:10A660007040FFF737B93146681C02B0BDE8704052
:10A6700019F059B902B070BD0199000005980000A9
:10A6800010B50E4AD2F8EC3033B1D2F844327BB177
:10A69000D2F89C3373B902234FF4AC704343D01803
:10A6A000EC33074CC0F8F0401A440A60002010BD9B
:10A6B0000123F1E76FF00B00F9E700BF5015002010
:10A6C00094730200084A10B501460023141DE018D7
:10A6D00019F0EDFC08B1981810BD03F5AC73B3F593
:10A6E000816FF4D1F8E700BF5015002010B50C4A77
:10A6F00011680C4ABFF35B8F00F5A87353E8004F55
:10A70000944204D143E8001CBCF1000FF6D1BFF322
:10A710005B8FBFF35B8FD0F85001BFF35B8F10BD31
:10A72000D02200205015002008B5FFF7DFFF0346B8
:10A73000C8B1D0E9001221B9002A0CBF03200220C1
:10A7400010E032B1836813B9094B1B7833B9042088
:10A7500008E00749087828B19B6833B9003A18BF68
:10A760000122500008BD0320FCE70120FAE700BFEA
:10A77000DA61002038B5EC22054600211BF032FFDB
:10A78000102105F127000CF0A5FD044648B905216C
:10A79000284619F0EBFCFDF781F8034B18602046C2
:10A7A00038BD0824FBE700BF7424002038B5051D20
:10A7B00004460821284619F0D9FC064904F157003F
:10A7C000FDF77CF820B12846082119F09AFC0820F2
:10A7D00038BD00BF8748020073B5047A022C0546D5
:10A7E00023D844B190F8DC30D0F8D840DC4004F0F5
:10A7F000010444F080040321284619F015FD0646A3
:10A80000A8B110210C301AF0E8FA00901048234645
:10A81000006805F1270205F157011AF024FA0446F1
:10A8200050B130460FF0E8FC01E0032C02D00820C4
:10A8300002B070BD0024DEE702463146284619F01A
:10A8400078FC281D214619F05CFC2046F0E700BF8B
:10A8500074240020F8B50446FFF748FF251D06467E
:10A860000E21284619F023FC38B9464B20221968DE
:10A8700004F157001BF046FE58B30C21204619F096
:10A88000D3FC074628B340210C301AF0A6FA3D4B02
:10A890001B680246014603F1200053F804CB41F83F
:10A8A00004CB8342F9D1203203F1200153F8040B89
:10A8B00042F8040B8B42F9D100223946204619F0A8
:10A8C00038FC237A052B04D8DFE803F005471B0585
:10A8D00003570820F8BD0421204619F047FCFFF774
:10A8E0007BFF0028F6D12846072119F03FFC0820FD
:10A8F000FFF7E8FE002843D12046BDE8F840FFF707
:10A9000055BF2046D4F8EC70FFF7F0FE0421064650
:10A9100004F1D8000CF0DEFC0028DAD1D4F8D830ED
:10A92000194AB3FBF2F102FB1133C4F8D83084F8B2
:10A93000DC0056B1336843B10B21284619F016FCF0
:10A940003368D4F8D810384698470321204619F0C8
:10A950000DFC0E2119F00AFCC5E72046032119F071
:10A9600005FC0E2119F002FC28460A2119F0FEFB15
:10A970007368D4F8EC009847B5E704212046E9E76E
:10A980000020A7E77424002040420F0038B50D4690
:10A990000446FFF7ABFEEB6804F15700024603F1F3
:10A9A000200153F8045B42F8045B8B42F9D104F1B7
:10A9B000770203F1200153F8045B42F8045B8B42F9
:10A9C000F9D1FCF7F5FE40B9154B1D681DBB201DE4
:10A9D000062119F0CBFB28461CE00E21201D19F0A2
:10A9E000C5FBD4F8EC50D5F8B83033B9287A05F166
:10A9F000880100F06FFEC5F8B800D5F8B830002B1C
:10AA0000E2D0DA8902F02402002ADDD05B7B9B07CA
:10AA1000DAD4032038BD2046BDE83840FFF71ABF1E
:10AA20007424002038B5174B1B78054623B301F07A
:10AA30000F042846FFF778FE134A03280CBF04F0E2
:10AA40000B0444F0040405F5AA731278BFF35B8F7E
:10AA500053E8001F013103D143E800200028F7D15B
:10AA6000BFF35B8FBFF35B8FD5F85431BFF35B8FC0
:10AA70002BB144F0010038BD01F00704D9E704F020
:10AA8000FE00F8E7DA610020BB0C00202DE9F3415D
:10AA90000D46D0F8EC600446FFF728FED5F80C8090
:10AAA00098F80330073B092B074603D9062002B06C
:10AAB000BDE8F081D6F8B8305BB1251D0F212846DE
:10AAC00019F0F5FA80B92046FFF754FE60B1C0B224
:10AAD000EDE7307A06F1880100F0FCFDC6F8B80019
:10AAE0000028EAD10820E2E701236372D8F8003099
:10AAF000C4F80A30B8F80430E3810223237498F8CC
:10AB000002102046FFF78EFFE0742046FFF70CFE90
:10AB100010236074237598F8043003F00303637501
:10AB200098F8053003F00103A375E37C1B070DD5EE
:10AB300098F80230180709D50521284619F016FBA8
:10AB4000637D03F0020363750023A3750521284686
:10AB500019F0ADFA002851D0A34B1B78A374E37C05
:10AB6000990607D598F802309A0603D5142128468D
:10AB700019F0FCFAE37CDB0742D598F80230D807DD
:10AB80003ED50D21284619F0F1FAA37D84F8E8306E
:10AB9000637D84F8E9300321284619F0E7FA05219E
:10ABA00098F8008019F083FA70BBB8F1040F4BD805
:10ABB000E37AA27C1340D90744D4217BE37C194378
:10ABC00011F0040111D02046FFF7AEFD874B08EBD2
:10ABD0008808984418F80010042906D1D4F8EC30FD
:10ABE000DB78002B14BF012102212172D6F8B810A6
:10ABF000204619F065FA48BB032058E77C4BACE7C8
:10AC000000236375A375C0E7237BE07C03EA0002A1
:10AC1000120706D5E27A94F812C042EA0C02D20773
:10AC2000E3D4B8F1040F0FD843EA000111F0040196
:10AC3000DBD02046FFF778FD6E4B08EB88084344D5
:10AC4000195CD2E70621D0E70021CEE7D4F8EC303A
:10AC50009B7A032B49D037D8013B012B3FF642AFFB
:10AC60000521284619F023FA002840F0A980204643
:10AC7000FFF73CFD07462046D4F8EC80FFF736FD91
:10AC800008F18801064698F8080000F05DFE237A76
:10AC900028B1427BD20702D5002B3FF423AF062B0D
:10ACA0003FF620AF01A252F823F000BF1BAD000019
:10ACB00095AD000045AD0000E5AA0000E5AA000042
:10ACC000E5AA0000F3AC0000042B7FF40BAF237D5A
:10ACD000627B934228BF1346102B7FF4E7AE052119
:10ACE000284619F0E4F9002886D0237A002BB7D142
:10ACF00082E7002E56D0F368002B53D000230A21A0
:10AD00002846ADF8043019F031FAF368D4F8EC00B5
:10AD100001A99847237A002B46D10F21284619F024
:10AD2000C6F9002840D1002F3ED07B69002B3BD0D4
:10AD300028460A2119F01AFA7B69D4F8EC009847E2
:10AD40000020B4E604210DEB01000CF0C3FA00284A
:10AD50007FF4C8AE019B284AB3FBF2F102FB11332A
:10AD600001934EB133683BB10B21284619F0FEF92F
:10AD70003368019940469847019B84F84730C3F3F4
:10AD800007221B0C84F849301B0A84F8482084F8F9
:10AD90004A30BFE728460A2119F0E8F973684046AF
:10ADA0009847B7E7022082E60321204619F0DEF932
:10ADB0000E2119F0DBF902B0BDE8F04119F053BAE9
:10ADC000237A73B90F21284619F071F948B947B1B0
:10ADD0007B6933B128460A2119F0C8F97B693046EE
:10ADE000ADE70C212046E4E7DC61002047A7020024
:10ADF000DB6100202EA7020040420F0038B5124947
:10AE00000446A0F1EC0534301BF013F8284619F085
:10AE100065FBBFF35B8F0D4A04F1640353E8001F29
:10AE200043E800200028F9D1BFF35B8FBFF35B8FAD
:10AE300068344FF0FF3354E8002F44E80031002914
:10AE4000F9D1BFF35B8F38BD314A020050150020A5
:10AE50002DE9F0410E4688B00446FFF747FCF36841
:10AE600004F137080546424603F1100153F8040B7C
:10AE700042F8040B8B42F9D1271D0521384619F001
:10AE800016F9002843D1D4F8EC3004F1470603F159
:10AE9000960204AD8F3301920093029504F11003E2
:10AEA00004F109024146304619F03BFB08B1082085
:10AEB00078E01022294604F117001BF023FB00283C
:10AEC0006FD1D4F83700D8F804102B4603C3D4F858
:10AED0002700D4F82B1006AB03C32A462946304678
:10AEE0000CF0FAF90028E2D1334608AE2A4603CA2C
:10AEF000B24218605960154603F10803F6D10121EA
:10AF0000384619F033F9204619F0C7F94AE0237A98
:10AF1000052BCCD801A252F823F000BF61AF00008E
:10AF20006DAF00006DAF000035AF0000AFAE0000A8
:10AF3000F3AF000004AB45490093096804F127030F
:10AF4000424604F1570000F001FE0028AFD10A216B
:10AF5000384619F00BF9AB680499D4F8EC0098471F
:10AF60000D21204619F002F91021C9E794F8DC20E0
:10AF7000D4F8D8303549D34004AD03F0010300952F
:10AF8000096843F08003424604F1570019F06BFE54
:10AF900000288CD11022294604F117001BF0B2FAC8
:10AFA00018B1042008B0BDE8F0810321204619F053
:10AFB000DDF819F072F90028F4D194F8DC3001338F
:10AFC000DBB2142B84F8DC3009D10D21204619F0B6
:10AFD000CDF81021384619F0C9F80020E2E7102119
:10AFE00004F127000CF076F9003818BF0120C000EA
:10AFF000D8E7102104F127000CF06CF900287FF449
:10B0000056AF05B3EB68F3B1114BE27A1B88ADF88C
:10B010001030A37CD20703F0010312D4002B14BF1D
:10B02000012303238DF811300023C4E93833384657
:10B030000C2119F09BF8EB68D4F8EC0004A99847B0
:10B04000CBE75B00EEE70220ACE700BF74240020F2
:10B05000B86A02002DE9F743C678012E044605D0F0
:10B060006FF01504204603B0BDE8F08319F018F81E
:10B070000546002800F0AC80071D0421384619F071
:10B0800016F8002840F0A7800321384619F00FF881
:10B0900010B16FF00F04E5E73146384619F007F8B4
:10B0A0000028F6D12846FFF721FBD5F8EC309B7A33
:10B0B000032B064642D032D8013B012B48D90B2145
:10B0C000201D18F0F4FF0028CAD1D4F8B83083B995
:10B0D00004F18806217A3246202000F0BDFBC4F836
:10B0E000B80030B9217A3246042000F0B5FBC4F82C
:10B0F000B800D4F8B830002BB2D0DA8912F0240F9F
:10B10000AED0A17A022923D9587BC007A8D503293C
:10B110001ED09206A4D51B7B102BA1D118E0042BC6
:10B12000CDD12846FFF700FB032804D1002EC6D05E
:10B13000F368002BC3D0294B1B7807E02846FFF7A4
:10B14000F3FA032804D1002EB9D0F368002BB6D04F
:10B15000D4F8B8303BB12846FFF70CFB804670B1FD
:10B160006FF068047EE7207A04F1880100F0B2FAFB
:10B17000C4F8B8000028EED16FF00B0472E70B2181
:10B18000284619F051F806460028E9D001210C3074
:10B1900019F023FE092181462846FFF743FC434668
:10B1A00089F8000032462046CDF80080062117F0CD
:10B1B000F7FC044618B130460FF01EF852E7384647
:10B1C0000F2118F0D3FF0121284618F0CFFF49E7DF
:10B1D0006FF07F0446E76FF0040443E7DA61002074
:10B1E000F8B5D0F8EC40D4F8B8300646051D43B9A0
:10B1F0000221284618F05BFF0927002851D11F21A2
:10B200004BE081BB0D21284618F051FF074620B1C5
:10B21000D4F8B80008B119F0E8FC364B1B689BB1B4
:10B220001D6805B10C3D53F80C3C13B1394620465E
:10B2300098474DB12B46ED681B681DB10C3D002BA6
:10B24000F4D1F7E7002BF1D1304619F047F9637BD1
:10B25000072B4DD1627AA37A9A4249D02046BDE8A5
:10B26000F840FFF7F7BE0139C9B20E2998BF224A4C
:10B270001B7B94BF575C092723BBD4F8B80019F097
:10B28000A1FC0023C4F8B8300221284618F00FFFB3
:10B2900038B9072FB3D8194BD95D3A462046FCF789
:10B2A00075FF0321284618F002FF0028CCD0114B6F
:10B2B0001B68002BC8D01D6805B10C3D53F8083C35
:10B2C0004BB90BE00221284618F0F1FE0028D4D13A
:10B2D000DAE70C3D23B1394620469847002DB3D01C
:10B2E0002B46ED685B68002DF3D1002BF3D1ABE763
:10B2F000F8BD00BFC82200201FA702000EA7020051
:10B300002DE9F0410B8A04460E46B3B3012106F144
:10B310000C0019F089FDA4F1EC05E83C0746042176
:10B32000204618F0C4FE40BB39780E2925D8DFF836
:10B33000508058F8313023B90721284619F05AFABD
:10B340001BE0284619F0A3F830B90321204618F075
:10B35000AEFE90B10821F0E73B78318A08EBC302DA
:10B360001279914201D00A21E7E7314658F833308B
:10B370002846984701460028DFD10020BDE8F0812B
:10B38000BC73020038B50D4B1860B0B10C480D4CC1
:10B3900012F0E2FD00250621201D18F088FE38B1CC
:10B3A0002046FFF757FA014610B1204619F022FA5D
:10B3B0000135032D04F5AC74EDD138BD74240020A3
:10B3C000BC0D0020501500202DE9F34190F8E93024
:10B3D000CF68D0F8EC5023F0020380F8E9303B78D6
:10B3E000044623B1BB7903F0C003C02B6AD105F139
:10B3F00088080722394640461BF084F888B1287A2D
:10B40000394600F0A1FA064658B10146204618F028
:10B4100057FE18B9082002B0BDE8F081304619F097
:10B42000D1FB0D21201D18F042FEB8B3297A424607
:10B43000022019F0B3FB06460028EBD0EB78D3BB13
:10B4400005F196031878012821D19A7902F0C002FB
:10B45000402A1CD1D3F80120C6F83A20B3F80530B1
:10B46000F38795F8883093B195F88E3003F0C003D8
:10B47000C02B0CD015496A46CDE90087FCF77AFD50
:10B48000701C394618F04CFE2846FCF751FE304639
:10B49000FBF79AFCC0B93046FBF7A6FC94F8E930FC
:10B4A0005B0703D50A21204618F060FEB4F8E810C7
:10B4B00021B10020AFE705F18F03C3E72046FFF776
:10B4C0008FFEF6E70A20A6E70320A4E7BB440200AC
:10B4D0002DE9F0470546A0F1E80688B004460F467E
:10B4E0003046012155F8EC8918F0D1FF002800F012
:10B4F000CA80DFB10321304618F0D9FD002800F0E2
:10B50000C2803846FBF76CFA0138C0B208289ABFEF
:10B51000634B1C5C00240221304618F027FE2146B4
:10B52000284608B0BDE8F047FFF75ABE98F80B3040
:10B53000002B00F0A8800321304618F0B8FD28B990
:10B54000284608B0BDE8F04718F0C8BF05213046CE
:10B5500018F0ADFDB8B114F8043C1B0707D514F87A
:10B56000033C1F0703D51121304618F0FFFD14F8E6
:10B57000043C23F0080304F8043C14F8033C23F0D3
:10B58000080304F8033C14F8033CD8077ED50621D1
:10B59000284618F0EBFD0221304618F0E7FD23683D
:10B5A000D3F8B830002B6ED0052118F080FD0028AC
:10B5B00064D114F8043CDB0760D523681A2101A884
:10B5C000D3F8B8700BF086FE8146002856D10621CC
:10B5D000284618F029FE804600284FD010210C3054
:10B5E00019F0FBFB3A7B01A982461AF0D3FF387BA6
:10B5F0000F2805D8C0F11002494650441AF0F2FF56
:10B6000041460022284618F094FD0721284618F0EC
:10B610000BFE804690B30A210C3019F0DEFB05AA20
:10B62000034603CAC3F80200C3F80610BDF81C2085
:10B630001A80414628461B4A18F07BFD30460D21F2
:10B6400018F035FD05AEC8B10121384619F0B6FA3B
:10B6500001AB07F14A0C1A4603CAB242CCF800000B
:10B66000CCF8041013460CF1080CF4D1334603CB8C
:10B67000BDF81C3038647964A7F8483034F8041CED
:10B6800000293FF44DAF08B0BDE8F087990701D518
:10B6900008217DE75A077FF57EAF0A2178E700BFD2
:10B6A00016A702004D4A020008B5074B074893F859
:10B6B000A23003F006039A1F53425341044A137009
:10B6C000FCF782F8002008BD60000020E4040020A0
:10B6D000DA6100202DE9F74FDFF8E48007460E46D7
:10B6E0000025032418F8013CBB420CD131464046EA
:10B6F00019F043FA38B1334A602303FB05221046A0
:10B7000003B0BDE8F08F032C06D12F49404619F055
:10B7100034FA002818BF2C460135032D08F16008C3
:10B72000E0D1032C274D3AD14FF00008DFF89CB050
:10B73000A9464446C2466A4659460F208DF800A0E5
:10B740008DF80180FCF716FC9DF8003033B90CB37E
:10B75000D9F85C20E36D9A4238BF4C4608F10108E5
:10B76000B8F1030F09F16009E5D18CB104F10108CA
:10B770006846414619F00BFA01462078FBF70EF9AE
:10B780001149404619F0F9F910B1641BC02C03D9D6
:10B790000022B4E74C46E1E70D4B64115C436023A3
:10B7A0005C432A192F5501343146281919F0EFF955
:10B7B00008490B6801330B60D365074B1A609EE79D
:10B7C0008124002080240020B8A4020085B9000054
:10B7D000ABAAAAAA7C240020782400202DE9F341FA
:10B7E0000C4C05460E46174604F59078B4F80D301B
:10B7F0004BB114F8013CAB4205D12146684619F023
:10B80000C6F93946B04760344445EFD102B0BDE8CF
:10B81000F08100BF812400202DE9F041084C05464D
:10B820000E46174604F59078E3892B4202D039463C
:10B830002046B04760344445F6D1BDE8F08100BFF2
:10B840008024002008B5034900220220FFF7E4FF0E
:10B85000002008BD8B4B02002DE9F0410E4D06463D
:10B860000F4690460024B5F80D3033420CD015F841
:10B87000013CBB4208D14146284619F07EF918B177
:10B8800006482044BDE8F0816034B4F5907F05F1AE
:10B890006005E8D10020F5E7812400208024002005
:10B8A0002DE9F0410B78012B07460D4602D0002010
:10B8B000BDE8F0818B7903F0C003402BF7D11F4E18
:10B8C000002401F1010836F82C3C9A070CD516F833
:10B8D0003A3CBB4208D10622314640461AF012FEDD
:10B8E00010B917482044E3E76034B4F5907F06F1BF
:10B8F0006006E8D1134E002436F81C3C9B0716D591
:10B9000016F82A3CBB4212D105F1010841463046E7
:10B9100016F04AF858B10A4BD5F8010004F13A0282
:10B92000D1189850B5F805208A80E018C0E7603437
:10B93000B4F5907F06F16006DED1B8E7BA240020A6
:10B9400080240020AA240020F8B50C4D06460F469E
:10B95000002415F8013CB34207D13946284619F0B6
:10B960000CF910B106482044F8BD6034B4F5907F5E
:10B9700005F16005EDD10020F6E700BF812400202D
:10B980008024002038B5427B072A0C4611D1057A65
:10B9900017F077F801462846FFF7D6FF48B16378DD
:10B9A000044A03EB430302EB4313984204BF012311
:10B9B000237038BD8024002070B5054698B0144629
:10B9C000184675B3542203A9A047041E29DB01A918
:10B9D000284616F055F8064618BB6946284614F066
:10B9E00065FD0098B8B9FCB101A90020FFF772FE0F
:10B9F000054648B3542C01D0502C22D1224603A92D
:10BA000005F10C001AF0C6FD114BEA6D19688A4267
:10BA100014D91A6012E00A22314613F001FB002803
:10BA2000E1D06FF0150609E001AA21463F20FFF79B
:10BA300013FF18B1602221461AF0D4FD304618B029
:10BA400070BD19F0BFF8ECE76FF00B06F6E700BF2A
:10BA50007C24002008B5FFF777FF48B1054A13683A
:10BA6000834205D0044910600B6801330B60C36545
:10BA700008BD00BF782400207C2400202DE9F04779
:10BA80009AB01D46DDE923972E4B16460CAA844634
:10BA90008A4603F1300E904618685968144603C46C
:10BAA000083373452246F7D118681B79206023714B
:10BAB0006146202204A819F0A0F823486B462022F2
:10BAC00004A919F0B2F80446C0BB102251460DF18A
:10BAD000350019F092F8102231460DF1450019F0A9
:10BAE0008CF82946062211F8013B8DF855300DF1EE
:10BAF000560019F082F82299062211F8013B8DF8C0
:10BB00005C300DF15D0019F078F84B463522414666
:10BB1000684619F08AF8044680B9484619F077F863
:10BB200001238DF8303035223B464146684619F0F6
:10BB30007CF8044610B9384619F069F820461AB066
:10BB4000BDE8F087BA6A020068A7020070B598B035
:10BB50000E4614460146202204A81D4619F04DF851
:10BB6000202231460CA819F048F81022294614A8C2
:10BB700019F043F810222146684619F03EF86B464A
:10BB8000502204A9184619F050F840B9039B054A01
:10BB90001BBAB3FBF2F102FB11331C9A136018B00D
:10BBA00070BD00BF40420F0000F1070C2CF0030CE9
:10BBB00010B4541E1860A4B2ACF80020023A93B23C
:10BBC00001FB04F24FF0000C40F802C074B103FB1B
:10BBD000011403FB01F22044121B4FF6FF7C013BD2
:10BBE0009BB263458050A0EB0100F8D110BC7047B8
:10BBF0000346006810B102680AB91A60704700F184
:10BC0000070C2CF0030CD11DBCF800C021F003017F
:10BC10000CF1FF3CA1F800C0EFE700BF0B687BB15F
:10BC2000073323F003031A88013292B20346D1F896
:10BC300000C043F807CB23F003031A800860704765
:10BC40000122F3E702FB0100704700BF401A90FB9E
:10BC5000F2F080B2704700BF531E11449BB242B154
:10BC6000DB430138CA1811F8013D00F8013F914249
:10BC7000F9D17047014402E010F8013B1BB988423A
:10BC8000FAD1002070470120704700BF10600860A3
:10BC9000704700BF0A6803460068904205BF002253
:10BCA0000A6000201A607047D2F800C0CCF800008B
:10BCB000D2F800C0CCF8041010607047884203D05E
:10BCC0001AB1436813607047002070470B688342C5
:10BCD00009D02AB1586810601A680A60184670477F
:10BCE000002BF9D1FAE70023F8E700BF2DE9F04176
:10BCF000DFF830800C4E0C2706F130044546221D3B
:10BD0000214628460C3CFFF7C1FFA642A5F10805D5
:10BD1000F5D1043F3B1DA8F12008A6F13006EBD178
:10BD2000BDE8F0811C260020A826002010B40346A0
:10BD30008C469AB101EB4101144803EB430409011D
:10BD400001EB84010144487A0C7AA04204BF01301F
:10BD5000087210BC614618460DF0C8BF01EB4102E5
:10BD60000A4C120100EB400302EB830323449C7A4C
:10BD7000DA7AA24201D010BC704701329A72044BA9
:10BD800001225A5410BC0EF005B800BF2426002032
:10BD9000A0250020F8B506461C460D4602B32278C1
:10BDA0006378D21A12F003023AD1274F71004FEA9A
:10BDB000450C3144AC44890001EB0C1101330431D2
:10BDC000DBB27A18606823702146FFF76DFF1F4BC6
:10BDD0000122294630465A550DF0DCFF0020F8BDFF
:10BDE0000DF0C2FF0028DAD0294630460DF09CFF46
:10BDF0000028D4D005EB450206EB4601124F6378CC
:10BE0000120102EB81023A447100907AD27A904298
:10BE10004FEA450C0CD02078C01A10F00302C8D0AD
:10BE2000012A03D00133DBB22370D0E71046F8BDFE
:10BE30002278D21A920702D00233DBB22370D4E9FF
:10BE400002039847CAE700BF24260020A02500204F
:10BE50002DE9F04FDFF8649119F8003089B0002B1C
:10BE60005AD0DFF85CA13C2204234FF0000B00EB1A
:10BE7000400712FB00330324CDE904BB09F800B0EE
:10BE80000AEB0717039302948346B8460023B96A66
:10BE900058F8240F079307AAFFF710FF044607AAD4
:10BEA000B4B1079D2E786978761A06F00306012E44
:10BEB00035D02B78591A01F003010129DBB23DD1AD
:10BEC000D7E90901FFF7FAFE044607AA002CE8D1DA
:10BED00097F82E3097F82F209A4203D087F82F300A
:10BEE0000123049397F82C3097F82D209A4203D021
:10BEF00087F82D3001230593029B5D1EEBB2FF2BCB
:10BF00000293A7F10C07C0D1049AD846DDF814B00B
:10BF100012B1BBF1000F45D009B0BDE8F08F013977
:10BF20006970079BD3E902039847079D2A786978CF
:10BF3000D3B2521A02F00302012A21D0B86A019347
:10BF400000224146FFF7C2FE6C60019B6A786B706D
:10BF50002B789B1A03F00303012B08D0D7E90901C2
:10BF600007AAFFF7ABFE012E044698D10EE0039B13
:10BF70006A70294620460AEB0302FFF795FEEDE7BB
:10BF8000D7E9090107AAFFF799FE0446029B8BB186
:10BF900001235946584609F80B300DF0FBFE09B055
:10BFA000BDE8F08F5A464146404609B0BDE8F04F23
:10BFB0000DF09CBE002C8BD0EAE700BFA02500202E
:10BFC000242600204B1EDBB271B1411E00EB030C96
:10BFD000002011F8013F23B15A1E01301340C0B2B6
:10BFE000FAD16145F5D170470846704730B5037EF8
:10BFF0000568FF2B14D003EB43028B4205EB0212C2
:10C0000027D04FF0000C01E099420BD09E461378E8
:10C010009468FF2B03EB4302A44405EB0212F3D117
:10C02000002030BD714517D00FFA8EFE137890684E
:10C030000EEB4E0E4FEA0E1EFF2B05F80E3006D00B
:10C0400003EB430305EB03139A6802449A606044D0
:10C0500030BD9E464FF0000C13780376E4E700BF36
:10C06000A2EB010C1CF4000F10B4836844690AD1E0
:10C070002CF07F4C6344A3420DD8E41A00234461A2
:10C08000836010BC7047891A21F07F418B4208D928
:10C090005B1AA342F1D91B1B00244461836010BCCE
:10C0A00070470C44E41AE9E72DE9F843284DBDF840
:10C0B0002C7004464FF02C0E0EFB045E084604EB79
:10C0C000840104EB4104DEF8041001EBC00605EB2B
:10C0D0008405F47811F83080717804F1010C5FFA6E
:10C0E0008CFCE04598BF4FF0000C61452DD0716885
:10C0F00004EB44044FEA041901EB04144FF0040864
:10C1000001F809806360089BA360099BE3600A9BB8
:10C1100023610C9BA361119B63620D9BE3610E9BEA
:10C1200023620F9BA362109BE36202236270A782CB
:10C13000A37086F803C0DEE9083698472B464146CF
:10C140000022B047A078BDE8F8830120BDE8F8835D
:10C15000E42600202DE9F04F0346407AD3E900455C
:10C1600087B0002800F0FC80421ED2B205EBC2026C
:10C170009A468B46039205952346039A5168567852
:10C180000491BBF1FF0F66D00BEB4B044FEA041890
:10C19000CDF804B013F808B003EB041400254FF0F9
:10C1A000FF0C84F800C0DAF800709AF8182007EB4A
:10C1B00008096245D9F8081018BF02960ED1C9E0E7
:10C1C000091A06D1B9F81E80BEF81EE0F04500F24B
:10C1D000B580B85DFF2894466DD0024602EB42065A
:10C1E00007EB061E3601DEF808008842E8D9029EF9
:10C1F000C9F80810BCF1FF0F89F8002064D00FFACD
:10C200008CFC0CEB4C0C4FEA0C1C019807F80C0052
:10C21000FF2A06D002EB420207EB0217BA68521A55
:10C22000BA60A27801326270002DAAD0AA6A4FF0DB
:10C2300000012970A97022B1E96A0193002090479A
:10C24000019B6268002A9CD1AA6A2262EA6A626241
:10C25000BBF1FF0F98D1039A049F9278994606EBA1
:10C260004601701CB2424FEA011CC6B207EB011531
:10C2700067D0039B17F80C101878B04208BF00264F
:10C280000429ECD16A7802EB420809EB081401207A
:10C2900094F801E0A1788E454FEA081818D04FF0C5
:10C2A000000307F80C30AA6AA8700AB1E96A90473F
:10C2B000039B9A78D3E70246BCF1FF0F029EC9F8B0
:10C2C000081089F800209AD101988AF818009FE791
:10C2D0000192AA8ADAF814104FF6FE7082424B4699
:10C2E00007D04FF6FF70121AB2FA82F2520984F8A0
:10C2F0002C206A6AA262EA6862602A692262AA8ABB
:10C3000002934FF6FD739A4288BF0022A283AA6966
:10C31000A261EA69E2602A6A2261AA68A260002337
:10C3200063616A6820461F46FFF79AFEE278029B27
:10C33000676242F00102E783E27030E7029E014645
:10C3400056E70399059881424B46A1F1080207D0B0
:10C35000039212E707F80820019A8AF8182060E78C
:10C3600007B0BDE8F08F00BF2DE9F04F447E0123F8
:10C370008BB08376002C42D1037EFF2B06463DD046
:10C380000CF0C6FF7269F369357ED6F800A0801AFA
:10C3900020F07F47BB4294BF00230123FF2D02936F
:10C3A000A34600F087800494B14605EB45050AEBEF
:10C3B00005142D01A368BB427AD8A0781AF805505D
:10C3C000FF1A9B4463781B1ADBB2012B6DD1A36962
:10C3D000A26A0393B3B9002A00F092801668002E77
:10C3E00033D0029BC3B9D9F81C309B4514D3FF2D21
:10C3F00000F000810423E18B9C4690E084760BB032
:10C40000BDE8F08F029B23B9D9F81C305B4540F2A0
:10C4100081803AB1166816B1137A002B73D04FF0B1
:10C4200000031372E38B94F82C2001339BB2E38357
:10C43000002A5BD0A28B9A4258D2A26A002A00F04E
:10C44000D680137A012B51D0012600235168536006
:10C45000A36A4FF000021A72A078D4F80C80013859
:10C46000A070B8F1000F20D06069D9F81430626A6A
:10C47000D4F810C0ABEB00001844E37820F07F4004
:10C4800003F00103002E35D1B4F81EE0CDE9003CE5
:10C490007346C047E378E68366F30003E370A3695D
:10C4A000002B029B18BF01230293FF2D7FF47DAF69
:10C4B000049C4E46F37AB27A9A4207D10132D2B244
:10C4C000022A1ABF144623460023F47206EB8303A4
:10C4D0000022C3F80CB0746AB276334601220421FC
:10C4E0000320A4460BB0BDE8F04F6047A378013BA2
:10C4F000A370DAE7CDE9003C4FF6FF73C047D4E7FD
:10C5000016460021A9E7A18BE38B994287D8012326
:10C51000137287E7FF2D4DD0039BE18B9C46A38BC5
:10C520006668994224BFCB1A99B205EB45030AEB22
:10C53000031301FB0661059199688C45E64639D3E2
:10C54000CDE9067B8846A34608953446099098694C
:10C5500000B3DF8BB3F81CC05E6867452DD2002E98
:10C5600043D1BAB13546166826B1039911B9404492
:10C57000864246D867450DD3D9789BF8030001F071
:10C58000010700F00106B74236D84140C90701D47F
:10C59000002D31D11B78FF2B07D003EB43030AEBAF
:10C5A000031399688844F045D1D95C46DDE9085009
:10C5B000DDE9067B6AB3002647E796B1A7EB0C05D9
:10C5C000ADB254B105FB06656D1A0599A9422CBFA1
:10C5D00000250125002AC6D1CCE72546002AC2D174
:10C5E000C8E7002ABED11546C6E73D46E9E7A07870
:10C5F000012686E7029E28E75C46089DDDE9067B6A
:10C6000007E75C46089DDDE9067B002E3FF407AF97
:10C6100002E71646114620E72DE9F04F8FB0837EE2
:10C620000090002B40F09A82437E0C93002B78D12F
:10C630000098837AC27A012141769A424169079132
:10C6400000F0EB830133DBB2022B00990ABF0C9A96
:10C650001A46134601EB82028B72D268079B059241
:10C66000134423F07F434B6101230B93009C267EF0
:10C670000CF04EFE677A236801937B1E6568049078
:10C68000DBB2002F00F0D28405EBC30A0027FF23A2
:10C6900003930D960897DAF804B00024A9469AF897
:10C6A00003009AF802800FFA88F505EB450508F1BA
:10C6B000010340454FEA0517DBB20BEB051500F00F
:10C6C00013819AF800209A4208BF00238AF80230AA
:10C6D0001BF807206978042A39D9019801EB410336
:10C6E00000EB0316082A4FEA03130293B07873781D
:10C6F00021D81B1A13F0FF032BD1062A1BD1009B54
:10C70000DB7E8B4250D00BF80740AB6AAC70002B3D
:10C71000C5D00020E96A98479AF803009AF8028089
:10C72000C1E7446A0421034601220420A4460FB055
:10C73000BDE8F04F60470BF807404FF00103AB70C6
:10C74000AB6A002BABD0E96A01209847A7E798466F
:10C75000A9E7052A1FD16A684AB9AA683AB9EA68FE
:10C760002AB92A691AB96A6932F07F42E3D0012BEB
:10C770001CD0009B04215C6A4D4601220846A0475C
:10C780000123AA4508938AF80280AAF1080300F061
:10C79000B1809A467FE7012B00F09681062AE8D106
:10C7A000009BDB7E8B42AED16968AFE1DDF8008093
:10C7B0004046FFF71BFCB060D8F81410049B059AA4
:10C7C0005B1A23F07F431344984240F2B781C01AAA
:10C7D0007368002B56D0AB8A002B53D0013B9AB222
:10C7E000AA82D6F804C0F38B604526D90CF1010863
:10C7F000CDF8189009911BE0726ADFF8F8917E4934
:10C800009144894584BF02F1E87202F5D432C646EC
:10C81000316A94BFE64602F5A572013BA0EB0E001B
:10C82000521A9BB260457262F38340F2ED81AA8A8C
:10C830009342E1D8DDF8189009999A4221D9CDE9BF
:10C8400009910CF10102D6F820E00692726ADFF835
:10C85000A4916949724491448945E04607D8A2F100
:10C86000E872A2F5D432DDF81880A2F5A572013382
:10C870009BB27262F383AA8A9A424044E6D8DDE909
:10C880000991B2836B680344B360AA687369B06AA4
:10C890001344736128B103681BB1D5E901329B1AB7
:10C8A0004360049A3046FFF7DBFBEA68B369134440
:10C8B000B3612A6993428CBF9B1A0023B361AB7D9D
:10C8C0001BB1F27863F30002F270EB7D13B1013B10
:10C8D00086F82C30DDE90121039B535473786A7884
:10C8E0000392013373700EE74D46AA45AAF108037F
:10C8F0007FF44FAF0D9E089F00990B9B91F818B0E5
:10C90000BBEB060518BF0125002B00F09581079AA7
:10C91000049BBBF1FF0FA3EB02030A68019223F013
:10C920007F484ED0DDF814A00695CDE908674FF09A
:10C93000000956460D46019A0BEB4B0302EB03141C
:10C940004FEA031AA268B24200F23A83A1786378F0
:10C95000E08B5B1AE9698A42A6EB02069144A8EBD8
:10C96000020831BF891A4FF0FF320021EA76E961EF
:10C97000A269DBB212B1022B00F04B810022A2604F
:10C98000019A12F80A202A766168002940F0048191
:10C99000A26A1AB1127A012A00F0E3803BB1012B9E
:10C9A00000D020B1236A13B1616A01209847A378AF
:10C9B000637095F818B0BBF1FF0FBCD1DDE90867D3
:10C9C000069D009C0B9B039920465E4518BF1D46A3
:10C9D000FFF7C0FBD4F800B001954FF0000CB24651
:10C9E000009B1A7EFF2A104600F038831146FF266E
:10C9F00005E000BF5A2B17FF592B177F19460BB2C2
:10CA000003EB43030BEB03151B01AC6A2CB194F849
:10CA100008E0BEF1010F00F004821BF80330FF2B89
:10CA20000E46EBD1019D5646BCF1000F00F00A8185
:10CA3000924500F0DE82002F00F027811046FF288B
:10CA400000F01783FF2E00F00083DDF800A0DAF875
:10CA5000003000EB400003EB0013D3F808B0BBF14B
:10CA6000000F00F0C2820CF053FCDFF8A882AA4F3E
:10CA7000AA4E0A250246DAF814300192D11A21F0A2
:10CA80007F418B4505F1FF3501F103015CD9594523
:10CA90002CBF5B185B4423F07F494846DAF8283006
:10CAA00098470CF035FC019AA9EB0203821A22F098
:10CAB0007F42033223F07F439A42044646D9002D39
:10CAC00000F0D4802246D6E7062A3FF418AEDDF8FF
:10CAD00000804046FFF78AFAB378B060737098F828
:10CAE0001B206B789A427FF40EAE1BF80730062BA2
:10CAF0003FF45AAE009AFF23D3761BF80730062B7B
:10CB00003FF452AE082B3FF44FAE0499009B5A6994
:10CB10008B1A1E0209D4059A23F07F43134400990F
:10CB2000CA699A4288BFCB61EDE5059B521A22F093
:10CB30007F4293428CBF9B1A0023F0E77269134433
:10CB40001B1A7361002043E601230C93009A002313
:10CB50005376937E0C9A1A4340F083800FB0BDE861
:10CB6000F08FA378A6606370079B696903EB0902E5
:10CB70002046FFF775FA019A039B02F80A306378A2
:10CB8000CDF80CB00133DBB2637095F818B0BBF18F
:10CB9000FF0F7FF4D0AE11E7A36A13B11B7A012B0C
:10CBA000DFD0B4F81EC0BCF1000F40D1B4F81CC0F7
:10CBB000E646481C0290D4E90873002204947046AB
:10CBC00004E001388E46441C724412D0DFF850E174
:10CBD000544C3B449E44A645F3D8DDF808E0A3F14D
:10CBE000E8730138A3F5D433441CA3F5A57372444C
:10CBF000ECD1049C94F82C006362002800F0E380E0
:10CC0000A260A4F81EC0AFE7DDF818900999AA8ABF
:10CC100013E600287FF4B2AEA26A1AB1127A012A92
:10CC20003FF4ACAE85F81BB0A269EA61A6E6A37832
:10CC300063704FF0000EBCE7009C03992046FFF79D
:10CC400089FA227E96427FF4F6AE002F00F0F18141
:10CC5000009B002D40F050825D769B7E002B3FF4C0
:10CC60007DAF009B01225C6A03215EE540F6C13383
:10CC700042463946304613F0D9F8404080F31188D7
:10CC80004FF0030002DF2246F5E6009B597A5C680C
:10CC90004B1EDBB2012500293FF4D0AECDE907568B
:10CCA00004EBC30301930694019B5E78DA785B681A
:10CCB000B24218BF1D4671D036B206EB46063301AC
:10CCC00005EB0616EB5C012B53D0022B5BD1D6E9AA
:10CCD00001C133699CF80040D6F80CE00593009B35
:10CCE000DEF80080D3F800905869FF2CD6E905AB38
:10CCF00002D00B68834260D0009B4FF000081C7E7E
:10CD00000860FF2C31D0CDE90256CDF810C0564650
:10CD1000F24613E034740200E8760200CC7402009C
:10CD20005A2B17FF592B177FBA684244B04788B96E
:10CD300019F80540BB68FF2C984438D004EB440533
:10CD400009EB05172046B9695B462D01002EEBD192
:10CD50000029EDD00599DDF810C0BB68DDE9025669
:10CD6000D64609B17A6A0A6098448CF80040CEF839
:10CD70000080B36A4FF00002B27013B1F16A002074
:10CD80009847019BDA7801994E780B780136F6B214
:10CD9000B34208BF0026B2424E708DD1019A069967
:10CDA0008A42A2F1080300F0088101937CE7DDE9E3
:10CDB0000256DDF810C0D646D7E704EB4404230141
:10CDC00019F803409DE790457FF61AAF8646481C48
:10CDD0000290029C0A95704605E08E46724401302E
:10CDE000904580B212D9DFF8BCE2AF4D3B449E447F
:10CDF000AE45F2D8A646A3F1E8737244A3F5D43346
:10CE000001309045A3F5A57380B2ECD8049C0A9D2F
:10CE1000636260441FFA80FCF2E60C9B0B9305935F
:10CE200024E4009A0598D269D4F804C01BF803E002
:10CE3000CDF828C0904234BF121A00222068029216
:10CE4000AA69CDF824E084459046039280F0C3801F
:10CE5000002A6246A0EB0200724614BFC1464FF0A2
:10CE60000409FF2A00F0BA8048450246C0F0B680A7
:10CE70000020CDE90675CDF810A01746DDF808A012
:10CE8000099A08940993CE46039B8046844621E084
:10CE9000646874B3BCF1040F2ED9ACF104004044B3
:10CEA000B84228BF3846704526D963B3B0EB0900B5
:10CEB00001D0504534D2E04405EB080AA7EB090045
:10CEC0001BF802204FF0000CFF2A29D009EB080EB6
:10CED000774525D302EB42020BEB02141201A56841
:10CEE000AC44A56A15B12D7A012D02D0A569002D9B
:10CEF000CED11BF80220E7E7E04405EB08008246AC
:10CF0000002BDDD0DAE7BAF1000F04D0A0EB090066
:10CF1000824540F2E780E04405EB08008246CFE717
:10CF2000DDE90675DDE90843DDF810A0DDF828C06D
:10CF3000AA688444ACEB02026260A8601BF803C0DC
:10CF4000BCF1FF0F31D04FF0FF099E4600E0944640
:10CF50000FFA8CF202EB42020BEB02181201D8F826
:10CF60000830834280F09480C01AA8601BF8022029
:10CF7000FF2AE146EBD17346BCF1FF0F15D0FF2E1F
:10CF80001BF803205ED036B206EB460636010BF8DE
:10CF900006200FFA8CFC0CEB4C0C4FEA0C121BF821
:10CFA00002000BF803000BF80210EB8B013BEB8344
:10CFB000022323724FF0010C12E5DDE9075647E624
:10CFC000B246009B069D099F089EA2EB0A02A26042
:10CFD00093F818B0F5E4039B184317D0AB680A9A8E
:10CFE000D31A63600023AB60DFE7009B83F819B0BE
:10CFF00037E6002F7FF429AD009B5A7A5C68531EF8
:10D00000DBB2002A3FF421AD654647E6274A2849AE
:10D01000284840F66A1312F009FF404080F3118857
:10D020004FF0030002DF63680A93D7E7FF230393FF
:10D0300062E4009B5A7A5C68531EDBB2002A7FF4DC
:10D040002DAE05E600980276A3E70CF061F90446E0
:10D050000CF028F9009BC0B1187EF6E4019D5646FD
:10D06000BCF1000F3FF4EEADFF2E25D0002F3FF4B2
:10D070000CAE0CF027F9044648B3009A002353760F
:10D08000937E002B7FF4EDAD68E5187E5C61DCE4F7
:10D0900072469E46AEEB00001346C8F80800CC4628
:10D0A0006AE700BF5A2B17FF592B177F3474020011
:10D0B00074740200CC740200002FDAD1009B5A7AFB
:10D0C0005C68531EDBB2002AD3D06546E6E5009DBE
:10D0D000E8610CF01DF96C766861AB7E002B3FF4C3
:10D0E0003DADBEE5CDF808A0DDE90675089CDDF88C
:10D0F00010A0099B029819E7187EA0E4F8B5069ED7
:10D100009DF81C50089CB8B9144F3A605A1E3972E9
:10D110007B727E60D2B273B106EBC20254601146DC
:10D1200012F808398E4203EB4300A5EB030304EB2E
:10D130000014DDB2F2D10DB10120F8BD099B3B62B4
:10D140000A9B7B62FF240B9BBB623C760CF0E0F8F1
:10D150007D817861FC76FD612846F8BDE4260020DB
:10D16000044B2C2202FB0033187A003818BF012030
:10D17000704700BFE426002010B40A4B2C2202FBAB
:10D180000032546A5CB100EB800200EB420003EB1A
:10D190008003A446012210BC03210220604710BC7A
:10D1A000704700BFE426002010B58AB00C9C0094A4
:10D1B0000D9C01940E9C0294BDF83C400394109C7D
:10D1C0000494119C0594129C0694139C0794149C3F
:10D1D000089400240994FEF767FF0AB010BD00BF51
:10D1E00010B4BDF81040049410BCFEF75DBF00BF42
:10D1F0002DE9F84F294DBDF834609DF8388004467C
:10D2000008462C2101FB045104EB840704EB47047E
:10D2100005EB84054C6804EBC00E14F830909EF8C2
:10D2200003409EF8017004F1010C5FFA8CFCE145AB
:10D2300098BF4FF0000C67459DF844902AD0DEF867
:10D24000047004EB44044FEA041A07EB04144FF093
:10D25000050B07F80AB063600A9BA3600B9BE360B1
:10D260000C9B23610F9BA362109BE36202236270FD
:10D27000A68284F8168084F81790A3708EF803C0F5
:10D28000D1E9083698472B4600220421B047A07800
:10D29000BDE8F88F0120BDE8F88F00BFE42600202C
:10D2A00010B588B00A9C00940B9C01940C9C0294CD
:10D2B000BDF8344003949DF8384004940F9C0594C5
:10D2C000109C069400240794FFF792FF08B010BD4D
:10D2D0002DE9F0411E4D064608462C2101FB065E55
:10D2E00006EB860406EB4404DEF8046005EB8407D5
:10D2F00006EBC00516F83060EC78697804F1010C93
:10D300005FFA8CFC664598BF4FF0000C61451BD05E
:10D31000696804EB4404260101EB04144FF007088C
:10D3200001F80680A362069BE36202236270A37089
:10D3300085F803C0DEE9083598473B460022042102
:10D34000A847A078BDE8F0810120BDE8F08100BFCA
:10D35000E42600202DE9F0411F4D064608462C2109
:10D3600001FB065E06EB860406EB4404DEF804606F
:10D3700005EB840706EBC00516F83060EC78697899
:10D3800004F1010C5FFA8CFC664598BF4FF0000C6D
:10D3900061451DD0696804EB4404260101EB0414C7
:10D3A0004FF0080801F806806360069BA362079BA4
:10D3B000E36202236270A37085F803C0DEE90835DA
:10D3C00098473B4600220421A847A078BDE8F08199
:10D3D0000120BDE8F08100BFE42600200BF098BFDB
:10D3E000401A20F07F40704701480021704700BF7D
:10D3F0007F410100022801D00120704738B5044662
:10D4000008461D4603F08CFC10B10020287038BD82
:10D41000204638BD002303700B70704738B50546B1
:10D4200000200C4603F04EF970B93DB9074B44B1EA
:10D4300020681860A2889A80002038BD044B002C18
:10D44000F6D11C609C80F7E70C2038BD182700201F
:10D45000102700200128034605D8044A0448002B61
:10D4600008BF104670470020704700BF18270020F3
:10D470001027002001280AD8064A074B002818BFA9
:10D480001346186808609A888A80184670470023F7
:10D4900018467047102700201827002010B50446B2
:10D4A0000AF0C4FA50B90AF0E3FEC0B90BF0FCFA76
:10D4B00030BB2046BDE8104010F04EBD194A1A4955
:10D4C0001A4840F6ED0312F0B1FC404080F3118899
:10D4D0004FF0030002DF0AF0CBFE0028E6D0114A2D
:10D4E0001149124840F6F20312F0A0FC404080F3CC
:10D4F00011884FF0030002DF0BF0D6FA0028D8D0D5
:10D50000084A0949094840F6FE0312F08FFC4040E2
:10D5100080F311884FF0030002DF2046BDE8104081
:10D5200010F01ABDEC74020028750200CC740200E1
:10D530000860014810F010BD6435002010F00CBDEB
:10D540002DE9F84F2A4D0C78AB788A4629799C4210
:10D5500028BF0C46A242297842D014FB01F105F104
:10D5600008070134E4B2A34208BF00247B18795AAB
:10D5700001809346814600264FF001081CE00128F7
:10D580002BD012225A608AF80040A8782B7929788B
:10D59000A04288BF23469B4523D013FB01F10133F2
:10D5A000DCB2A04208BF002437F801C0B9F800007F
:10D5B000844507EB010314D1586860B1FF28DED918
:10D5C000017901F00301013901290DD912215960B6
:10D5D00003F0C0FBD7E7C3F804800136F6B2D2E708
:10D5E00000263046BDE8F88F0136F6B20121EEE79D
:10D5F0003C0500202DE9F84F3D4F3B88984268D903
:10D6000013F0FF062CD03B4DDFF8EC806C79DFF88F
:10D61000EC9005F1080AAA782B790134E4B2A24211
:10D6200008BF0024A34240461CD0FEF7E1FA83461F
:10D630004846BBF1000F13D0FEF7DAFA00284AD0B3
:10D64000C0F800B06B792A7813FB02F34AF80300A4
:10D650003B886C71013E013B16F0FF063B80DAD13E
:10D66000BDE8F88F3B88002BFAD0DFF89490224D6C
:10D6700099F80540214E09F1080899F8022099F817
:10D6800004300134E4B2A24208BF0024A342284679
:10D69000E6D0FEF7ADFA82463046BAF1000FDFD091
:10D6A000FEF7A6FA0023E0B1CAF80430C0F800A0E3
:10D6B00099F8053099F8002013FB02F348F80300AD
:10D6C0003B8889F80540013B9BB23B80002BD4D1BD
:10D6D000C6E7064697E758460749BDE8F84FFEF704
:10D6E0009DBA50460449BDE8F84FFEF797BA00BF0F
:10D6F000602700208805002064270020E8270020FC
:10D70000640500202DE9F04FDFF87C82DFF87C9281
:10D71000DFF87CB2DFF87CA287B0D8E9000103AA69
:10D72000FEF7CCFA0546002834D0039B002B71D0BD
:10D73000187804AA02A903F0BDFF0446002855D0BA
:10D74000DDE90313BDF808200F78ADF80A20059332
:10D7500005AE0DF10A0503F0C7FF2146059ABDF895
:10D760000A0004F009F8204603F07CFF32462946FF
:10D77000384603F09FFF04460028ECD1D9F800009A
:10D7800010F0EAFBD8E9000103AAFEF797FA054674
:10D790000028CAD104AA02A90DF1070003F06EFF08
:10D7A0000446002845D0049B05939DF80770BDF8FA
:10D7B0000830ADF80A3005AE0DF10A0503F094FF0C
:10D7C0002146059ABDF80A0003F0D6FF204603F073
:10D7D00049FF32462946384603F06CFF04460028CC
:10D7E000ECD16A4B186810F0B7FB96E7039B0593E2
:10D7F0001B79013B172B1FD8DFE803F02C3F851E58
:10D800001E1E1E1E1E1E1E1E1E1E1E1E1E1E1E1E38
:10D810001E1E7A2C604840F69A135A46514612F062
:10D8200005FB404080F311884FF0030002DF039BAB
:10D830007EE707B0BDE8F08F554A5849564840F694
:10D84000323312F0F3FA404080F311884FF00300B6
:10D8500002DF62E74C49D8F804000022FEF736FAEE
:10D860004F4B05995B7928460B704E4AFEF71CFA20
:10D87000464B186810F070FB4FE74349D8F8040096
:10D880000022FEF723FA059EF46934B12378002BB9
:10D890006BD02378013BDBB2237096F8203023B1A4
:10D8A000012B54D13046F3F7F3FA3F4A002386F8B0
:10D8B00020305379917810790133DBB2994208BF57
:10D8C00000239842117834D03560507900FB012153
:10D8D0008E605371002C3FF420AF2378002B7FF42F
:10D8E0001CAF6369002B3FF418AFA069984714E799
:10D8F0002549D8F804000022FEF7E8F905992846E2
:10D9000003F0F0FC09E705A9284603F013FD1E49C2
:10D91000D8F804000022FEF7D9F9059900293FF450
:10D92000FCAE0B792C2B3FF4F8AE1D4B28465B79EF
:10D930009AE7174A1D49184840F6A13312F076FAC3
:10D94000404080F311884FF0030002DFC2E7104A25
:10D950001249114840F69A3312F068FA404080F3B9
:10D9600011884FF0030002DF9FE7094A10490A4877
:10D9700040F6433312F05AFA404080F311884FF0DA
:10D98000030002DF85E700BF582700206035002034
:10D99000EC74020030750200CC7402004C75020079
:10D9A0003C050020542700208C0600205075020002
:10D9B000347502002DE9F047DFF8CCA0334F82B078
:10D9C00080468946AAF104050023C8F80030D7E94B
:10D9D000000101AAFEF772F90646002842D0019B19
:10D9E00051461A784846FFF7ABFD0346002840D160
:10D9F0002A798DF801206A790DF101010DF10200FB
:10DA00001C46FFF79DFD44EA000212F0FF020346A8
:10DA1000F1D1019B197901292FD11D4C7868394624
:10DA2000FEF754F9211D3046FEF7F8F82388092B3C
:10DA300009D80198174901332380FEF7EFF8012038
:10DA4000FFF7D8FDC0E7144A1449154840F28A632D
:10DA500012F0ECF9404080F311884FF0030002DF30
:10DA60002388E6E70F4948464A790431FFF768FD05
:10DA70000346184602B0BDE8F087C8F800301346E8
:10DA8000184602B0BDE8F08740050020502700206E
:10DA900060270020E8270020EC7402006075020077
:10DAA000CC7402003C05002070B55E4982B00023B2
:10DAB0004868019301AAFEF709F90446002864D0DA
:10DAC00059492046FEF7AAF8019A13791D2B10D860
:10DAD000DFE803F01E0F0F1E0F0F0F0F0F0F0F0FBA
:10DAE0000F0F0F0F0F0F0F0F0F0F0F2F1E1E1E1EEA
:10DAF0001E1E4E4A4E494F4840F2425312F096F9CC
:10DB0000404080F311884FF0030002DF02B070BD87
:10DB1000002BFBD1454A4849464840F23E5312F09B
:10DB200085F9404080F311884FF0030002DF02B016
:10DB300070BD137F3C2B36D0537FC3B193681C68F4
:10DB4000606E20B100233D496366FEF767F894F8E4
:10DB50006A306FF3000384F86A30002002F0B2FDEF
:10DB600010F0FF00D2D109F037F802B070BD2F4A93
:10DB70002F49304840F2C94312F058F9404080F331
:10DB800011884FF0030002DFE7E7284A2C492948B3
:10DB900040F20C4312F04AF9404080F311884FF0F4
:10DBA000030002DF8CE79668D6E90045EDB100235B
:10DBB0007360EB6E63B11D4A22491E4840F28543F3
:10DBC00012F034F9404080F311884FF0030002DF77
:10DBD00005F1600105F15C00FEF75CF8064690B1C6
:10DBE0002868EE6603F086F8B1E7104A1649114836
:10DBF00040F2824312F01AF9404080F311884FF04E
:10DC0000030002DFD3E7094A10490A484FF4916341
:10DC100012F00CF9404080F311884FF0030002DF4E
:10DC2000DEE700BF5027002064270020EC740200CC
:10DC30004C750200CC740200D0750200E827002069
:10DC4000E4790200AC750200A0750200C475020000
:10DC50002DE9F0470468804644B3574FDFF85C91E4
:10DC6000574E254624682B791D2B10D8DFE803F08A
:10DC7000380F0F380F0F0F0F0F0F0F0F0F0F0F0F62
:10DC80000F0F0F0F0F0F0F2656383838383840F265
:10DC90007E633A464946304612F0C8F8404080F369
:10DCA00011884FF0030002DF002CDAD10023C8F8FE
:10DCB0000030BDE8F047FF20FFF79CBC2B7F3C2BDA
:10DCC00063D0DBB13C4A3F493D4840F2A65312F0D5
:10DCD000ADF8404080F311884FF0030002DF2B794C
:10DCE00063B9394940F2FC533A46304612F09EF887
:10DCF000404080F311884FF0030002DFDFF8CCA032
:10DD0000BAF80030092B30D801333149AAF8003075
:10DD10002846FDF783FF002CA3D1C7E7E888022837
:10DD2000C2D802F0F5FFD0F88830054663B1224A28
:10DD30002849234840F26D6312F078F8404080F3A0
:10DD400011884FF0030002DF05F17C0105F1780036
:10DD5000FDF7A0FF824600B3C5F888A0284602F070
:10DD6000C9FF002C7FF47DAFA0E71B4940F28A6316
:10DD70003A46304612F05AF8404080F311884FF08E
:10DD8000030002DFBAF80030BEE711492846FDF76C
:10DD900045FF002C7FF465AF88E7074A0F49084824
:10DDA0004FF4CE6312F042F8404080F311884FF0F8
:10DDB000030002DFD0E700BFEC7402004C750200E4
:10DDC000CC740200F0750200FC7502006027002090
:10DDD000E82700202076020060750200E479020046
:10DDE0000148FDF705BF00BF642700200149FDF78A
:10DDF00015BF00BF642700200148FDF7F9BE00BF32
:10DE0000E82700200149FDF709BF00BFE8270020EF
:10DE1000024B034A5B790B70FDF746BF3C050020BF
:10DE20005427002008B5064B064A5B790B70FDF7B6
:10DE30003BFF054B1868BDE8084010F08DB800BFE7
:10DE40003C05002054270020603500200E490B7946
:10DE50004A7993420DD8A2EB030C5FFA8CFC604523
:10DE60000FD893420DD00978084A13FB01F3D0581C
:10DE70007047B1F802C0ACEB030C6244D2B29042DE
:10DE8000F1D90020704700BF640500206C05002018
:10DE9000094B19795A79187893F802C08A4209D047
:10DEA0004A1C01FB0030D2B2944508BF00228068B2
:10DEB0001A717047002070476405002038B5144C73
:10DEC000627994F802E094F804C02578531CDBB220
:10DED0009E4508BF00239C4509D012FB05F204F1C2
:10DEE000080C2CF8020062445160637138BD094A85
:10DEF00009490A4840F2E46311F098FF404080F37A
:10DF000011884FF0030002DF00231B80FFDE00BFFB
:10DF10003C050020EC7402001C7B0200CC74020063
:10DF20000022062302700B70704700BF002208B564
:10DF300011460A4B0120FDF72DFF00B908BD084A24
:10DF40000849094840F2037311F070FF404080F324
:10DF500011884FF0030002DF08BD00BF1C05002040
:10DF6000EC74020038760200CC740200022810B56E
:10DF70000C4602D00B68022B07D004484FF0FF324A
:10DF80004FF0FF3310F00EF8206810BD643500200C
:10DF900004490A680AB110467047024608601046F4
:10DFA000704700BF48270020044A136823B19842F5
:10DFB00006BF002111600023184670474827002043
:10DFC000014B1868704700BF4827002004490A68C1
:10DFD0000AB110467047024608601046704700BFFD
:10DFE0004C270020044A136823B1984206BF002141
:10DFF00011600023184670474C270020014B186819
:10E00000704700BF4C27002030B505682B7887B0DB
:10E010004BB3044601220021684617F043FE2B78DB
:10E02000124AC5F818D06A61EBB1114B00221146B3
:10E0300003209C60FDF7AEFE38B94FF40042002388
:10E0400068460FF0AFFF07B030BD0A4A0A490B48D7
:10E050004FF4F76311F0EAFE404080F311884FF06F
:10E06000030002DFE9E76FF07700ECE73DD5000041
:10E070000C050020EC74020038760200CC7402001B
:10E08000F0B5254E336885B00C461746002B36D0C8
:10E09000994215D10223039303AB02460093032157
:10E0A0001E4B0020FFF714F9022805460CD0039BF5
:10E0B000022B09D195B133680BB19C4221D014B326
:10E0C0006FF02D0005B0F0BD15484FF0FF324FF056
:10E0D000FF330FF067FF039D002DECD13846FFF7AB
:10E0E00093FF33680BB19C4211D0002CE8D100287B
:10E0F000E8D010F1780F08BF002005B0F0BD316006
:10E10000C8E7002333606FF0770005B0F0BD3560DD
:10E110000028D7D0EDE700BF4827002031D5000008
:10E12000643500200E490B794A7993420DD8A2EB51
:10E13000030C5FFA8CFC60450FD893420DD0097830
:10E14000084A13FB01F3D0587047B1F802C0ACEB9A
:10E15000030C6244D2B29042F1D90020704700BF54
:10E160008805002090050020094B19795A79187804
:10E1700093F802C08A4209D04A1C01FB0030D2B297
:10E18000944508BF002280681A71704700207047CC
:10E190008805002038B50C46054603F069FA207062
:10E1A00021462846024ABDE83840FDF77DBD00BF44
:10E1B0005C2700200122024B11460020FDF7EABD3A
:10E1C000FC04002070B50C46054603F051FA2146C8
:10E1D0002070064A2846FDF767FD0122BDE8704021
:10E1E000034B11460020FDF7D5BD00BF5C27002082
:10E1F000FC0400202DE9F0431A4C9DF81C6094F8B3
:10E2000005C0277805460CF1010EA0785FFA8EFE56
:10E21000704508BF4FF0000E207970451ED01CFBE2
:10E2200007FC04F10800D2F80090D2F80480976847
:10E23000D26840F80C906044C0E90435037FC0F810
:10E24000048006F0010623F0030333438760C260B5
:10E250008161037784F805E0BDE8F0830020BDE824
:10E26000F08300BFA806002005480279417990F8A4
:10E2700000C091421ABF083002FB0C00002070471A
:10E28000A806002000B50D4B0278997893F805C0D8
:10E2900093F800E091429CBF1A79027094450AD02D
:10E2A000531CDBB2994208BF00230549037002FBEF
:10E2B0000E105DF804FB0020FBE700BFA80600205D
:10E2C000B00600202DE9F04F2B4C2279617923789C
:10E2D00083B09142019032D004F108094FF0000858
:10E2E000DFF898B002FB0393C2461A7FDF689107FC
:10E2F000C2F3400502F0010624D561792379227822
:10E30000A07899421BD00133DBB2984208BF0023AA
:10E310009942237113D003FB0293002DE5D176B10E
:10E32000BAF1000F26D0B8F1000F08BFB8461A7F27
:10E33000D207DAD5DA68924501D09045D5D103B03D
:10E34000BDE8F08FCBF8083001980C4B2A462946DF
:10E35000FDF720FD0028D0D0094A0A490A4840F6B6
:10E360002A0311F063FD404080F311884FF0030051
:10E3700002DFC2E7BA46DAE7A8060020EC04002074
:10E38000EC74020038760200CC740200064B1A7955
:10E3900059791878914205D002FB0033986810B182
:10E3A00020307047002070478C06002070B5144A5A
:10E3B00013795479117895789C421FD003FB012181
:10E3C00001338C68DBB29D4208BF00231371ACB1EE
:10E3D00002230025266823712560E06103F048F9D7
:10E3E000084A207021463046FDF75EFC0122064BAC
:10E3F00011462846FDF7CEFC204670BD0024FBE701
:10E400008C0600205C270020FC0400202DE9F04F42
:10E4100083B01D469DF83C300C9CDDF8389001948B
:10E4200017460D9A009253B35C1E95F800A08046E3
:10E430000E46E4B20AF101035FFA83FA564508BFBB
:10E440004FF0000A5745484619D0FDF7D1FB8346E7
:10E450000098BBF1000F12D0FDF7CAFB90B100236A
:10E46000CBF80430C0F800B02A78019B12FB08F208
:10E470009850013CE4B2FF2C85F800A0DAD103B03B
:10E48000BDE8F08F4946584603B0BDE8F04FFDF7B0
:10E49000C5BB00BF70B5344C344DA279A188344E51
:10E4A000002084B02346A88004F10800FDF77CFB1F
:10E4B000E379A279301D1A4408213346FDF774FB35
:10E4C00002962E46A37916F8080B03932A79A978A9
:10E4D0006B1DCDE90064FFF799FF264B0C22181D38
:10E4E0004FF48E71FDF760FB234B1022181D08219D
:10E4F000FDF75AFB2048FDF77BFB0446B8B11F4AE5
:10E500002046111FFDF7C2FB1B48FDF771FB0446B7
:10E51000D8B11B4A2046111FFDF7B8FB194B0A2240
:10E52000FF201A80FFF766F8002004B070BD164A7D
:10E530001649174840F6D40311F078FC404080F3A8
:10E5400011884FF0030002DFD9E70F4A0F49104846
:10E5500040F6DB0311F06AFC404080F311884FF075
:10E56000030002DFD5E700BFA40500208C060020D1
:10E570003C350020E8270020642700205C2700208D
:10E580005427002060270020EC740200E479020088
:10E59000CC74020030B5304B304C186087B00AF0B4
:10E5A00073FE2378002B51D02D492E4A2E4D059510
:10E5B0004FF0050C81F808C02C4C04922C4A022024
:10E5C000CDE9022404230D24CDE90014294A08745E
:10E5D00008760B7000200821FEF790FD40BB012259
:10E5E0000021254817F05EFB09F0B2F9044610B18E
:10E5F000204607B030BDFFF74DFF04460028F7D195
:10E6000009F01EFE04460028F2D102F007F8044685
:10E610000028EDD10AF03CFA04460028E8D102F0C7
:10E62000DBFD04460028E3D1012008F053FADFE7C0
:10E63000124A1349134840F25A2311F0F7FB4040A5
:10E6400080F311884FF0030002DFC8E7FDF74EFBAF
:10E6500001232370A8E700BF60350020DD610020A2
:10E66000EC370020519E0100A19F0100ED9D0100AB
:10E670007C3500200C38002064350020EC7402004A
:10E6800028750200CC74020010B586B001F0D6FFE8
:10E69000002833D102F0A2FD002840D100243C4BD9
:10E6A00020469C8008F016FA3A493B4A3B4B8C8046
:10E6B00094809C8001222146684617F0F3FA384B7B
:10E6C000224621460320C3F808D0FDF763FB00284B
:10E6D0004FD14FF0FF324FF0FF3368460FF062FC2E
:10E6E00001F0B2FF002836D1FFF7D4FE28BB00218D
:10E6F000012006B0BDE81040FEF790BE294A2A4925
:10E700002A484FF4407311F091FB404080F3118888
:10E710004FF0030002DF02F061FD0028BED0214A65
:10E720002149224840F2323311F080FB404080F30F
:10E7300011884FF0030002DFB0E71A4A1A491B485C
:10E7400040F27B3311F072FB404080F311884FF0B0
:10E75000030002DFCBE7134A1349144840F26E333B
:10E7600011F064FB404080F311884FF0030002DF9A
:10E77000BAE70C4A0E490D4840F2613311F056FBDE
:10E78000404080F311884FF0030002DFA1E700BF93
:10E790003C050020A8060020880500206405002014
:10E7A0002C050020EC74020028750200CC740200D5
:10E7B0004076020008B5FFF767FFBDE8084009F0A2
:10E7C000F7B800BF10B582B00024CDE90044049B27
:10E7D00009F0DEFA02B010BD10B50346007F1A69D9
:10E7E0009969012482B02040CDE90004586909F0FC
:10E7F000CFFA08B1773001D102B010BD064A0749FF
:10E8000007484E2311F012FB404080F311884FF06F
:10E81000030002DF02B010BD487602008C760200D1
:10E82000CC74020008B50248F8F7A8F9002008BD2A
:10E830000077020030B5038A83B023B1037E04461B
:10E84000C3B1022B04D06FF01505284603B030BDCC
:10E8500001A900F0FDFE019B054613B11846F8F72B
:10E860006FF9002DF1D120460BF0C6FC002528469B
:10E8700003B030BD01A9019300F080FA0028F2D066
:10E88000F8F75EF9019D002DEDD0284601F08EFAD3
:10E8900068710199014817F0ECF9E4E78C39002020
:10E8A00008B5FFF787FF0448F6F7F8FD0348F6F7C9
:10E8B000F5FD002008BD00BFD81900205819002020
:10E8C0002DE9F041424EDFF80C81434F82B04FF00A
:10E8D000FF324FF0FF3330460FF00AFB0028F6D02E
:10E8E00043790190042B21D8002B4BD13B4840F2B7
:10E8F000CB134246394611F099FA404080F3118813
:10E900004FF0030002DF019B00221A6001A8FFF70D
:10E910009FF94FF0FF324FF0FF3330460FF0E8FA27
:10E920000028D4D043790190042BDDD9052BDDD10B
:10E930004FF0FF324FF0FF330320F7F7FBFB0446A5
:10E940002146019800F00AFF019B00221A6001A8ED
:10E95000FFF77EF9002CBAD0204616F008FA2146BF
:10E960000546002016F029FA2B8A0446284633B1C2
:10E97000F8F782F80FF070FF002CEDD1A7E70BF04D
:10E980003BFCF7E7022B13D04FF0FF324FF0FF3381
:10E990000120F7F7CFFB044601989CB1214600F017
:10E9A00017FF019B00221A6001A8FFF751F9D3E776
:10E9B0000022002301210020F7F7ECFB0446019818
:10E9C000002CEBD1046001A8FFF742F97FE700BFFC
:10E9D0008C390020A07602004C750200CC74020035
:10E9E0002DE9F0412E4F2F4E82B00CE0F7F7D2FB0D
:10E9F0002246BDF80210044601F0C0F92046F8F79F
:10EA00009FF80FF029FF0DF1020101A8FEF7D2FFD8
:10EA100004464FF0FF324FF0FF3300211320002C4B
:10EA2000E4D1019BB3B1FFF73FF8DDF80480404625
:10EA300001F0BCF9019D88F805006B79032B02D128
:10EA40002B79182B0ED02946304617F012F9019B6E
:10EA5000002BD8D14FF0FF324FF0FF3338460FF084
:10EA6000A1FAD0E74FF0FF3321464FF0FF320520E7
:10EA7000B5F80680F7F78EFB41460246044605F1DD
:10EA80001C0000F043FE404600F060FE204624B12A
:10EA9000F8F756F820460BF0AFFB019DD3E700BF17
:10EAA000A43900208C390020D0B588B01E4817F05A
:10EAB000B4F84FF0FF3200211C4817F0F3F81B4860
:10EAC000FFF768FD044658BB01F086F900260027D1
:10EAD0006FF00902CDE90324CDE90667CDE90144D1
:10EAE000134B144900944FF4E07213480FF022F8CE
:10EAF0001249114816F0FFFF6FF00702CDE9032419
:10EB0000CDE90667CDE901440D4B0E4900944FF461
:10EB100000620D480FF00EF80C490B4816F0EBFFA1
:10EB2000204608B0D0BD00BF8C390020A439002099
:10EB3000E1E90000C08F0020D8190020E076020033
:10EB4000C1E800008087002058190020EC76020000
:10EB500010B50FF049FE054C204617F06AF8204624
:10EB600017F05BF8BDE810400FF052BE8C39002062
:10EB70002DE9F0411A4C6468A40004D51646194AE0
:10EB80001268120701D4BDE8F08103F10C040546B8
:10EB90000F462046022116F020F940F63E4303803E
:10EBA0000121204616F019F90346042220461A7066
:10EBB0000B2116F012F90570A0F801603DB97B68D1
:10EBC000BA68C0F80720C0F80330BDE8F0814FF004
:10EBD0000008C0F80380C0F80780BDE8F08100BFDE
:10EBE000C8010020C0010020F0B5013887B01446EC
:10EBF00011280AD8DFE800F0233F55090967097991
:10EC000098AB090909090909090D6FF0150007B04A
:10EC1000F0BDCB68DA789978188807F0A1FA554BDF
:10EC200006460121188813F00EFB012105460C3021
:10EC300016F0D3F806702560002007B0F0BD4D4BEC
:10EC40000D21188813F0FFFA0D2120600C3016F00A
:10EC5000C4F84FF0021400234FF4407105220370F2
:10EC6000C0F80140A0F80510C271037243728372AC
:10EC7000C3720373E0E73F4B4121188813F0E3FAB6
:10EC8000412120600C3016F0A8F8002104463E22F5
:10EC900000F8031B17F0A6FC40F2A733A4F80130DC
:10ECA000CAE7344B0921188813F0CDFA09212060F6
:10ECB0000C3016F092F80346002203F8012BC0F83E
:10ECC00001205A60B8E7C9680020FEF7A7FB294B6E
:10ECD0000121188813F0B7FA012105460C3016F00F
:10ECE0007CF8002303702560A6E7234E214F0FCE4A
:10ECF00001AD0FC5336838882B70122113F0A3FAC9
:10ED0000122120600C3016F068F80446002301AE92
:10ED100004F8013B84460FCE2D78CCF801006160E9
:10ED2000A260E360257487E7124B1821188813F05E
:10ED30008AFA182120600C3016F04FF800230446A0
:10ED4000012100F8023B0BF02FF9607074E7094BCA
:10ED50002121188813F077FA212120600C3016F059
:10ED60003CF80146002301F8113B01300BF06CF92F
:10ED700062E700BFD44B0020187702002DE9F04174
:10ED8000038A8CB00022022B079230D9044603215B
:10ED90000C3016F049F8228A83789A4227D30088EB
:10EDA000D14EC0F38523082B30801FFA80FCC0F3BE
:10EDB000090509D8A3B1013B072B11D8DFE803F0FF
:10EDC0001C10284C101010643F2B09D107AA2146B3
:10EDD0002846FFF709FF163040F02984B6F800C036
:10EDE000012160460CB0BDE8F04113F03EBA0024AA
:10EDF00020460CB0BDE8F081062D00F0D1831D2D1A
:10EE0000EED1E368188802F0C1F801463088E9E7DE
:10EE1000632D00F0098400F2EE80032D00F0E08302
:10EE20002D2D40F0D380E368604604211E8893F8BE
:10EE3000028013F008FA042104460C3015F0CDFFCF
:10EE4000B7B20546C31C424639460220FEF7D2FA45
:10EE5000A5F801602870CBE7681E0828C0D801A378
:10EE600053F820F0BDF0000071F000004BF00000FE
:10EE7000E1ED0000E1ED0000E1ED0000E1ED00005A
:10EE8000E1ED00002BF00000681E4D28A8D801A37A
:10EE900053F820F021F10000FDF00000C9F100005E
:10EEA000E1ED0000BFF10000A3F1000089F10000D6
:10EEB0007DF1000071F1000051F10000E1ED000072
:10EEC000E1ED0000E1ED0000E1ED000031F10000B6
:10EED00037F400002FF4000027F4000005F40000D0
:10EEE000E1ED0000DDF30000CFF3000095F300003A
:10EEF00075F30000E1ED00006BF300005BF3000030
:10EF00003BF30000E1ED0000E1ED0000E1ED000069
:10EF10001BF3000001F30000F1F20000BDF200005D
:10EF2000B1F20000E1ED0000E1ED0000F3F40000BB
:10EF3000EBF40000E5F40000C5F4000093F40000D9
:10EF400061F4000057F4000049F4000057F5000098
:10EF500001F5000091F200003FF20000E1ED000039
:10EF6000E1ED0000E1ED0000E1ED0000E1ED000069
:10EF7000E1ED0000E1ED0000E1ED0000E1ED000059
:10EF8000E1ED0000E1ED0000E1ED0000E1ED000049
:10EF9000E1ED0000E1ED0000E1ED0000E1ED000039
:10EFA000E1ED0000E1ED0000E1ED0000E1ED000029
:10EFB000E1ED0000E1ED0000E1ED00001DF20000D8
:10EFC000E1ED0000E1ED000013F20000012D7FF4FF
:10EFD00007AFE268454B11685268196060462946E0
:10EFE0005A6013F030F9012104460C3015F0F5FE9B
:10EFF00000230370FCE67B2D00F0DA827C2D7FF489
:10F00000EFAEE3681F885988B8B202F0BFF8054632
:10F010000321308813F017F9032104460C3015F052
:10F02000DCFE0570A0F80170E2E66046072113F0EF
:10F030000AF9072104460C3015F0CFFE01460020E6
:10F0400001F8010BFEF716FAD2E60921604613F02B
:10F05000FAF8092104460C3015F0BFFE03460022E1
:10F0600003F8012B6021C0F801205A604171BFE60E
:10F070006046412113F0E7F8412104460C3015F0B9
:10F08000ACFE002105463F2200F8021B17F0AAFA49
:10F090000423174AEB72EB7520231649C5F81A2092
:10F0A000C0204FF490626B704FF40A73A871C5F8DA
:10F0B0002110A5F82720A5F80F3099E60921604610
:10F0C00013F0C1F8092104460C3015F086FE4FF408
:10F0D00050610023084A01800D218370C3700171C3
:10F0E000C0F8052084E600BFD44B0020C8010020F2
:10F0F000F7C3F70E30F0F97FF105FFFF04216046FA
:10F1000013F0A1F8042104460C3015F066FE00232C
:10F110006FF004010322037041708370C27067E6D0
:10F12000E268C64B1168526819606046012157E7D2
:10F130006046022113F087F8022104460C3015F0D6
:10F140004CFE00230370054607F05EF968704FE639
:10F15000E3681878F1F7CCFB05460121308813F0FD
:10F1600072F8012104460C3015F037FE05703FE6B9
:10F17000E16811F8010B01F0D3FBEDE7E16811F84C
:10F18000010B01F05DFBE7E70221604613F05BF83D
:10F19000022104460C3015F020FE0023037043705A
:10F1A00026E6E468A57BA379627921792088029517
:10F1B000657B01950734009401F03CF9CCE7E168E8
:10F1C0000120FEF72BF9C7E76046092113F03BF851
:10F1D000092104460C3015F000FE0346002503F813
:10F1E000015BC0F801505D600646FEF7FDF82B4656
:10F1F00061F30703C1F3072262F30F23090C61F3E4
:10F200001743090A61F31F63C6F80100C6F8053009
:10F21000EEE5E068C17907F017FC9DE76046032141
:10F2200013F011F8032104460C3015F0D6FD014609
:10F23000002301F8023B0130FEF7ECF8D8E5E26864
:10F2400091781088B2F80540CB0703D5D37843F006
:10F250000303D37013798F07D17844BF43F00303BE
:10F26000137143EA0102032A00F2E7814D0700F01F
:10F27000E1815A0700F0DE8114F003021CBF04F1A3
:10F28000FF3404F0010201F025FF01463088A9E5B2
:10F29000E3681A78D10744BF0721597092074CBF21
:10F2A00007219978587848BF997001F009FF53E712
:10F2B000E3685988188801F0CBFE4DE760460521C8
:10F2C00012F0C1FF052104460C3015F086FD08A997
:10F2D00005460DF11A0001F0AFFEBDF81A30A5F891
:10F2E0000130BDF82020A5F8032000232B707FE516
:10F2F000E3681F889A885988B8B201F06BFE86E6E9
:10F30000E268178892780023CDE90233CDE9003313
:10F310000221B8B201F072FD79E6E16800220F889F
:10F320004B88039208890290C888019089880091CF
:10F33000B8B2022101F062FD69E60921604612F0CF
:10F3400082FF092104460C3015F047FD3C493D4A37
:10F3500001600023426003724AE5E3681F880022CF
:10F360000621B8B206F0EAFE51E6E268002132F862
:10F37000027BF6E76046092112F065FF0921044689
:10F380000C3015F02AFD002300F8013B082108F09D
:10F390001FFB2DE5E068002308AA00F1100109F029
:10F3A000EDFF3088112112F04EFF112104460C3080
:10F3B00015F013FD0646002306F8013B08AD07468D
:10F3C0000FCDC7F801007160B260F36010E5E3682B
:10F3D000188801F0B7FD0146308803E5E368604610
:10F3E00008211E8812F02FFF082104460C3015F06A
:10F3F000F4FC0546E91CB0B201F048FDA5F8016037
:10F400002870F5E4E16800224B88088803920C8993
:10F410000294CC88019489880091114601F0EEFC99
:10F4200001463088DEE4E06807F0A4F894E6E0687E
:10F4300007F012F890E606F0E9FF8DE6C001002023
:10F44000008FCC30ECC00100E368188807F0F2FAB6
:10F4500030880121C5E5E368187807F0D7FA7BE624
:10F46000E368186808909A889B798DF82630604682
:10F470000721ADF8242012F0E6FE072104460C30E7
:10F4800015F0ABFC0546411C08A807F08BFA287064
:10F49000AEE4E368186808909A889B798DF8263066
:10F4A00060460721ADF8242012F0CDFE0721044666
:10F4B0000C3015F092FC0546411C08A807F038FAFC
:10F4C000287095E46046022112F0BDFE0221044638
:10F4D0000C3015F082FC054607F0DCF8002368705C
:10F4E0002B7085E407F0D8F836E6E06807F012F9EB
:10F4F00032E6E06800F11702C11D07F02FFD2BE690
:10F50000E368604605211E8812F09DFE0521044631
:10F510000C3015F062FC05462A1DB0B2E91C01F062
:10F52000ADFDEB782A792870002B93FAA3F3B3FA98
:10F5300083F308BF4FF0FF330133EB70002A92FAD8
:10F54000A2F3B3FA83F308BF4FF0FF330133A5F8FA
:10F5500001602B714CE46046092112F074FE092110
:10F5600004460C3015F039FC08AB05460DF11A02C3
:10F5700006A90DF1160001F075FDBDF81630A5F8CD
:10F580000130BDF81830A5F80330BDF81A30A5F8E1
:10F590000530BDF82020A5F8072000232B7027E4B4
:10F5A000E3689978188801F095FC0146308819E4E1
:10F5B000E3681F8808A9B8B201F0C2FD052105461D
:10F5C000308812F040FE052104460C3015F005FC91
:10F5D0000570A0F80170BDF82030A0F8033007E4F2
:10F5E000174B184A4FF0FF3041F6FF71C3E9000195
:10F5F000154B00200021C2E900011F200021C3E9B2
:10F600000001FFF741F83088012112F01CFE0121B2
:10F6100004460C3015F0E1FB00230C4A0370136024
:10F62000FFF796FAFFF7E4BBE268064B7AE5079C22
:10F63000FFF7DEBB1221FFF7D4BB1121FFF7D1BBCF
:10F64000C8010020581A0020C0010020BC39002049
:10F650002DE9F84300230B60038A032B2ED90546BE
:10F6600088460C30042115F0DFFB2B8A4788B0F860
:10F670000090BB4222D3FB2F20D801F065FB4FEA5C
:10F68000193633460446F8B19B0817D1D6B1012E7E
:10F6900014D12379677166F301032371E9683A464F
:10F6A000E01D16F077FF2146C9F30B0001F058FB6F
:10F6B00008B9BDE8F883204601F04CFB6FF0150057
:10F6C000BDE8F8830226E4E70F4B1B689B0117D5C2
:10F6D0004FF0FF324FF0FF330120F6F72BFD0221F0
:10F6E000C8F800000C3015F078FB4FF48D730380E0
:10F6F000D8F8000001210C3015F06FFB01230370D6
:10F700006FF06800D5E700BFC8010020F8B50E4BC8
:10F710001B68DB0600D4F8BD02F10C0406460D465A
:10F720002046022115F059FB034640F205421A809B
:10F730002046042115F051FB00270770A0F8015066
:10F740003278C270F8BD00BFC8010020024A1368B9
:10F75000013B1360704700BFBC39002070B5037FC8
:10F76000C68803F00303013B012B0DD9154A164946
:10F77000164842F2342310F059FB404080F31188C0
:10F780004FF0030002DF70BD044601F10C0528466E
:10F79000042115F022FB237F03F00303022B0CBF8F
:10F7A00046F4005646F480560680637F4380617FAE
:10F7B000284615F012FB627F04F11F01BDE870407E
:10F7C00016F0E8BE2C7702004C750200CC740200E3
:10F7D0002DE9F04190F804C0C688BCF1030F84B055
:10F7E00004460D4600F11C070ED0ACF1170CBCF11D
:10F7F000060F00F2A682DFE81CF02B0088009000C4
:10F800002100BD00D000F000C37F033B122B00F2AB
:10F810001B81DFE813F05D01190119018401AB01BF
:10F820001901DD01190119011901E2011901B901DB
:10F8300019011A001901190127012701C44B5B683E
:10F8400018044FF0000400F1338104B0BDE8F081EA
:10F85000F80700F1E681277F002F00F0D981BC4B2B
:10F860005B689900F1D5BB4B1B6840F20122134243
:10F8700003F40078E9D00C35002F40F0EB81B64A54
:10F88000136801331360B8F1000F00F00382022106
:10F89000284615F0A2FA41F63E730380012128465E
:10F8A00015F09BFA03460A221A7028461E2115F00D
:10F8B00094FA0770A0F80160637FC370A37F03719F
:10F8C000D4F81F30C0F80530B4F82330A0F8093060
:10F8D000D4F82B30C0F80B30B4F82F30A0F80F302C
:10F8E000D4F82530C0F81130B4F82930A0F815301C
:10F8F000638EA0F81730A38EA0F81930E38EA0F81D
:10F900001B3094F8383043779FE70A463846314633
:10F9100004B0BDE8F041FFF7F9BE8D4B5B689A007B
:10F9200093D58C4B1B685B078FD50C35022128467D
:10F9300015F053FA40F63E2303800121284615F0C6
:10F940004CFA0346032228461A70092115F045FA9D
:10F95000FF07054600F1E781237F2B70A5F80160C2
:10F96000E38BA5F80330238CA5F80530638CA5F84C
:10F9700007306AE7794B1B6819027FF566AF0C35D3
:10F980000221284615F029FA40F25723038002216C
:10F99000284615F022FA068057E76D4B5B689A00FF
:10F9A0007FF553AF6B4B1B681B037FF54EAF0C35D8
:10F9B0000221284615F011FA40F23E43038001214E
:10F9C000284615F00AFA142303700321284615F07F
:10F9D00004FA0680237F837037E75D4B5B689F00E6
:10F9E0007FF533AF5B4B1B6818057FF52EAF0C35E9
:10F9F0000221284615F0F1F940F23E63038001210F
:10FA0000284615F0EAF90C2303700521284615F065
:10FA1000E4F9237F0370A0F80160627F002A92FA64
:10FA2000A2F3B3FA83F308BF4FF0FF330133C3707F
:10FA3000A27F92FAA2F3002AB3FA83F308BF4FF031
:10FA4000FF330133037100E7454A4649464842F215
:10FA5000082310F0EBF9404080F311884FF00300C9
:10FA600002DFF2E63A4B5B689A007FF5EEAE394B67
:10FA70001B685B067FF5E9AE0C350221284615F0C0
:10FA8000ACF940F63E3303800121284615F0A5F974
:10FA9000072303700A21284615F09FF90680A38CDE
:10FAA0004380E38C8380238CC380638C0381CCE60A
:10FAB0000C350221284615F090F94FF44C73038061
:10FAC0000321284615F089F90470A0F80160BCE60E
:10FAD0001F4B5B6899007FF5B8AE1E4B1B68DA06BA
:10FAE0007FF5B3AE0C350221284615F076F940F6C5
:10FAF0003E5303800121284615F06FF9052303705A
:10FB00000C21284615F069F9034623F8026B216A97
:10FB1000626AC0F802105A60238D438195E60C4B4F
:10FB20001B681B064FF000047FF58FAE0C350221D9
:10FB3000284615F052F94FF48163038004212846CA
:10FB400015F04BF901230470A0F80160C3707CE646
:10FB5000C8010020C0010020BC390020581A002034
:10FB60002C7702004C750200CC74020090F8203013
:10FB70000E2B7FF46AAE0B46324600211A2004B0E9
:10FB8000BDE8F041FEF7F4BF754B5B68980056D5B1
:10FB9000744B1B68990652D50C350221284615F086
:10FBA0001CF940F63E3303800121284615F015F973
:10FBB000062303700A21284615F00FF90680238CCE
:10FBC0004380638C8380A38CC380E38C03813CE6F9
:10FBD0000B46324639460020D1E7614B90F8204071
:10FBE0001B681F067FF531AE0C350221284615F043
:10FBF000F4F84FF4816303800421284615F0EDF8F2
:10FC0000B4FA84F35B090470A0F80160C3701CE6C9
:10FC1000A07F04F12503FF2204F11F0106F024FE5A
:10FC20001DE6514A5149524841F6427310F0FEF820
:10FC3000404080F311884FF0030002DF0BE6002301
:10FC4000CDE90233CDE900331A220221304601F01A
:10FC5000D5F8FAE5B8F1000F4CD10221284615F08D
:10FC6000BCF841F23E3303800121284615F0B5F877
:10FC7000012303701221284615F0AFF8C0F8018067
:10FC8000C0F80580C0F80980C0F80D8080F81180A8
:10FC90000770DAE50221284615F09FF841F23E335D
:10FCA00003800121284615F098F8034601221A70B6
:10FCB0002846122115F091F80770A0F80160637FC3
:10FCC000C370A37F03F001030371D4F81F30C0F8A1
:10FCD0000530B4F82330A0F80930638EA0F80B305B
:10FCE000A38EA0F80D30E38EA0F80F3094F83830D2
:10FCF0004374AAE50221284615F06FF841F63E73D9
:10FD000003800121284615F068F80A2303701E219C
:10FD1000284615F062F804461D220021013016F035
:10FD200061FC277091E5104A1249114841F6CB73E6
:10FD300010F07CF8404080F311884FF0030002DFA0
:10FD40000AE6094A0C490A4842F2241310F06EF8F8
:10FD5000404080F311884FF0030002DF75E500BFDB
:10FD6000C8010020C00100202C7702006877020043
:10FD7000CC740200A47702004C75020070B500F14B
:10FD80000C040E4620460221154615F026F840F2D6
:10FD9000135303800521204615F01FF8012303703B
:10FDA000A0F80160A0F8035070BD00BF0379032BD9
:10FDB00009D0172B05D0183B052B8CBF0020032042
:10FDC000704701207047037F03F00303032B14BF28
:10FDD00005200420704700BF0B4B0C4A0C4930B47F
:10FDE0004FF0FF3441F6FF75C3E9004500240025BC
:10FDF000C2E900451F240025C1E90045054B00224A
:10FE00001A6030BCFEF7A4BEC8010020581A0020BA
:10FE1000C0010020BC39002030B583B0194B079DCC
:10FE2000194AEB1AA2FB032313F47F5FC3F3871471
:10FE300019D1A21C154B0095D2B201210020FDF76B
:10FE400047FA10F0FD0F0CD0114A1249124840F643
:10FE50009E130FF0EBFF404080F311884FF003003A
:10FE600002DF03B030BD0A4A0C490B4840F6991333
:10FE70000FF0DCFF404080F311884FF0030002DFF9
:10FE8000D7E700BFF439002089888888A1FE0000E8
:10FE9000E07702002C780200CC7402002078020087
:10FEA00000B170470C4B10B502460C4602200121F0
:10FEB0009C60FBF76FFF00B910BD084A084909486C
:10FEC00040F6BA130FF0B2FF404080F311884FF0B4
:10FED000030002DF10BD00BFD0070020E077020062
:10FEE00038760200CC740200F8B505682F6E06461D
:10FEF000C7B16C6E00232B663CB3002117236966E3
:10FF000023714FF6FF73E38004F11C001E2216F0EC
:10FF100069FB3C232377A66021463846BDE8F840BC
:10FF2000FDF780BF104A1149114840F6E6130FF063
:10FF30007DFF404080F311884FF0030002DF6C6EBC
:10FF40002F6E00232B66002CD7D1074A0949084899
:10FF500040F6EA130FF06AFF404080F311884FF03B
:10FF6000030002DF6C6EC8E7E07702004878020009
:10FF7000CC7402005C78020038B5044610F81C3BD3
:10FF800053B3174D6369A8606BB1164A16491748F9
:10FF900040F6CF130FF04AFF404080F311884FF036
:10FFA000030002DFA86812490D4B0022C4E90510C6
:10FFB00011460120FBF7EEFE00B938BD094A0D4994
:10FFC0000A4840F6D6130FF031FF404080F3118805
:10FFD0004FF0030002DF38BDBDE83840FFF784BFB3
:10FFE000C0070020E077020074780200CC740200A1
:10FFF000E9FE00003876020038B591F8293001EBAF
:020000021000EC
:100000008303DB6A1D7800B938BD0C46FDF7D8FFC5
:100010008442F9D015F00E0F02D1236A002BF3D0E1
:10002000064A0749074840F686130FF0FFFE404096
:1000300080F311884FF0030002DF38BDE077020043
:1000400088780200CC74020000B5134B9A8C93F8A8
:10005000291093F86AC003EB810122F4437222F065
:100060000202C96A42F00E029A84062000224FF46E
:10007000006E6FF3420CA3F868E083F86AC00A7060
:10008000487093F8351003EB810304229B6B1A70C0
:1000900058705DF804FB00BFF439002070B51B4CAC
:1000A000256AEB6E63B11A4A1A491B4840F61323BE
:1000B0000FF0BCFE404080F311884FF0030002DFD8
:1000C00005F1600105F15C00FBF7E4FD064670B147
:1000D0002868EE6600F00EFE0025606E2562FDF7D2
:1000E00091FE206E6566FDF781FE256670BD084AAB
:1000F0000A49094840F615230FF098FE404080F366
:1001000011884FF0030002DFE2E700BFF43900205E
:10011000E0770200E0780200CC740200E47902008B
:1001200030B5504C94F86A30D90785B062D5236A4F
:1001300053B193F8202042F0020283F82020236A72
:1001400093F82030DA076AD44648FDF721FF84424D
:100150000CD0454A4549464840F6DE230FF066FE7E
:10016000404080F311884FF0030002DF94F8243000
:10017000DB0703AD0DD5022103913E4B0095032112
:1001800001220020FDF7A4F82946FDF7EFFE002824
:1001900055D102220321374B009500200392FDF731
:1001A00097F82946FDF7E2FE38BB3348FDF72CFFF0
:1001B00008B1783035D12B48FDF7F6FE84420CD0DB
:1001C000294A2A492A484FF430630FF02FFE404055
:1001D00080F311884FF0030002DF236A0BB1FFF7B1
:1001E0005DFF94F86A3000206FF3000384F86A30F2
:1001F00006F0F2FC002005B030BD1A48FDF7D4FE31
:1002000084420CD0184A1949194840F6F7230FF0D8
:100210000DFE404080F311884FF0030002DF0C20F8
:10022000E9E7114A1549124840F6FD230FF0FEFD9B
:10023000404080F311884FF0030002DFBBE709481C
:10024000FDF7B2FE8442EAD0074A0849084840F662
:10025000E9230FF0EBFD404080F311884FF00300DD
:1002600002DFDCE7F4390020E0770200F4780200D6
:10027000CC74020031D50000103A00200079020051
:10028000037803F00F0302F1FF3C022B1FFA8CFCF2
:1002900025D0012B0DD01031C9009BB1062B11D0F8
:1002A0004FF4F37313FB0CF340F25320184480B265
:1002B000704740F2162313FB0CF340F2E33018446E
:1002C00080B2704740781030C00001F21B3100F559
:1002D000B37313FB0CF30844184480B270474178A1
:1002E0000CEB8C03C3EB0310400001F11003DB00A7
:1002F00000F23B1003FB020290B270472DE9F0417F
:100300001D468AB04FF6FF739D429DF84080119CB8
:1003100018D023780133DBB2074616462370002B32
:1003200063D03949394B0D8104F11C000022C860AB
:10033000C1E9007681F80A80996001201146FBF737
:1003400029FD38B994F8240010F0010514D00AB042
:10035000BDE8F0812E4A2F492F4840F644130FF094
:1003600065FD404080F311884FF0030002DF94F8F0
:10037000240010F00105EAD1042109A807F044FB8C
:10038000099B264A0694A2FB0312991A02EB51021A
:10039000120A40F2471101FB1233214A2149A21AE5
:1003A000A1FB0212920920490232CDE90451013326
:1003B000CDE90255CDE90055D2B201212846099375
:1003C000FCF76EFF10F0FD0FC1D0114A174912481B
:1003D00040F293730FF02AFD404080F311884FF0F4
:1003E000030002DF0AB0BDE8F081094A10490A485B
:1003F00040F622130FF01AFD404080F311884FF0B1
:10040000030002DF8DE700BFC8390020B0070020DD
:10041000E077020038760200CC74020021F1D4901B
:10042000F439002089888888F9FF00001C790200CF
:10043000187902002DE9F04F714C1F46714B94F86A
:100440006A6086468C4693E8030083B016F0010686
:100450001546DDF830809DF834209DF83830009046
:100460008DF8041040F0A980A18C02F0070203F07F
:100470000303520021F4437142EA032221F00201F6
:100480000A43A28494F8292004EB8202BCF1010FF4
:100490000CF10803D2F82C9008BF4FF0000E0DEBC2
:1004A000030CA4F868E099F800A01CF8083C2AF0B6
:1004B0001F0113F00E0F03F00F030CBF01220022E7
:1004C0000B4362F3451389F8003003F00F03012B4F
:1004D0000AF00F0A5BD094F86A3065F3420384F89F
:1004E0006A30DAB25B070CD5134667F3C30384F8AE
:1004F0006A30D8F80030C4F86B30434BB8F80420A9
:100500009A8099F8003003F00F02012A05F0010BE0
:100510002BD099F80120E2B96BF3861362F3C7136D
:1005200089F80030062389F8013094F83530E46109
:1005300004EB8304AD01A36B05F040055A7845F048
:1005400004051D700AB906225A70304603B0BDE892
:10055000F08FBAF1010F23D099F800306BF38613B6
:100560006FF3C71389F80030DFE74A466BF3861351
:1005700067F3C71302F8083BD8F80010C9F8081051
:10058000B8F8041091800C2389F80130CDE7BAF156
:10059000010FA0D099F80120A2B984F840609AE731
:1005A00094F84020194909F1080015F0F3FF94F878
:1005B0004030063389F80130CEE70C26304603B0D0
:1005C000BDE8F08F052A0AD9063AD2B2372309F1DD
:1005D00008010E4884F8402015F081FF7BE70C4AA3
:1005E0000C490D484FF4D7730FF020FC404080F3C6
:1005F00011884FF0030002DF99F80120E4E700BF03
:10060000F4390020A06A02005F3A0020353A002049
:10061000E077020054790200CC74020010B5064C59
:10062000204607F03DFE04F10C0007F039FEFFF70D
:100630000BFD002010BD00BF1C3A002008B5FFF7DD
:100640006FFD002008BD00BF38B5094C04F10C0552
:10065000204607F035FE284607F032FE204607F018
:100660001FFE284607F01CFEFFF7EEFC002038BDF9
:100670001C3A0020034A044B801AA3FB0030C0F34D
:100680008F107047F439002089888888044A0068F0
:10069000044B801AA3FB0030C0F38F10704700BFDB
:1006A000F43900208988888838B9054890F86A307C
:1006B00013F0010F08BF002070470020704700BFF3
:1006C000F439002028B9044B93F86A0000F00100C7
:1006D00070470020704700BFF439002050B9064B26
:1006E00093F86A0010F0010005D093F8250000F09F
:1006F0000300704700207047F439002070B50646AB
:100700000C4690F8260006F0B3FB23780546C3F3A9
:100710008010FCF79FFE0368C6F871308388A6F846
:1007200075308DB1237843F04003237023782A6815
:10073000C4F8022003F00F03AA88E280012B04F121
:10074000020503D0284670BD0546EFE796F826005F
:1007500006F0BCFB0028F5D02278234642F0800248
:1007600003F8082B0268A26082889A80284670BD30
:100770001F2957D82DE9F04190F8293000EB830369
:1007800082B0DF6A3B7803F00F03012B0E4605466B
:1007900090463FD00DF10701283007F003FE3A786C
:1007A000037802F00F0223F01F03134303703B781A
:1007B0000278C3F3401363F3451202703B78D2B260
:1007C000C3F3801363F3861202703A46044612F8AC
:1007D000023B0078DB0963F3C7102346414603F868
:1007E000020BD7F80200C4F8020092889A8004F144
:1007F00008003246063615F0CDFE667095F86A3070
:10080000DB0711D49DF8073085F82930002002B0AD
:10081000BDE8F08180F840100A464130414615F0AD
:10082000B9FEF3E71220704795F8353005EB8303E6
:1008300021469A6B2846F0F733FA0028E2D0E6E723
:1008400003460A4601481946FFF792BFF4390020D3
:100850001F2961D82DE9F04190F8353000EB830372
:1008600082B09F6B0E460546904600F13404002F7F
:1008700043D020460DF1070107F094FD037823F0E3
:100880003F033A4643F004030370044612F8020B98
:10089000DBB2C0F3801003F03F0343EA8013237000
:1008A000B31D6370D7F80230C4F802309388E38038
:1008B0003246414604F1080015F06CFE95F86A30A6
:1008C000DA0707D49DF8073085F83530002002B0EC
:1008D000BDE8F08195F8292005EB82024123D16A19
:1008E0000A7802F00F02D340DB07EBD522462846F8
:1008F000F0F7D6F90028E5D0E9E7204607F0D0FC6C
:10090000C0B258B995F8353005EB83039F6B0423CB
:100910003B7006237B70ACE7122070470720D6E7B8
:1009200003460A4601481946FFF792BFF4390020F2
:1009300010B5134B1348144C03224FF4D471FBF73A
:1009400033F9124B0322181D4FF48271FBF72CF977
:100950000F4B0F22181D0821FBF726F902F084FB2C
:100960000C4A0D4B0D49002010601B221A800C4AC6
:1009700003234FF4A47CA4F800C00B70137010BDC7
:100980008C3A0020601A0020D64B00200C3B00203F
:10099000903A00201C3E0020D84B0020DF61002050
:1009A000DE6100202DE9F043D0F80080334983B0A8
:1009B00005464FF4D4724046FBF748F905F15C0652
:1009C000294608F073F8286E01AA3146FBF77EF934
:1009D00028B32B4C4FF6FF7704F10809627994F89D
:1009E00002C02179531CDBB29C4508BF0023994209
:1009F00094F800C031D012FB0CF202EB090129F887
:100A00000270019A4A6012680260019A1060286EB2
:100A1000637101AA3146FBF759F90028DED1D8F8F5
:100A2000540108F5AA7440B10023C8F85431214696
:100A3000FDF7C8FB03B0BDE8F083124A1249134822
:100A400040F29D730FF0F2F9404080F311884FF0AF
:100A5000030002DFD8F85401E6E70A4A0C490B48C4
:100A600040F289730FF0E2F9404080F311884FF0B3
:100A7000030002DF00231B80FFDE00BF601A00209E
:100A80002008002094790200DC790200CC74020076
:100A9000D479020010B50C46B0B9124B00220121E6
:100AA00002209C60FBF776F900B910BD0E4A0F4991
:100AB0000F4840F243730FF0B9F9404080F31188BA
:100AC0004FF0030002DF10BD074A0A49084840F210
:100AD0003D730FF0ABF9404080F311884FF00300F5
:100AE00002DFDAE70008002094790200387602007D
:100AF000CC740200EC79020008B50B4B0022986020
:100B000011460120FBF746F900B908BD074A08491C
:100B1000084840F26F730FF089F9404080F3118864
:100B20004FF0030002DF08BDE007002094790200C7
:100B300038760200CC74020038B5044610F81C3B2D
:100B400053B3174D6369A8606BB1164A164917482D
:100B50004FF4EB630FF06AF9404080F311884FF0D7
:100B6000030002DFA86812490D4B0022C4E90510FA
:100B700011460120FBF70EF900B938BD094A0D49AD
:100B80000A4840F25F730FF051F9404080F311883A
:100B90004FF0030002DF38BDBDE83840FFF7ACBFBF
:100BA000F00700209479020074780200CC740200EF
:100BB000F90A01003876020008B583685A68537F45
:100BC000DB090DD1094A0A490A4840F2B4630FF023
:100BD0002DF9404080F311884FF0030002DF08BD7B
:100BE0000146BDE808400831F0F72EBC94790200B8
:100BF0004C750200CC74020000B9704710B50C4669
:100C0000FDF7FCF9844210D0FDF7DAF984420CD0EC
:100C1000064A0749074840F277630FF007F940405A
:100C200080F311884FF0030002DF10BD94790200B9
:100C3000F8790200CC74020010B50C4690B9204639
:100C4000FDF7D0F984420CD00D4A0E490E4840F20F
:100C50008D630FF0EBF8404080F311884FF00300F4
:100C600002DF10BD064A0949074840F28A630FF0C7
:100C7000DDF8404080F311884FF0030002DFDEE72B
:100C8000947902004C7A0200CC740200EC790200E4
:100C900010B50C4690B92046FDF798F984420CD067
:100CA0000D4A0E490E4840F283630FF0BFF84040F2
:100CB00080F311884FF0030002DF10BD064A094996
:100CC00007484FF4D0630FF0B1F8404080F311882B
:100CD0004FF0030002DFDEE7947902004C7A020055
:100CE000CC740200EC7902000148FAF781BF00BF22
:100CF0008C3A00200149FAF791BF00BF8C3A0020DE
:100D000002494FF4D472FAF7A1BF00BF601A002065
:100D100002464FF4D4710148FAF794BF601A0020DC
:100D200002280DD810B50446224606484FF4D47167
:100D3000FAF788FF038DA34200D110BD002010BD3B
:100D400000207047601A00200148FAF751BF00BF29
:100D50000C3B00200149FAF761BF00BF0C3B0020AB
:100D6000022842D870B504460E46214822464FF468
:100D7000D471FAF767FF038DA34205461FD11D4AC0
:100D800092F805C0917810780CF10103DBB299421A
:100D900008BF00231179994224D01CFB00FC02F10A
:100DA000080121F80C408C44CCF8046053712B7876
:100DB00043B995F93930002B0FDB002070BD6FF07F
:100DC000150070BD0C4B0022012103209D60FAF735
:100DD000E1FF95F93930002BEFDA2146284605F07E
:100DE00075F9EAE76FF0680070BD6FF015007047A5
:100DF000601A0020A8080020100800202DE9F04FFC
:100E000085B00228BDF83890BDF83CA0BDF840B0D0
:100E1000039214D804460D461B4822464FF4D47161
:100E20001E46FAF70FFFB0F82880A045074606D106
:100E300075B1022D07D0012005B0BDE8F08F02206A
:100E400005B0BDE8F08F039BABB902F05FFB0EE08D
:100E5000119B0193CDF800B053464A46314602F04B
:100E6000CFFA0028ECD197F93930002B07DB0020AE
:100E700005B0BDE8F08F039902F058FBF7E7414653
:100E8000384605F023F9F2E7601A002002281DD841
:100E900070B504460D460E4822464FF4D471FAF759
:100EA000D1FE038DA342064608D102F043FA38B1C1
:100EB00003682B6003792B71002070BD022070BD88
:100EC000736B2B6096F838302B71F5E70220704772
:100ED000601A0020022870B502D90224204670BD95
:100EE00005460C4615482A464FF4D471FAF7AAFE77
:100EF000038DAB4206461FD11A2C04D8042C16D8F9
:100F00001224204670BD292C01D03B2CF8D121465B
:100F1000304602F0F9F904460028DFD196F939305D
:100F2000002BDBDA2946304605F0D0F8D6E7044B33
:100F3000E340DB07EBD4E3E70C24CFE7601A0020A3
:100F400020003804022870B515D8044622460E4801
:100F50004FF4D471FAF776FE068DA64205460AD103
:100F6000012102F087F9044618B995F93930002BB0
:100F700004DB204670BD0224204670BD2846314661
:100F800005F0A4F8204670BD601A0020022870B554
:100F900014D8044622460E484FF4D471FAF752FE94
:100FA000068DA642054609D102F07AF9044618B921
:100FB00095F93930002B04DB204670BD0224204611
:100FC00070BD2846314605F081F8204670BD00BF4F
:100FD000601A0020022825D82DE9F04104460E466B
:100FE00017464FF4D47102461248FAF72BFEB0F8B8
:100FF0002880A04505460FD1D0F830319B060ED58C
:101000003A46314602F0A8F920B995F93930002B5B
:101010000ADB0020BDE8F0810220BDE8F0811A2043
:10102000BDE8F081022070474146284605F04EF8A1
:10103000EFE700BF601A0020034A044B12881B88A8
:1010400002800B80704700BFD84B0020D64B002099
:10105000024A034B1080198000207047D84B0020B3
:10106000D64B00204FF0FB0CA0F800C040F6480023
:10107000A2F800C008801880704700BF02281BD863
:1010800070B504460E4615464FF4D47102460B481F
:10109000FAF7D8FD028DA24203460BD190F87640B4
:1010A000C4F30204347093F87730C3F302032B7057
:1010B000002070BD022070BD02207047601A002021
:1010C000024A034B1070197000207047DF61002046
:1010D000DE6100202DE9F043022883B024D80446C5
:1010E000884617464FF4D471024614481E46FAF754
:1010F000A9FDB0F82890A145054615D1D0F83031AA
:10110000DB0516D50124009433463A46414602F0E9
:10111000D5F8044648B995F93930002B05DA494627
:10112000284604F0D3FF00E00224204603B0BDE8C7
:10113000F0831A24204603B0BDE8F083601A002033
:1011400002281DD838B504460D460E4822464FF4F5
:10115000D471FAF777FD038DA3420FD1418DB0F81A
:101160008631094A01FB03F3C3EB431103EB81030F
:10117000A2FB03239B092B80002038BD022038BD31
:1011800002207047601A0020D34D621002281ED83A
:1011900038B505462A460F480C464FF4D471FAF785
:1011A00051FD028DAA4203460FD1428D40F2E24129
:1011B00001FB02F242F2107101FB04210139B1FB83
:1011C000F2F1A3F88611002038BD022038BD0220BC
:1011D000704700BF601A0020FFF7AABBF8B5184F90
:1011E00000254FF6FF76AAB24FF4D4713846FAF7CD
:1011F00029FD0446E81C04F11C022146C0B2FCF79C
:101200003FFF70B178300CD00E4A0F490F4840F2C2
:10121000C2630EF00BFE404080F311884FF00300D4
:1012200002DF01350023032D2685C4F88830DAD18A
:101230000749084A8B809380BDE8F840FFF778BBE8
:10124000601A002094790200887A0200CC740200AF
:10125000A808002020080020014B1878704700BF24
:10126000DF610020014B1878704700BFDE6100206D
:101270002DE9F84FDFF868B081468A461746984650
:101280000025AEB232464FF4D4715846FAF7DAFC74
:10129000038DB342044605F1010505D190F89A612A
:1012A000C6F34003BB4204D0032DEAD10020BDE8C1
:1012B000F88F0622414600F2A11015F023F900280C
:1012C000F2D106F001064E45EED104F29B10062243
:1012D000514615F017F90028E6D10120E7E700BFD5
:1012E000601A002038B58B6808601D682B780C46A2
:1012F00093B16B6963B10B4A0B490C4840F24A3316
:101300000EF094FD404080F311884FF0030002DF9F
:10131000074BC5E9053438BDBDE838400846FFF73E
:101320004BBC00BF9479020074780200CC740200B8
:10133000B90B0100F8B50B68DE88022E30D80C46D8
:101340000746324618484FF4D471FAF77BFC038DF8
:10135000B342054623D102F025F92268137F03F03A
:101360000303032B08D10123137122683946284651
:10137000BDE8F84002F02AB953B995F880319B07CF
:1013800003D53D2385F85031226801231371F8BD40
:1013900095F880319A07FAD53D2385F850312368B6
:1013A00001221A71F8BD00BF601A0020F8B504468A
:1013B000008D1D464FF6FF7398420F4616460CD01F
:1013C0002046C4E94376A4F8145101F0EBFE94F8EA
:1013D000803113F001000ED1F8BD0A4A0A490B48CA
:1013E0004FF464730EF022FD404080F311884FF0FB
:1013F000030002DFE4E76FF3000384F880316FF04D
:101400008B00F8BD94790200A07A0200CC7402002F
:101410002DE9F843204C214E6279074604F1080576
:101420001BE0FAF70FFC0346D4301B8D434526D151
:10143000D9F8041001F012FC23796279A1789A425C
:1014400007F1FF3703F1010304D0DBB2994208BF73
:101450000023237117F0FF071CD0237994F800C0F4
:10146000934213FB0CF34FF4D471304603EB0509A0
:1014700010D035F80380B8F1020F4246D1D9D9F81F
:1014800004100B796FF301034FF6FF700B71FCF73B
:1014900015FDD1E7BDE8F883A8080020601A0020F8
:1014A0002DE9F04F3F4A1468A04206460B4604BFA0
:1014B00000211160008DA6F85A01182283B0012185
:1014C00086F8582186F87031304601F075FE06F135
:1014D000D407304601F084FE384601F0A7FB3846B9
:1014E00001F0DCFB044600283AD00379DFF8B8901D
:1014F000DFF8B8B0DFF8B8A003F00303032B0CBF8C
:101500000346002303604846FAF772FB06F17C08A5
:101510000546B8B1214642462846FAF7C5FB38468B
:1015200001F0BCFB0446D8B1037903F00303032B9D
:101530000CBF0346002303604846FAF759FB0546F3
:101540000028E7D11B4840F22E735A4651460EF050
:101550006DFC404080F311884FF0030002DFD9E7B3
:10156000328D154B00960332D2B201210020FBF7D9
:10157000AFFE10F0FD0F0CD00C4A10490D4840F2A0
:10158000F4630EF053FC404080F311884FF00300E9
:1015900002DF4FF6FF73FF20338503B0BDE8F04F45
:1015A000FFF736BF1C3E0020903A002094790200DD
:1015B000E4790200CC740200950A0100587A020016
:1015C00000293AD02DE9F84F4D1EDFF87090DFF872
:1015D00070B0DFF870A00746EDB200F1D40815E056
:1015E000237903F00303032B0CBF2346002323605E
:1015F000FAF7FEFA064690B1013D07F17C0221465A
:101600003046EDB2FAF750FBFF2D06D0404601F010
:1016100045FB04464846002CE2D1BDE8F88F0A4855
:1016200040F25A535A4651460EF000FC404080F3B7
:1016300011884FF0030002DFDEE77047903A002088
:1016400094790200E4790200CC74020010B50446DB
:101650000120FFF7DDFE20460121BDE81040FFF725
:10166000AFBF00BF0149FAF7D9BA00BF903A0020D6
:10167000014B5879704700BF2008002010B50C4B73
:1016800093F804C093F805E01C78F4450DD01CFBDA
:1016900004FC083380F800E00CEB030033F80C3056
:1016A0000B8043681360186810BD002010BD00BF98
:1016B0002008002000B50B4B93F804C093F800E01D
:1016C00084450CD01CFB0EFC08330CEB030033F8F4
:1016D0000C300B804368136018685DF804FB002031
:1016E000FBE700BF20080020094B19795A791878C8
:1016F00093F802C08A4209D04A1C01FB0030D2B2E2
:10170000944508BF002280681A7170470020704716
:101710002008002038B5144C627994F802E094F85F
:1017200004C02578531CDBB29E4508BF00239C45AE
:1017300009D012FB05F204F1080C2CF802006244F7
:101740005160637138BD094A09490A4840F299530A
:101750000EF06CFB404080F311884FF0030002DF75
:1017600000231B80FFDE00BF2008002094790200C8
:10177000187B0200CC74020070B5537914460546FC
:101780000E466BB3237903F00302032A0CD04FF605
:10179000FF72954204BF6FF301032371214628466F
:1017A000BDE87040FCF78ABB4FF6FF739D4225D120
:1017B00033689C4239D0002BF0D01F4A1F49204883
:1017C00040F2BB530EF032FB404080F311884FF0E3
:1017D000030002DF21462846BDE87040FCF76EBBDF
:1017E000154A1849164840F2A6530EF01FFB404018
:1017F00080F311884FF0030002DFC3E72A464FF45D
:10180000D4711148FAF71EFA214601F0ADFE336893
:10181000A342D0D1022D08D80B482A464FF4D471E8
:10182000FAF710FA038DAB4200D000202146BDE844
:10183000704001F06BBC00BF947902002C7B020069
:10184000CC740200207B0200601A002090F85A201D
:10185000B0F85030C2F30212022A14BFDB089B0812
:1018600090F87220B0F84C0014BF0A3B0B3B9BB2BF
:10187000D20644BF043B9BB2984228BF184670472B
:10188000704700BF90F8803143F0020380F8803148
:10189000704700BF90F880316FF3410380F88031CA
:1018A000704700BF0278438E12B1581E80B2704755
:1018B000C18DB0F814215818104480B2704700BF91
:1018C00010B50B684363044634300B79037105216E
:1018D000FAF778FB94F8393060F3050384F839306F
:1018E00010BD00BFB0F8703040F6480C634528BF0B
:1018F0006346B3F5A47F38BF4FF4A473A1F800C0CA
:101900001380704700B5B0F86020B0F85A10034655
:101910008A4290F87700B3F85EC028BF0A4600F00C
:101920000700B3F864101B2A38BF1B22042814BF19
:101930004FF4A4704FF42960614528BF614681428D
:10194000B3F86EC038BF01468C45B3F86A0044D086
:101950009042A3F86E1001D0A3F86A2093F8D1202A
:1019600042F00202012083F8D120B3F858C0B3F846
:10197000622093F87610B3F85CE0624528BF6246B7
:1019800001F007011B2A38BF1B220429B3F8661097
:1019900014BF4FF4A47C4FF4296C714528BF7146E5
:1019A0006145B3F86CE038BF61468E45B3F868C056
:1019B00017D06245A3F86C1001D0A3F8682093F803
:1019C000D1206FF3410283F8D12093F8D120012078
:1019D000024383F8D1205DF804FB9042BCD1002083
:1019E000C3E76245E9D193F8D11041EA510202F010
:1019F000010221F003010A4383F8D1200028E4D139
:101A00005DF804FBB0F86020B0F85A1003468A4233
:101A100090F87700B3F85EC028BF0A4600F00700D0
:101A2000B3F864101B2A38BF1B22042814BF4FF4DC
:101A3000A4704FF42960614528BF61468142B3F824
:101A40006EC038BF01468C45B3F86A000DD0904295
:101A5000A3F86E1001D0A3F86A2093F8D12042F0C9
:101A60000202012083F8D12070479042F3D1002078
:101A7000704700BFB0F86220B0F8581003468A42A1
:101A800090F87600B3F85CC028BF0A4600F0070063
:101A9000B3F866101B2A38BF1B22042814BF4FF46A
:101AA000A4704FF42960614528BF61468142B3F8B4
:101AB0006CC038BF01468C45B3F8680014D0824230
:101AC000A3F86C1001D0A3F868204FF0010C93F834
:101AD000D1106046C1F3400242EA0C0221F003013A
:101AE0000A4383F8D12070478242ECD193F8D11099
:101AF000002001F0010CEDE740F648039A4228BFB0
:101B00001A46FB2928BFFB21B2F5A47F944638BFB3
:101B10004FF4A47CA0F87210A0F87020A0F85E30FA
:101B2000A0F85CC0A0F85810704700BF01F0030295
:101B300038B502F1280302F584720446C1F340016E
:101B4000D200CA40A4F85E20284A1288DB00FB2A93
:101B500023FA01F3264928BFFB220988A4F8722042
:101B6000A4F85820FB220020A4F85A2040F648028E
:101B70008A42A066E066A4F8740094F8770028BF53
:101B80000A46B2F5A47F00F007009BB211464FF061
:101B90001B1538BF4FF4A47104282566A4F86430DF
:101BA000A4F86630A4F87020A4F85C101BD0B3F53C
:101BB000A47F38BF4FF4A47394F8D120A4F86E30FA
:101BC00042F002021B2184F8D120A4F86A102046BA
:101BD000FFF750FF94F8D1300122134384F8D1303D
:101BE00084F8742038BD4FF42963E5E7D84B002012
:101BF000D64B0020F8B506460F46154601F046F9CB
:101C0000044600283AD02A1F201D092A06D8DFE8FA
:101C100002F01D202305050505260529214A224934
:101C200022484FF433730EF001F9404080F31188DD
:101C30004FF0030002DFE3797B732146304601F069
:101C40003BF9304603F088FF2046F8BD02F084FEE1
:101C5000F1E702F099FEEEE702F0A0FEEBE702F0FA
:101C6000A7FEE8E796F8203197F856101BB1D6F892
:101C700030315B0710D402F0A5FEDCE7094A0C49BD
:101C80000A4840F2B1230EF0D1F8404080F31188A9
:101C90004FF0030002DFB6E70A4697F8551002F04E
:101CA0009DFEC8E7387B02004C750200CC74020030
:101CB0001C7B0200F8B504220C460646FFF79AFF8B
:101CC0008368C268C4F84F20C4F84B300369C6F873
:101CD000AC30E5690023E361ADB103232F792B71AB
:101CE000338DEB8005F11C01204602F01DFE2C2FE8
:101CF00002D00323A372F8BD28682946FCF792F8A6
:101D00000323A372F8BD074A0749084840F2E323BA
:101D10000EF08CF8404080F311884FF0030002DF92
:101D2000DBE700BF387B02007C7B0200CC74020042
:101D300070B504460D4601F0A1F810B90523AB7249
:101D400070BD04F18F063346002205F1430105F111
:101D5000330007F013FBD4F89B10C4F8BC10D4F880
:101D60008F10C4F8B010D4F8A810D4F89320D4F889
:101D70009730C4F8C91000200021C4E93001C4F82C
:101D8000B42094F8C81094F8A720C4F8B830D4F858
:101D9000AC30C4F8CD30002363F3000184F89F30E9
:101DA00084F8A03084F8A13084F8A23084F8A330FD
:101DB00084F8A43084F8A53084F8A63042F00103FA
:101DC00084F8C81084F8A730052229462046FFF77A
:101DD00011FF40F207636B8194F88E3043F00803E3
:101DE00084F88E3070BD00BF70B50C46897A82B021
:101DF000064615460C2900F22D81DFE801F05E63EE
:101E0000939707070C1736393E4F5200002D00F00C
:101E10009E8002B070BD002DFBD1214601F02EF84E
:101E2000002840F0CB800623A372F2E7022DF0D108
:101E3000E5690023E361002D00F0F08003232B719E
:101E4000338DEB80237A052B00F0E380062B40F0E6
:101E5000D2801A232B712146304601F00FF800285A
:101E600040F091800823A372D3E7002DD1D1F2E78F
:101E7000002DCED10A23A372CBE7072DC9D10121B2
:101E800001F01EF83046FFF7FDFC2146304600F019
:101E9000F5FF002868D10B23A372BAE7002DB8D153
:101EA000F3E7082DB5D140F20133638190F88E300D
:101EB0006FF3041380F88E30ABE7002DA9D1012316
:101EC000A372A6E7012DA4D12946019300F0F8FFE3
:101ED0003046FFF7D7FC304602F056FA019B5A68AD
:101EE0009968C4F82D10C4F829201A7B84F8312091
:101EF0005A7B84F83220D3F80E20D3F81210C4F89D
:101F00004710C4F84320D3F81630C6F8A83021464D
:101F1000304600F0B3FF00BB204600F0F1FF022383
:101F2000A37276E7002D7FF474AFF0E7032D0BD09A
:101F3000042D7FF46EAF062340F2036284F828304C
:101F4000A4F85520A37264E70423A37261E7214635
:101F500002B0BDE87040FFF7EBBE2146304602B04C
:101F6000BDE87040FFF7A6BE0B2221463046FFF7C2
:101F700041FE40F60C33638196F88E306FF3C30355
:101F800086F88E3045E7062221463046FFF732FEBE
:101F9000304603F075FF0023A3720121304600F0A4
:101FA000A3FF3046FFF776FC304602F0F1F996F8D1
:101FB0008E3043F0100386F88E302AE70D2221463A
:101FC0003046FFF717FE304603F05AFF94F82830EA
:101FD000062B31D0242B3FF41CAF254A2549264837
:101FE0004FF459730DF022FF404080F311884FF0F9
:101FF000030002DF0DE71E4A1E491F4840F20B3363
:102000000DF014FF404080F311884FF0030002DF11
:1020100021E705F11C0002F0C1FC1CE7144A174936
:1020200015484FF43F730DF001FF404080F31188D5
:102030004FF0030002DF01E701213046A57200F0F6
:1020400053FF3046FFF726FC304602B0BDE8704033
:1020500002F09EB9064A0749074840F2AD430DF029
:10206000E5FE404080F311884FF0030002DFD0E628
:10207000387B02004C750200CC7402007C7B0200AD
:1020800092F81FC0ACF1030C02F11C03BCF1080F65
:1020900006D8DFE80CF01205050F0505050C090050
:1020A0003D2380F8503170470822FFF79DBE07227C
:1020B000FFF79ABE0222FFF797BE0122FFF794BEF8
:1020C00008B5037A052B0FD0062B10D0094A0A4910
:1020D0000A4840F2E2430DF0A9FE404080F3118827
:1020E0004FF0030002DF08BD0023837208BD0923FF
:1020F000837208BD387B02004C750200CC7402006C
:1021000000230322FFF770BE00230422FFF76CBEFA
:10211000887AA0F10300B0FA80F04009704700BF50
:1021200013460022FFF760BE70B591F8343091F885
:102130003520042B0C4603D8032B01D0042A0DD9DB
:102140001343112113F0070384F830104FF00105F9
:102150000CD184F830300125284670BD032A0DD0FB
:10216000134313F007034FF00005F2D0668EFFF71C
:1021700099FB801B0304EFD42823EAE7112381F89D
:1021800030300125F2E700BFF0B50E4683B00DF107
:10219000060201A9B0F86C50B0F86E700446FFF763
:1021A000A1FB96F83520002A5CD196F83430FBB9B3
:1021B000B4F86C30AB420ED3BDF806209A420AD375
:1021C000B4F86E30BB4206D3BDF804209A4202D365
:1021D000002003B0F0BD94F8D130A4F86C5043F067
:1021E00001030120A4F86E7084F8D13003B0F0BD73
:1021F00094F9390000281DDB94F8761094F86850A3
:1022000001F003032B440D33DB00C1F34001CB404D
:102210009BB2BDF80650B3F5A47F38BF4FF4A4734A
:102220009D4228BF1D4632B3002803DA96F83430A9
:10223000002BBDD094F8772094F86A10BDF8047094
:1022400002F003030B440D33DB00C2F34002D34022
:102250009BB2B3F5A47F38BF4FF4A4739F4228BF4D
:102260001F46A5E794F939000028C5DB96F83430FD
:10227000002BDFD0C0E796F83430002B98D0002830
:1022800096DAD7E770B5CD690C460646002D35D0F5
:1022900094F82930DB0720D52B792C2B20D11D2356
:1022A0002B71338DEB8094F830302B7796F87730A4
:1022B000C3F30203AB7796F87630C3F302036B7770
:1022C00028682946FBF7A4FD94F8293000226FF313
:1022D000000384F82930E26170BD01232B71EFE720
:1022E0000D4A0E490E4840F2B7130DF09FFD4040D5
:1022F00080F311884FF0030002DFD0E7064A094956
:1023000007484FF4DA730DF091FD404080F31188D7
:102310004FF0030002DFBBE7807B0200C47B0200BA
:10232000CC7402007C7B020070B591F82930CD6A34
:102330009B070C4603D4CDB101232B710AE006465E
:10234000ADB103232B71338DEB8005F11C013046B9
:1023500002F0A0FC28682946FBF764FD94F82930B8
:1023600000226FF3410384F82930E26270BD074A0E
:102370000749084840F2E3130DF058FD404080F350
:1023800011884FF0030002DFDBE700BF807B020013
:102390007C7B0200CC74020070B50B6A0C460546CB
:1023A0003BB300F07FFD10B90723A37270BD00F0AE
:1023B00081FDE062002832D0637B266AA66100229C
:1023C000172B226223D01D4A1D491E484FF47473F7
:1023D0000DF02CFD404080F311884FF0030002DF28
:1023E0002846314600F068FD2846BDE8704003F0FD
:1023F000B3BB124A1449134840F2AB330DF016FD3B
:10240000404080F311884FF0030002DFC9E7311D1F
:10241000284602F01DFB41F603036381E0E7074A0B
:102420000A49084840F2B5330DF000FD404080F302
:1024300011884FF0030002DFBEE700BF807B02007F
:102440004C750200CC740200EC7B0200007C0200A0
:1024500070B50B6A0C460546002B58D0637B162BD3
:102460002ED195F93930002B2ADB266AA66100238C
:10247000236294F8283095F89421C3F3C20363F3E0
:10248000C50285F8942194F8282095F8943162F3D8
:10249000020385F8943194F8283095F87620C3F338
:1024A000801363F3C302311D85F87620204602F0C5
:1024B000ABFA0221284600F003FD0223A3721DE0BF
:1024C00000F0F0FC10B90723A37270BD00F0F2FC1D
:1024D000E06250B3627B266AA6610023162A23625B
:1024E000C7D0194A19491A4840F2A3130DF09EFCAF
:1024F000404080F311884FF0030002DF2846314648
:1025000000F0DAFC2846BDE8704001F045BF0E4AF5
:1025100010490F4840F27D130DF088FC404080F3D5
:1025200011884FF0030002DF98E7074A0A4908487C
:102530004FF4C4730DF07AFC404080F311884FF0E3
:10254000030002DFC6E700BF807B02004C7502007B
:10255000CC740200EC7B0200007C020038B505461A
:102560000C4601F009FF10B10123A37238BD2846C3
:1025700003F0E0FA0028F7D12146284600F07EFC5F
:102580000028F1D0284603F0D3FA0728ECD02846DB
:10259000012103F0C7FA28460D2103F0C7FA1623DC
:1025A00021466373284600F071FC206221462846CC
:1025B000BDE83840FFF74CBF38B505460C4603F080
:1025C000C3FA10B10223A37238BD2146284600F099
:1025D00055FC0028F6D0284603F0AAFA0728F1D0C7
:1025E00028460D2103F0A2FA1723214663732846DB
:1025F00000F04CFC206221462846BDE83840FFF739
:10260000CBBE00BF70B50C46897A82B006461D4627
:1026100009290BD8DFE801F00505190A0A0A2E6B13
:1026200073A7002A00F0B38002B070BDA54AA64986
:10263000A64840F267330DF0F9FB404080F3118863
:102640004FF0030002DF02B070BD032AECD190F816
:102650003930DB0940F0CF809A4A9B499B4840F2D1
:102660008D230DF0E3FB404080F311884FF0030011
:1026700002DFD9E7052A00F0B180062A00F08D803C
:10268000022AD1D190F93930002B0CDB8D4A9049C8
:102690008E4840F2CE230DF0C9FB404080F31188F4
:1026A0004FF0030002DF2946204602F0E7F92146F9
:1026B0003046FFF739FD0546204600F021FC002D8D
:1026C00040F0B38094F835302BB196F8762063F360
:1026D000061286F87620304601F068FE0823A372C1
:1026E0000221304602B0BDE8704000F0FDBB002A78
:1026F0009AD1214602B0BDE87040FFF7A9BE002A7A
:1027000092D1658EFFF7CEF8401B03048CD496F966
:10271000395096F8760096F8773094F8342094F88B
:102720003510002D00F0070E03F0070CC0F2998061
:102730000021304603F0F6F994F82830002284F89E
:102740003020DB0994F8292063F3000284F8292063
:1027500096F87630C3F3020262F30613092286F874
:102760007630A27260E7042A7FF45EAF2146FFF75D
:1027700089FD21463046FFF7D7FD304601F0CAFEFD
:102780000021304603F0D2F90023A3724CE7214622
:1027900002B0BDE87040FFF7E1BE002103F0C2F9CE
:1027A000D6F830311A2223F48073C6F8303184F819
:1027B0003020204600F0A4FB94F8293043F00103B8
:1027C00084F8293096F87630C3F3020262F30613D8
:1027D000092286F876300221A27282E72946204635
:1027E00002F00AF994F8563084F83030002130466F
:1027F00003F098F9DDE7374B90F8762093E8030073
:1028000094F82830134302AD03F0070305E90300F1
:1028100008336B44022113F8083C63F3061241F6B7
:10282000060386F8762063815BE70021304603F0DB
:1028300079F994F830300BB186F8503194F828309B
:1028400094F82920DB0963F3000284F8292096F824
:102850007630C3F3020262F3061386F8763009235A
:102860003DE711F003011FD061F3020012F00302F3
:1028700086F8760023D062F302038E4586F877301F
:102880001AD021463046FFF77FFC94F8293060F3D8
:10289000410384F829300021304603F043F9002336
:1028A00084F8303001234DE712F003023FF440AFCB
:1028B00062F3020386F877309445E2D138E78E451B
:1028C000DFD135E7807B02004C750200CC7402003A
:1028D0001C7C0200A86A0200F0B50C46897A83B01D
:1028E0000646154609290BD8DFE801F0191E5F6876
:1028F0000A0A99B1BA05042D00F0E48003B0F0BDD6
:10290000904A9149914840F211530DF08FFA40409E
:1029100080F311884FF0030002DF03B0F0BD002DFB
:10292000ECD10123A372E9E71946204602F082F8B0
:1029300094F8282096F89431C2F3C200C3F3C20180
:102940000140C3F30203C2F30200034043EAC103A0
:1029500022F03F02134384F8283096F93930002BD7
:102960000BDB94F8283013F0380F40F0A78094F870
:10297000283023F03F0384F828300221304600F04D
:102980009FFA012DBAD196F83930DB090FD16D4A83
:102990006D496E4840F23B430DF048FA404080F3E9
:1029A00011884FF0030002DFA8E7002DA6D12146D1
:1029B000304603B0BDE8F040FFF7FEBD022D9DD1CB
:1029C00090F93930002B0CDB5E4A61495F4840F2D8
:1029D0005B430DF02BFA404080F311884FF0030069
:1029E00002DF5C4B96F8762093E8030094F82830D9
:1029F000134302AD03F0070305E9030008336B44FA
:102A0000022113F8083C304663F30612062386F8C9
:102A10007620A37203B0BDE8F04000F065BA032D44
:102A20007FF46CAF1946204602F028F82146304664
:102A3000FFF77AFB0546204600F062FA002D52D0DF
:102A400094F83030282B2ED186F850312BE0002D11
:102A50007FF454AF214603B0BDE8F040FFF79CBCC3
:102A6000002D7FF44BAF678EFEF71CFFC01B0304E5
:102A70003FF544AF84F8305096F9395096F8760017
:102A800096F8773094F8342094F83510002D00F043
:102A9000070C03F007072CDB002294F8293062F3BF
:102AA000000384F8293096F87630C3F3020262F30B
:102AB0000613092286F87630A2721FE75A077FF4C0
:102AC0005CAF54E72146FFF7DDFB21463046FFF7B8
:102AD0002BFC304603F0D4F90021304603F026F8F1
:102AE0000023A3720AE7304603F03CF80823A372E0
:102AF00004E711F0030118D061F3020012F00302A1
:102B000086F876001BD062F302038C4586F8773096
:102B100012D021463046FFF737FB94F8293060F396
:102B20004103012284F82930B7E712F00302B3D041
:102B300062F3020386F877309742EAD1ACE78C451E
:102B4000E7D1A9E7807B02004C750200CC7402003B
:102B50001C7C0200A86A020092F81FC0BCF1110F91
:102B600002F11C030FD0BCF1180F12D0BCF1070FFB
:102B70000CD010B524230C4680F8503101F0CAFC6B
:102B80000023A37210BD0522FFF73CBD0622FFF70C
:102B900039BD0222FFF736BD00238372704700BFA4
:102BA00013460022FFF72EBD13460322FFF72ABD6E
:102BB00000230422FFF726BD10B592F81FE0BEF1F6
:102BC000160F02F11C030BD0BEF1180F0DD02423F9
:102BD0000C4680F8503103F053F90023A37210BD66
:102BE000BDE810400122FFF777BEBDE81040032288
:102BF000FFF772BE00238372704700BF13460022A6
:102C0000FFF76ABE13460222FFF766BE00230422C6
:102C1000FFF762BE0023037043608360C3600361FB
:102C2000704700BF037801330370704703785BB9C6
:102C3000C3687BB102691AB1816861B10B608260BF
:102C40000023C36003617047013BDBB20370002BBC
:102C5000EED0704770474360F1E700BF03783BB1A7
:102C600000230C300B60436843B11960416070472A
:102C7000002304300B604368002BF6D101604160F3
:102C8000704700BF00230B60836813B11960816037
:102C900070474160816070474068704703464068F4
:102CA00028B1996802685A60884208BF9A607047E4
:102CB0004078A0F10C00B0FA80F04009704700BFE6
:102CC0004078A0F10800B0FA80F04009704700BFDA
:102CD0004078A0F10200B0FA80F04009704700BFD0
:102CE0004078A0F11700B0FA80F04009704700BFAB
:102CF0004078A0F10100B0FA80F04009704700BFB1
:102D00004078A0F10900B0FA80F04009704700BF98
:102D10004078A0F10600B0FA80F04009704700BF8B
:102D20004078A0F11800B0FA80F04009704700BF69
:102D30004078A0F10300B0FA80F04009704700BF6E
:102D40004078A0F10500B0FA80F04009704700BF5C
:102D500070B5064608460D46F8F74AFF044680B1AE
:102D6000002145600672016141628161C1612C22CE
:102D7000283013F037FCFF234FF47F42E372A28127
:102D80006372204670BD00BF4078A0F10200B0FA27
:102D900080F04009704700BF4078A0F10200B0FA0F
:102DA00080F04009704700BF4078A0F10100B0FA00
:102DB00080F04009704700BF4078A0F10200B0FAEF
:102DC00080F04009704700BF4078A0F11800B0FAC9
:102DD00080F04009704700BF4078A0F10100B0FAD0
:102DE00080F04009704700BF4078A0F10100B0FAC0
:102DF00080F04009704700BF4078A0F10900B0FAA8
:102E000080F04009704700BF4078A0F10900B0FA97
:102E100080F04009704700BF4078A0F10300B0FA8D
:102E200080F04009704700BF4078A0F10300B0FA7D
:102E300080F04009704700BF10B54168044621B1D9
:102E40002046BDE81040F8F7E9BE094A09490A489A
:102E500061230CF0EBFF404080F311884FF003003A
:102E600002DF61682046BDE81040F8F7D7BE00BF1A
:102E7000347C0200747C0200CC740200024B18689F
:102E8000003818BF01207047E008002010B5044842
:102E9000F8F7AEFE04460430FEF7F2FC204610BD03
:102EA000E008002008B50120FAF7D0FF003818BF6D
:102EB000012008BDFAF7ECBFD430FFF7E3BE00BF36
:102EC00038B590F8463105460C461BB11C4385F8D1
:102ED000464138BDD430FFF7A5FE95F846311C4376
:102EE00085F8464138BD00BF90F8463123EA01011C
:102EF00080F8461101B17047D430FFF797BE00BF8C
:102F000010B5C36904462BB12C221A71E3696269BA
:102F10001A6010BD074A0849084840F21D130CF01A
:102F200085FF404080F311884FF0030002DFE36922
:102F3000EAE700BF347C0200807C0200CC7402000F
:102F4000CB6913B11A792C2A0BD00B7A072B12D02C
:102F50000B6A2BB1D0F84C211A600B6AC0F84C31C7
:102F600070471B68D0F848215A60CB69C0F84831D7
:102F70000B7A072BECD1CB6A002BE9D01B68D0F879
:102F800048215A60CB6AC0F84831E1E710B51649CC
:102F9000FFF7DEFE044668B1037A013B0B2B0FD826
:102FA000DFE803F0060606060E0E1D0A0A060E06E8
:102FB00001F08EF8204610BD02F0D0FB204610BD77
:102FC0000A4A0B490B484FF4D3730CF02FFF4040D3
:102FD00080F311884FF0030002DF204610BDFFF799
:102FE000DBFD204610BD00BFD8080020347C020065
:102FF0004C750200CC74020010B51749FFF7A8FE0B
:10300000044668B1037A0C2B18D8DFE803F00907EF
:103010000707070B0B140E0E0711070001F06AF8E3
:10302000204610BDFFF74CF8FAE702F0C5FBF7E7C2
:1030300002F016FCF4E7FFF7DDFDF1E7074A084967
:10304000084840F2FD130CF0F1FE404080F3118877
:103050004FF0030002DFE3E7D0080020347C0200D9
:103060004C750200CC74020010B50A4B0622586859
:103070005821F8F799FD084B032258685821F8F7B2
:1030800093FD064BBDE8104058680C222C21F8F740
:103090008BBD00BFD8080020D0080020E008002029
:1030A00038B50446002501F0F7F92046C4E93A5541
:1030B00084F8F45002F0D8FEC4F81851C4E93E5523
:1030C00084F80651A4F80451A4F80851C4F81B511F
:1030D000A4F83851C4F82051C4F82451C4F8285138
:1030E000C4F82C51C4F83051C4F83451FAF77CF9C3
:1030F00094F88E3084F84651C4E94C01C4E9525525
:1031000023F0180384F88E30658638BD08460149DF
:10311000F8F784BDE008002038B5B0F8F250034657
:10312000144625B1A9420ED26D1AA0F8F250B3F898
:10313000022122B191420DD2521AA3F8022100239A
:103140001846237038BD01F0B7F8054658B12B7A00
:103150000A2B03D022236FF07300F2E795F8283092
:103160006FF07300EDE7074A0749084840F28223F1
:103170000CF05CFE404080F311884FF0030002DF4A
:10318000E5E700BF347C0200947C0200CC740200AE
:10319000034B0B44B3FBF1F3A0F80831704700BFB9
:1031A000FF59620210B5044602F066FE2046BDE8F3
:1031B000104001F079B900BF10B5044611B10129E2
:1031C00007D010BD02F060FE2046BDE8104001F0BF
:1031D000C9B902F05DFE2046BDE8104001F0E4B937
:1031E00070B5D0F84841064644B101252068214613
:1031F00044680D71FAF70CFE002CF7D1D6F84C415B
:103200000023C6F848313CB1054D204624682946C4
:10321000F8F704FD002CF8D10023C6F84C3170BD3E
:10322000E008002090F93930002B13DA70B504461D
:1032300003200E461546FFF7A9FE014640B180F86F
:10324000286080F82950204601F002F8002070BD67
:103250000C2070BD0C20704710B504460120FFF70C
:1032600095FE28B10146204600F0F2FF002010BD77
:103270000C2010BD38B5044602200D46FFF786FE2F
:1032800058B190F8283065F30003014680F82830E3
:10329000204600F0DDFF002038BD0C2038BD00BF07
:1032A00010B504460420FFF771FE28B10146204600
:1032B00000F0CEFF002010BD0C2010BD2DE9F04124
:1032C000054607209DF81860884617461C46FFF7FC
:1032D0005DFEA8B1E30008F0070803F03803BF0162
:1032E00043EA080307F040073B4343EAC61301469D
:1032F00080F82830284600F0ABFF0020BDE8F081C0
:103300000C20BDE8F08100BF38B504460D4601F041
:10331000A1F9204602F018FE0A20FFF737FE38B167
:10332000014680F82850204600F092FF002038BD6A
:103330000C2038BD08B590F93930002B08DB00F0BF
:10334000BBFF20B1037A0B2B0CBF2A30002008BD35
:1033500002F0F6FBF5E700BFF8B505460C200E4677
:103360001746FFF713FE58B104463A463146284641
:10337000FEF7C2FB2846214600F06AFF0020F8BD98
:103380000C20F8BD70B506460D4602F0D9FB20B101
:10339000037A053B012B044601D90C2070BD014680
:1033A0003046FEF7B5FE0028F7D029686A68AB689A
:1033B000ED68C4F83F503046C4F83310C4F83720E5
:1033C000C4F83B302146FEF79BFE002070BD00BFD5
:1033D00038B5054602F0B4FB20B1037A053B012B5A
:1033E000044601D90C2038BD01462846FEF790FE60
:1033F0000028F7D028462146FEF786FE002038BD7B
:103400002DE9F0470546D0F83001BDF82090099E1F
:103410009A4683078846174635D495F93930002BEC
:1034200050DB0820FFF7B2FD0446002C57D0237A6A
:10343000082B2DD0092B37D1A4F82E802786A4F88D
:1034400032A0A4F83490002E3FD03388A4F8403046
:103450007388A4F84230B388A4F84430F388A4F801
:1034600046303389A4F848307389A4F84A3095F976
:103470003930002B11DA2846FDF742FC0146284678
:1034800002F024FE09E00920FFF780FD0446CCE7A6
:103490002786A4F832A0A4F834902846214600F0EC
:1034A000D7FE0020BDE8F0870E4A0F490F4840F2D2
:1034B0007E430CF0BBFC404080F311884FF00300CA
:1034C00002DFEAE71A20BDE8F087094A4FF0FF3330
:1034D000C4E91023A4F848304FF6FF73C5E70C2069
:1034E000E0E700BF347C02004C750200CC7402009F
:1034F0000000FFFF08B502F023FB28B1007AA0F11D
:103500000C00B0FA80F0400908BD00BF10B50446B9
:1035100002F016FB10B1037A092B00D010BD014652
:103520002046BDE8104002F04FB900BF38B5044650
:103530000D4602F005FB10B1037A092B00D038BD0F
:1035400080F8285001462046BDE8384002F040B9D6
:1035500008B502F0F5FA28B1007AA0F10900B0FA36
:1035600080F0400908BD00BF38B505460C4600F0A4
:10357000A3FE10B18369A3420ED0284602F0E0FA00
:1035800010B18369A34200D038BD224601462846C7
:10359000BDE8384002F03EBC01462246284600F015
:1035A00045FFEAE710B5044600F086FE18B1014673
:1035B000204600F05FFF204602F0C2FA014620B12B
:1035C0002046BDE8104002F03DBC10BD2DE9F041A1
:1035D000537F144605460E46002B3FD0D37F1E2B4B
:1035E00029D9284600F068FE0746284602F0A8FAC6
:1035F0000146002F5ED0FA7AE37F002848D093423C
:10360000C07A51D03A7B002A5DD098424ED00A7BD6
:10361000002A4BD1072B6DD0112B04D14A7B94F893
:1036200020309A4242D02346324639462846BDE8E9
:10363000F04100F0BFBE444A52F8232022B104F109
:103640001C00904760B1E37F022BCAD101232246C0
:1036500031462846BDE8F04102F01EBCFF23D37777
:10366000284600F029FE28B1E27FC37A9A420DD0A5
:10367000037B5BB9284602F063FA002850D0E27F52
:10368000C37A9A4202D0037B002BE0D0BDE8F081E0
:103690009342C8D03A7B002AC5D1072B4DD0112BBD
:1036A0004BD00D2BBFD0D1E798421CD11F2385F8FA
:1036B0005031EBE70028C9D0234632462846BDE802
:1036C000F04102F061BB072B2CD0112B18D0B3F1C5
:1036D0000D0218BF012298421FD00B7BEBB9002AC4
:1036E000A1D02423E3E70A7B002ADFD1072B95D062
:1036F000112B98D14B7B94F820209A42D6D092E798
:103700007A7B94F82030D21A18BF0122112804D0F5
:10371000087B10B9487B9842E1D1002ACCD1C5E79B
:10372000034694E77A7B94F82030D21A18BF01221E
:103730000728EDD1002ABFD1B8E77A7B94F8203072
:103740009A4283D16FE700BF987C020070B50646AD
:103750000C46FFF79BFB0546002860D0237A013B0F
:10376000291D0B2B07D8DFE803F020262C33060693
:10377000060606390640304A30493148D1230CF05C
:1037800055FB404080F311884FF0030002DFEB79D6
:10379000637329463046FFF78FFB237A0A2B2AD022
:1037A0003046BDE8704000F0F7BD084600F070FFFD
:1037B0001323E372EBE7304600F09EFF0923E37228
:1037C000E5E7204601F056F8FF23A561E372DEE746
:1037D000084601F071F80C23E372D8E7204601F0A7
:1037E0005BF8FF23A561E372D1E7304601F022FACE
:1037F0001523E372CBE7738DB6F88C1140F2E242E9
:1038000002FB03F342F2107202FB01310139304630
:10381000B1FBF3F1BDE8704089B200F0C3BD064AC8
:103820000849074896230CF001FB404080F31188BB
:103830004FF0030002DF91E7147D02004C75020097
:10384000CC7402001C7B02002DE9F04107460C46B7
:10385000164602F079F928B10323A3720025284601
:10386000BDE8F08121463846FFF708FB05460028F1
:10387000F2D021463846FFF709FB804670B3237A21
:10388000013B08F104010B2B07D8DFE803F03543B7
:103890000649060606060606063B244A244925482C
:1038A00040F253430CF0C2FA404080F311884FF0CD
:1038B000030002DF98F80730637341463846FFF78C
:1038C000FBFA384602F048F90423A372002EC6D052
:1038D000384602F0D5FA0023A372C0E7134A16490E
:1038E000144840F20D430CF0A1FA404080F31188D7
:1038F0004FF0030002DFC2E7084600F0D3FEFF23CB
:10390000E372D7E7384601F0ADF9FF23C4F8188019
:10391000E372CFE7384600F013FFFF23E372C9E7F5
:10392000084600F0C9FFFF23E372C3E7147D0200DD
:103930004C750200CC7402001C7B020038B50B7A77
:10394000013B0C4605460B2B0CD8DFE803F00606BE
:103950000B270B0B0B0B0B190B22BDE83840012278
:10396000FFF772BF164A1749174840F202530CF08E
:103970005DFA404080F311884FF0030002DF38BD4C
:1039800002F07EFA94F828300022A27285F85031B5
:1039900038BDBDE838400022FFF756BF90F8183117
:1039A00043B90122FFF750FF0028E8D0012385F832
:1039B000183138BD02F064FA0023A37238BD00BF8D
:1039C000147D02004C750200CC740200F8B50C4660
:1039D000897A0546042900F2D080DFE801F0060B61
:1039E0001E2D0300012A2FD0F8BD002AFCD101238F
:1039F000A372F8BD022AF7D1DA786272023A122A6B
:103A000060D8DFE802F0835F5F5F5F5F7E5F5F5FCC
:103A10008C5F5F5F5F5F1B5F6D00002AE4D1237ADC
:103A20000A2B41D1284602F02BFA94F828300022C4
:103A3000A27285F85031F8BD002AD5D1214628461A
:103A4000BDE8F840FFF77ABF237A0C2BCCD128468B
:103A5000FEF710F894F82830042140EA03062846BF
:103A6000FFF742FAE769F6B2002F78D03B792C2BAA
:103A70000CD0494A49494A4840F275430CF0D6F9FE
:103A8000404080F311884FF0030002DF002E4BD13D
:103A900001233B7138683946FAF7C4F9284602F029
:103AA000EFF90023A372F8BD3B4A3E493C484FF46E
:103AB000A3630CF0BBF9404080F311884FF0030082
:103AC00002DFAFE7344A3849354840F202430CF090
:103AD000ADF9404080F311884FF0030002DFADE7FD
:103AE0001946284601F0EEF804212846FFF7E8F9C8
:103AF0002846FDF787FF84F828002046FFF700FAE4
:103B00009CE71946284600F05BFE97E719462046D9
:103B100000F0CEFE08212846FFF7D2F98EE71946BD
:103B2000284600F0F1FE89E703233B712B8DFB80D3
:103B3000237A0C2B07F11C060CD0174A1B49184896
:103B400040F27E430CF072F9404080F311884FF050
:103B5000030002DF3146284601F09CF89AE70E4A3E
:103B600013490F4840F272430CF060F9404080F373
:103B700011884FF0030002DF78E7074A0A49084836
:103B800040F27E530CF052F9404080F311884FF020
:103B9000030002DFF8BD00BF147D0200C47B0200F9
:103BA000CC7402005C7D02004C750200787D02003E
:103BB0007C7B0200F8B5CF6900260C460546CE6135
:103BC000002F55D0012603233B712B8DFB80237AD8
:103BD000042B07F11C012ED00C2B28D0022B14D063
:103BE0002D4A2E492E4840F29F130CF01FF94040F9
:103BF00080F311884FF0030002DF06B1F8BD38688A
:103C00003946BDE8F840FAF70DB9637A072B2BD097
:103C1000092B21D0204A21492148F6230CF006F92E
:103C2000404080F311884FF0030002DFE5E72846AB
:103C300001F030F8E1E7637A0C2B11D0164A1749EE
:103C4000174840F203130CF0F1F8404080F311885C
:103C50004FF0030002DFD0E7284600F093FDCCE7E9
:103C6000284600F03BFEC8E7204600F037FDC4E7D9
:103C7000FFF720F907460028A5D1074A0949084857
:103C80004FF4C0730CF0D2F8404080F311884FF02D
:103C9000030002DF3F71FFDE147D02004C7502005D
:103CA000CC7402007C7B020038B50B7A013B0C46D9
:103CB00005460B2B15D8DFE803F006220E3014144E
:103CC0001414143F14474B7A072B04D0132B02D043
:103CD000242385F85031284600F01CFC0023A372F1
:103CE00038BD314A314932484FF410730CF09EF818
:103CF000404080F311884FF0030002DF38BD4B7A5B
:103D0000072B01D0092BE3D194F82830DB07E2D54B
:103D100021462846FFF74EFFDDE74B7A0C2BD7D123
:103D2000CB6993B321462846FFF744FF284600F0AD
:103D3000F1FB0023A37238BD00F0ECFB0022162338
:103D4000A27285F8503138BD4B7A152B16D0072B4F
:103D5000BED1D0F8303123F02003C0F8303100F06C
:103D6000D9FB0023A3722846FFF7C4FB0028B7D174
:103D700028460421BDE83840FFF7B6B8FDF7C2FD7C
:103D800068B9284600F0C6FBEBE7FFF78BF8002880
:103D9000C8D1284600F000FB0423A37238BD214699
:103DA0002846FFF707FFECE7147D02004C75020080
:103DB000CC74020070B50E7A731E0C4605460B2BB0
:103DC00007D8DFE803F0141B2F430606060606603B
:103DD000066E504A5049514840F2BF230CF026F875
:103DE000404080F311884FF0030002DF70BD00F007
:103DF000C3FA00287CD00123A37270BD00F0BCFA86
:103E00000028F8D121462846FFF738F80028F2D0DC
:103E100021462846FFF79AFCA369002B08BF03261A
:103E2000A67270BD00F0A8FA0028E4D12146284609
:103E3000FFF724F80028DED021462846FFF786FC4D
:103E4000A369002B18BF0226A67270BD90F8183126
:103E5000002B3FD100F090FA0028CCD12146284613
:103E6000FFF70CF80028C6D021462846FFF76EFC65
:103E7000A269002A4FF001030CBF03220222A272A2
:103E800085F8183170BDFEF7F9FF0028B3D0214640
:103E90002846FFF75BFC1622022384F82820A37231
:103EA00070BDFFF727FBE8B9284600F065FA002847
:103EB000A1D121462846FEF7E1FF00289BD004212E
:103EC0002846FEF7FDFF21462846FFF73FFC032367
:103ED000A37270BD0C2200234A72CB61BDE8704012
:103EE000FFF7E2BE284600F015FB0023A37270BD69
:103EF00021462846FEF7C2FF00283FF47CAF21464A
:103F00002846FFF723FCA369002B0CBF03230223E1
:103F1000A37270BD147D02004C750200CC740200C7
:103F200030B50C46897A83B00546042900F2B28088
:103F3000DFE801F003031B290700002A5ED003B06D
:103F400030BD002AFBD1237A042B00F09380584A1D
:103F5000584959484FF45B730BF068FF404080F3B9
:103F600011884FF0030002DFE9E7052AE7D1237A41
:103F7000032B01D00A2BE2D12146284603B0BDE82D
:103F80003040FFF791BE012AD9D1DA786272023A45
:103F9000172A3AD801A151F822F000BF5940010078
:103FA0000B4001000B4001000B4001000B400100E1
:103FB0004F4001000B400100454001000B40010053
:103FC0000B4001003B400100793F01000B40010024
:103FD0000B4001000B400100314001000B4001008B
:103FE000793F01000B400100274001000B40010018
:103FF0000B4001000B400100793F0100214628469B
:1040000003B0BDE83040FFF7D5BE294A29492A4808
:1040100040F23F330BF00AFF404080F311884FF02D
:10402000030002DFA8E71946284600F073FEA3E765
:104030001946204600F0E0FC9EE71946284600F0AD
:1040400063FC99E71946284600F0E8FB94E7194617
:10405000204600F03FFB8FE7154A1649164840F20C
:1040600026330BF0E3FE404080F311884FF003004D
:1040700002DF81E70192FEF715FF00283FF45FAFF2
:1040800021462846FFF796FD284600F043FA019A9C
:10409000A27254E7064A0749074840F28A330BF0F8
:1040A000C5FE404080F311884FF0030002DF46E771
:1040B000147D02004C750200CC740200131D052211
:1040C000FFF72EBF02F11C030122FFF729BF00BF3B
:1040D00000238372704700BF13460022FFF720BF02
:1040E00002F11C030222FFF771BC00BF131D012265
:1040F000FFF76CBC00238372704700BF1346002299
:10410000FFF764BC70B5044605F06CFE68B1D4F8E6
:10411000E85045B1D4F8EC202B68C4F8E83095425B
:1041200008BFC4F8EC30284670BD054601210320C5
:1041300005F0FAFD2A46064601210320F7F7F6FDB1
:10414000D4F8E85045B1D4F8EC202B68C4F8E83036
:10415000954208BFC4F8EC30002EE4D0012211468D
:104160000320F7F7E3FD284670BD00BF70B5044695
:1041700005F038FE40B1D4F8E850DDB1002201234B
:10418000A4F8F2206B6270BD05460121032005F002
:10419000CBFD2A46064601210320F7F7C7FDD4F8D8
:1041A000E850002EE9D0012211460320F7F7BEFDAA
:1041B000002DE3D1064A0749074840F2C9130BF026
:1041C00035FE404080F311884FF0030002DFD5E751
:1041D000A07D0200E87D0200CC740200F8B505461F
:1041E0000C4605F0FFFDB8B1D5F8E860B4420BD03D
:1041F000144A1549154852230BF018FE404080F32D
:1042000011884FF0030002DF2846FFF77BFF2046AE
:10421000BDE8F840FEF710BE06460121032005F078
:1042200083FD3246074601210320F7F77FFDD5F8CD
:10423000E860002FDAD0012211460320F7F776FD5F
:10424000D4E700BFA07D0200FC7D0200CC74020018
:10425000F8B505460C4605F0C5FD40B100232360C6
:10426000D5F8EC30F3B11C60C5F8EC40F8BD06465B
:104270000121032005F058FD3246074601210320A5
:10428000F7F754FD2660D5F8EC3083B11C60C5F813
:10429000EC40002FEAD00122BDE8F840114603208F
:1042A000F7F744BDC5F8E840C5F8EC40F8BDC5F8DF
:1042B000E840C5F8EC40ECE770B5054605F092FD26
:1042C00018B1D5F8E840204670BD0446012103200E
:1042D00005F02AFD2246064601210320F7F726FDB8
:1042E000D5F8E840002EEED0012211460320F7F762
:1042F0001DFD204670BD00BF38B50546FFF7DCFF49
:10430000037A013B04460B2B1BD8DFE803F00606BB
:1043100006061A1A281414061A0601460022284610
:10432000FFF7DAFE636A03B938BD21462846BDE8C7
:104330003840FFF753BF01460022284601F012FA29
:10434000F0E70A4A0A490B4840F2BD130BF06EFD34
:10435000404080F311884FF0030002DFE2E701469E
:1043600000222846FEF71CFCDCE700BFA07D02000F
:104370004C750200CC74020090F8F400A0F101002A
:10438000B0FA80F040097047012380F8F43070479C
:10439000002380F8F4307047B0F80831A0F8F2300C
:1043A000704700BFA0F8F210704700BF0023A0F8CC
:1043B000F230704738B50C46097AE3610139054699
:1043C00062610B2919D8DFE801F006060606181805
:1043D0002613130618061A462146FFF773FE636A72
:1043E00003B938BD21462846BDE83840FFF7F6BE80
:1043F0001A46214601F05EF9F1E7094A09490A48DF
:1044000040F237130BF012FD404080F311884FF05B
:10441000030002DFE3E71A462146FEF79DFBDEE7D5
:10442000A07D02004C750200CC74020038B50B7AF6
:10443000033B0C460546092B09D8DFE803F00508C5
:1044400008080D08080508052146FFF737FE636ACE
:104450000022A26143B938BD2146FEF7A5FB636A7D
:104460000022A261002BF6D021462846BDE8384044
:10447000FFF7B4BE38B50B7A072B0C46054608D0BB
:10448000636A03B938BD21462846BDE83840FFF7C6
:10449000A5BEFEF78DFBF3E70222002380F8F02093
:1044A000A0F8F230704700BF38B590F8F0300446FD
:1044B000032B1AD8DFE803F002100F10FFF7FCFE01
:1044C00048B1057A2046FFF717FF0A2D14BF0123D4
:1044D000032384F8F03038BDFFF7EEFE0028FAD051
:1044E0002046BDE83840FFF707BF074A074908489C
:1044F00040F24B230BF09AFC404080F311884FF0C0
:10450000030002DF38BD00BFA07D02004C75020031
:10451000CC74020010B590F8F0300446032B0DD88F
:10452000DFE803F008020702FFF720FE002384F80B
:10453000F03010BDBDE81040FFF718BE064A07492D
:10454000074840F24B230BF071FC404080F3118888
:104550004FF0030002DF10BDA07D02004C75020089
:10456000CC74020008B590F8F030022B11D000D8BE
:1045700008BD032BFCD0094A09490A4840F24B23E5
:104580000BF054FC404080F311884FF0030002DF31
:1045900008BD002380F8F03008BD00BFA07D0200F8
:1045A0004C750200CC74020038B590F8F030044627
:1045B000032B3AD8DFE803F00926121320462946D8
:1045C000FEF7BEFC2846FEF737FC2046FFF79AFDB3
:1045D00005460028F2D1022384F8F03038BDFFF7F9
:1045E00091FD05460028F6D029462046FEF7A8FC96
:1045F0002846FEF721FC2046FFF784FD05460028EB
:10460000F2D1E8E7FFF77EFD05460028E3D0294612
:104610002046FEF795FC2846FEF70EFC2046FFF7E5
:1046200071FD05460028F2D1D5E7074A0749084839
:1046300040F24B230BF0FAFB404080F311884FF01F
:10464000030002DF38BD00BFA07D02004C750200F0
:10465000CC74020038B50546FFF754FD68B1044636
:1046600021462846FEF76CFC2046FEF7E5FB28466F
:10467000FFF748FD04460028F2D10024A5F8F240D7
:104680002146284601F04EFA85F8F04038BD00BFBB
:1046900003780121122243F0030303704170C270BA
:1046A000704700BF03780121132243F00303037016
:1046B0004170C270704700BF0B784FF0020C43F09E
:1046C000030307220B7081F801C0CA7090F85430C0
:1046D0000B7170470B7980F8543070470B784FF0AE
:1046E000020C43F0030307220B7081F801C0CA706B
:1046F00090F854300B71704710B50B780C460922B6
:10470000082143F00303E1706270237090F939309F
:10471000002BACBF0B460E23E370F8F765FE0022BA
:1047200061F30702C1F3072C0B0C6CF30F2263F348
:1047300017421B0A63F31F626060A26010BD00BFD6
:1047400038B50C460546F8F74FFE237843F00303CF
:10475000237009236370E370D5F83031217263F060
:10476000FF031840020C0B0CC0F307252071C1F3A6
:104770000721100AA2711A0AE07165716172A372B1
:10478000E27238BD0B78092243F003030B704A70C4
:10479000CA70D0E94A23100CC2F3072C0A711A0C14
:1047A00081F805C088714FEA102C0B72C3F3072003
:1047B000130A81F807C048728A72CB72704700BF33
:1047C0002DE9F0414B68144F8E685A0F82EA13723C
:1047D00002F001021F400021931849419B18054631
:1047E00041F1000887EA0374F8F7FEFD04EA0003CC
:1047F000C5F8303163F0FF0306F0EF063B4046EAB0
:104800000878C5E94A3608EA01010122C5F83411E1
:1048100085F82021BDE8F0812FCF87F72DE9F04101
:104820004A68134F8E68530F83EA127303F0010333
:10483000D91807EA02074FF000025241C91805468D
:1048400042F1000487EA0178F8F7CEFD06F0EF06A2
:1048500046EA0474C5E94A7608EA00000C400123E0
:10486000C5F83001C5F8344185F82031BDE8F08144
:104870002FCF87F70B784FF0030C43F00303192277
:104880000B7081F801C0CA7090F828300B7190F855
:1048900029304B71704700BF0B78022243F00303AD
:1048A0000B704A70CA7090F828300B71704700BFC7
:1048B0000B7980F8283070470378074AC0F8052044
:1048C0004FF0060C43F0030340F60C51037080F8E0
:1048D00001C0A0F803107047F105FFFF0B784FF0FF
:1048E000060C43F003030C220B7081F801C0CA7060
:1048F00090F81A310B71B0F81B31A1F80530B0F8FF
:104900001D31A1F807307047012380F819310B7968
:1049100080F81A31B1F80530A0F81B31B1F8073032
:10492000A0F81D31704700BF0B78032243F003034A
:104930004FF0170C0B7081F801C0CA70D0F8293005
:10494000D0F82D208A604B6090F831300B7390F8CE
:1049500032304B73704700BF10B503780D2104222D
:1049600043F0030341700370C270841805F03AFAF3
:104970000C2120B12046BDE8104003F033B820469A
:10498000BDE8104003F024B803780121052243F06C
:10499000030303704170C270704700BF03780121A8
:1049A000062243F0030303704170C270704700BFDA
:1049B000037801210B2243F0030303704170C2709E
:1049C000704700BF037801714FF0020C43F00303FE
:1049D0000D22037080F801C0C27070470378017126
:1049E00043F003034FF0030C0370112380F801C060
:1049F000C3704271704700BF0B7980F855304B7916
:104A000080F85630704700BF0B784FF0030C43F02E
:104A1000030316220B7081F801C0CA7090F8283089
:104A2000C3F3C2034B7190F82830C3F302030B7138
:104A3000704700BF0A7990F8283062F3C50380F808
:104A400028304A7962F3020380F82830704700BFAB
:104A50000B784FF0030C43F0030317220B7081F81F
:104A600001C0CA7090F89431C3F3C2034B7190F83F
:104A70009431C3F302030B71704700BFCB884386A8
:104A80000B7980F834304B7980F83530704700BFAF
:104A90000B784FF0180C43F003030F220B7081F8D2
:104AA00001C0CA70C38D8B80038ECB80438E0B8177
:104AB000838E4B8190F83C300B73C38FA1F80D307F
:104AC000B0F84030A1F80F30B0F84230A1F8113002
:104AD000B0F84430A1F81330B0F84630A1F81530E2
:104AE000B0F84830A1F81730B0F84A30A1F81930C2
:104AF000704700BF0B784FF0180C43F003031022EF
:104B00000B7081F801C0CA70C38D8B80038ECB807F
:104B1000438E0B81838E4B8190F83C300B73C38F97
:104B2000A1F80D30B0F84030A1F80F30B0F84230A5
:104B3000A1F81130B0F84430A1F81330B0F8463085
:104B4000A1F81530B0F84830A1F81730B0F84A3065
:104B5000A1F81930704700BF8B88C385CB880386C6
:104B60000B8943864B8983860B7B80F83C30B1F8F8
:104B70000D30C387B1F80F30A0F84030B1F81130D4
:104B8000A0F84230B1F81330A0F84430B1F8153035
:104B9000A0F84630B1F81730A0F84830B1F8193015
:104BA000A0F84A30704700BF0B78002243F003039F
:104BB0004FF00C0CCA700B7081F801C090F82B30CC
:104BC0000B71836B094AA2FB03239B0AA1F80530F2
:104BD000438EA1F80930038EA1F80730838EA1F827
:104BE0000B30838DA1F80D30704700BF5917B7D136
:104BF0000B7980F82B30B1F8053040F2E24202FB2D
:104C000003F38363B1F809304386B1F807300386B4
:104C1000B1F80B308386B1F80D308385704700BF43
:104C2000B1F8093003854B68C0F82A300B7A80F858
:104C30002E3070470B784FF0090C43F00303142219
:104C40000B7081F801C0CA70B0F85A308B80B0F890
:104C500058300B81B0F85E30CB80B0F85C304B81BF
:104C6000704700BF0B784FF0090C43F00303152287
:104C70000B7081F801C0CA70B0F85A308B80B0F860
:104C800058300B81B0F85E30CB80B0F85C304B818F
:104C9000704700BF0B784FF0090C43F00303152257
:104CA0000B7081F801C0CA70B0F86A308B80B0F820
:104CB00068300B81B0F86E30CB80B0F86C304B812F
:104CC000704700BF8B88A3F11B02E02A21D8B1F8FE
:104CD00008C0ACF11B02E02A1BD830B5CD88A5F581
:104CE000A47244F2481E92B2724511D84A8900213A
:104CF0000C4662F30F04A2F5A4726CF30F0192B29A
:104D000063F31F4165F31F44724598BFC0E918144F
:104D100030BD70478B88A3F11B02E02A21D8B1F87F
:104D200008C0ACF11B02E02A1BD830B5CD88A5F530
:104D3000A47244F2481E92B2724511D84A890021E9
:104D40000C4662F30F04A2F5A4726CF30F0192B249
:104D500063F31F4165F31F44724598BFC0E91814FF
:104D600030BD704770B5CC6900230D460646CB6157
:104D700004B3192322792371338DE38095F8283009
:104D8000237743B92B8EE3836B8E2384AB8E6384AE
:104D90002C2A09D070BD738DE383B38D2384B6F8BC
:104DA0008C3163842C2AF5D120682146BDE87040FF
:104DB000F9F738B8064A07490748F7230BF036F8E1
:104DC000404080F311884FF0030002DFD1E700BFBD
:104DD000107E02007C7B0200CC740200F8B5CC6926
:104DE00000230D460646CB6194B103232779237136
:104DF000338DE38004F11C012846FFF749FE2C2F78
:104E000000D0F8BD20682146BDE8F840F9F70AB89F
:104E1000064A0749074840F22A330BF007F840409A
:104E200080F311884FF0030002DFDEE7107E0200FE
:104E30007C7B0200CC74020030B5438D0A8E4C8E10
:104E40008D8E934285B002D1838DA34214D001236D
:104E500081F82A3002958B6BCDE900240C7A91F809
:104E60002B20898D0391A4F10801B1FA81F1490940
:104E7000ECF7DEF905B030BDB0F88C315B1B18BF24
:104E80000123E5E7F8B50D6A00230C4607461646F0
:104E90000B62002D3DD0291D112E0AD8DFE806F047
:104EA0002C09090909090928090909090909090930
:104EB0003020214A2149224840F20E330AF0B6FF41
:104EC000404080F311884FF0030002DFEB796373F9
:104ED00029463846FDF7F0FF237A092B14D0F8BD98
:104EE000084694F8282094F82910FFF777FDEDE79D
:104EF0002046FFF7E1FBE9E72046FFF755FEE5E72F
:104F00002046FFF7F7FDE1E73846BDE8F84000F03E
:104F100023BEFDF7BBFF05460028BCD1064A094960
:104F200007484FF43D730AF081FF404080F3118839
:104F30004FF0030002DFAEE7107E02004C75020066
:104F4000CC7402001C7B020038B5CB690C460546C8
:104F500063B11F4A1F4920484FF453730AF066FF9C
:104F6000404080F311884FF0030002DFFDF7A2FFFD
:104F70002C23E061037194F83C200121002384F884
:104F80002B10A363218E4AB1B1FBF2F313FB02F3A2
:104F9000E28D9BB29A429CBF23861946B4F84030FA
:104FA0008B4204D840F2E24202FB03F3A36328469B
:104FB000FCF778FCAB8D06331844A085002221460F
:104FC0002846FFF75FFF4FF60B73638138BD00BFC4
:104FD000107E02005C7E0200CC7402002DE9F041DC
:104FE000384E336804460D462BB1834203D001236B
:104FF000AB72BDE8F0812046FFF7BEF90028F6D17C
:10500000204600F097FD07460028F0D129462046AB
:10501000FDF734FF0028EAD02046FCF743FC0121CD
:105020008046204600F07EFDA5F83E80D5F8208021
:1050300085F83C7034602F62B8F1000F27D008F17A
:1050400004012846FFF724FD98F807306B734146AA
:105050002046FDF731FF2B7A092B14D094F8393014
:10506000DB0902D004236B81C3E7174A17491848AC
:1050700040F28B130AF0DAFE404080F311884FF0C3
:10508000030002DFB5E72046FFF786F9E6E7294689
:105090002046FDF7FBFE80460028D0D10A4A0D4984
:1050A0000B4840F21F130AF0C1FE404080F3118804
:1050B0004FF0030002DF04212846FFF7E9FC98F8CF
:1050C0000730FFDE1C3E0020107E02004C750200FF
:1050D000CC7402001C7B020038B505460C4600F07B
:1050E00033FD10B10923A37238BD21462846FDF7D0
:1050F000C5FE0028F6D021462846FDF7C7FE2062EF
:10510000FDF7D0FE10B90C23A37238BD2146284606
:10511000BDE83840FFF718BF70B50C460546FCF7F0
:10512000C1FBA38DC31A1B0400D570BD21462846C0
:10513000FFF782FE237A092B19D094F82A6006BB68
:10514000E36901221A71E1690868F8F76BFEE6610C
:10515000284600F095FE237A092B05D10D4B1A68DD
:10516000954204BF00221A600023A37270BD284636
:1051700000F0F8FC237A092BDFD194F82830002BBB
:10518000DBD0002384F8283021462846FFF7EAFDCB
:10519000DEE700BF1C3E002070B506460C4600F05E
:1051A000D3FC10B10623A37270BD054621463046DC
:1051B000FDF764FE0028F5D0112221463046FFF7A6
:1051C00061FE304600F05CFE237A092B04D1044BCB
:1051D0001A68964208BF1D600023A37270BD00BF0D
:1051E0001C3E002038B51B4A136805460C465BB1CF
:1051F000834209D002238B7200F0A6FCE0B1204666
:10520000BDE83840FDF77CBE218E6B8D156099425C
:10521000628EA08E06D021462846FFF7DFFD0423CC
:10522000A37238BDAB8D9342F5D1B5F88C31834272
:10523000F1D10523A37238BD21462846FDF71EFE95
:105240000028DCD04FF47263238521462846FFF7FF
:10525000A3FFD4E71C3E002070B50C46897A0546B2
:105260000C2900F2AD80DFE801F00B17464E5862C2
:1052700074AB7C868EA20700002A00F0AF8070BD60
:10528000002AFCD1237A082B00F0CB80092B40F0B8
:10529000BA800123A37270BD012AF0D119462046BD
:1052A000FFF75AFCE38D228EA08E618E94F83C604D
:1052B000052B17D9B2F5486F14D8934212D8B1F51F
:1052C000FA7F0FD2A0F10A039BB240F6764C6345F9
:1052D00008D84B1C9BB202FB03F3B3EB800F01D247
:1052E000B2420AD240F61E73238521462846BDE805
:1052F0007040FFF751BF012AC1D821462846BDE8BA
:105300007040FFF76FBF002AB9D1FDF7CBFD002831
:1053100040F0B1800323A37270BD032A69D0042A30
:10532000ADD10F22062384F82920A37270BD002A74
:10533000A5D195F93930002B5EDA94F8283093B175
:105340000F2384F8293021462846BDE87040FFF736
:1053500023BF002A93D121462846BDE87040FFF7BD
:105360001BBF002A8BD1284600F0EEFB00285BD043
:105370000823A37270BD002A81D121462846BDE8CA
:105380007040FFF7A9BE022A7FF479AF95F8392063
:10539000C2F3C011D20955D184F85410284600F048
:1053A000D3FB0646002876D00D23A37270BD002AD9
:1053B0007FF465AF21462846BDE87040FFF7ACBEDC
:1053C000404A4149414840F206530AF02FFD40400F
:1053D00080F311884FF0030002DF70BDFDF762FD1E
:1053E00000283FF44CAF21462846BDE87040FFF747
:1053F000ABBD0523A37270BDE26121462846BDE81E
:105400007040FFF769BE2F4A2F4930484FF46E7342
:105410000AF00CFD404080F311884FF0030002DFDA
:1054200070BD0A23A37270BD21462846FDF726FDF4
:1054300000289DD0102221462846FFF723FD0A238D
:10544000638170BD19462046FFF7D2FB2846A68D22
:10545000FCF728FA331A9BB247F6FE72934211D832
:105460002046FDF74DFD0B23A37221462846BDE8DB
:105470007040FFF751BE21462846FFF7AFFC0423DA
:10548000A37270BD282385F85031284600F0F8FC3F
:105490000023A37270BD21462846FDF7EFFC0028CB
:1054A00082D0072221462846FFF7ECFC284600F070
:1054B000E7FC237A092BEBD1054B1A689542E7D11B
:1054C0001E60E5E7107E02004C750200CC740200FD
:1054D0001C3E0020F8B50C46897A0646154606297A
:1054E00008D8DFE801F01528070730400400002D38
:1054F00041D0F8BD6A4A6B496B4840F2B9230AF0C3
:1055000095FC404080F311884FF0030002DFF8BDA6
:10551000002DEED1237A092B0FD0614A61496248F0
:105520004FF4ED730AF082FC404080F311884FF095
:10553000030002DFF8BD002DDBD121463046BDE877
:10554000F840FFF74BBD032D5DD0042D63D0022D35
:10555000CFD119462046FFF74BFB2046FDF7D0FC84
:105560000623A372F8BD002DC3D1FEF705FF40B39B
:105570000523A372F8BDFCF795F9A38DC01A0304A7
:10558000B7D42946304600F0CDFA21463046FFF721
:1055900053FC237A092B54D094F82A50002D5AD169
:1055A000E36901221A71E1690868F8F73BFCE561DB
:1055B0003046FEF7AFFF237A092B37D00023A372C2
:1055C000F8BD21463046FDF759FC0028D0D02946C9
:1055D000304600F0A7FA276A2562002F43D094F8DE
:1055E000282094F82910381DFFF7F8F9FB79637328
:1055F00039463046FDF760FC237A092BD8D1304676
:10560000FEF7CAFED4E75B7984F82830214630469D
:10561000FFF7A8FBCCE7D0F830311A2223F00203C1
:10562000C0F83031214684F82820F0E796F9393067
:10563000002B12DB1D4B1A689642BFD100221A6064
:10564000BCE73046FEF7B2FE237A092BA4D194F8CA
:105650002830002BA0D00023D6E73046FDF778FF96
:105660000028E7D0AAE721463046FDF70FFC0746A1
:105670000028B4D10A4A0E490B4840F21F130AF021
:10568000D5FB404080F311884FF0030002DF042077
:1056900094F8282094F82910FFF7A0F9EB79FFDEA1
:1056A000107E02004C750200CC7402001C3E0020EB
:1056B0001C7B020010B592F81FC082B0044602F1B4
:1056C0001C03BCF1110F0AD8DFE80CF02C09090902
:1056D0000909092509090909090909091E172423C6
:1056E00080F850310191FEF715FF01990B7A092BD3
:1056F0001FD000238B7202B010BD0322204602B0DF
:10570000BDE81040FFF7E6BE0122204602B0BDE82A
:105710001040FFF7DFBE0422204602B0BDE8104073
:10572000FFF7D8BE0222204602B0BDE81040FFF7C6
:10573000D1BE94F93930002B06DB074B1A6894422E
:10574000D7D100221A60D4E720460191FDF700FF6F
:1057500001990028F1D0CCE71C3E00200023837281
:10576000704700BF13460022FFF7B4BE70B5D57F67
:1057700002F11C0335B10F2D09D1BDE870400122A3
:10578000FFF76ABDBDE870400222FFF765BD242324
:105790000E4680F85031044600F072FB337A092B34
:1057A00005D1044B1A68944204BF00221A600023FA
:1057B000B37270BD1C3E002000238372704700BF8F
:1057C00013460022FFF748BD00230322FFF744BD24
:1057D00000230422FFF740BD70B5D37F012B05469F
:1057E0000C4607D0242380F8503100F049FB0023F9
:1057F000A37270BD8B7A012B10D013F0FD0FF8D07F
:10580000144A154915484FF496730AF00FFB4040AF
:1058100080F311884FF0030002DF70BD02F11C011C
:105820002046FFF7FDF92846268DFCF73BF8361A8F
:10583000B6B247F6FE739E4202D80223A37270BD31
:10584000282385F85031284600F01AFB0023A37264
:1058500070BD00BF7C7E02004C750200CC7402005B
:1058600000238372704700BF38B58B7A012B10D0AC
:10587000022B0C460ED0FBB1114A124912484FF4CC
:1058800096730AF0D3FA404080F311884FF003007A
:1058900002DF38BD0546FCF705F8238DC01A030466
:1058A000F7D404F12A012846FCF70AF8284600F04C
:1058B000E7FA0023A37238BD01238B7238BD00BF05
:1058C0007C7E02004C750200CC74020038B5D0F822
:1058D000F8308B4204460D461CD00F4A0F49104841
:1058E00077230AF0A3FA404080F311884FF00300B9
:1058F00002DFD4F8F83043B1D4F8FC101A68C4F8C9
:10590000F820994208BFC4F8FC202846BDE838407A
:10591000FDF792BA0B46EEE7C47E0200FC7D020062
:10592000CC74020038B5D0F8F8502B7A013B04460D
:105930000B2B28D8DFE803F00606060618181D13FF
:105940001306220600222946FEF7D8FB6B6A2BB10C
:1059500029462046BDE83840FFF7B8BF38BD0022D1
:105960002946FFF72DFFF1E700222946FCF7D8FB77
:10597000ECE700222946FDF741F9E7E70022294636
:10598000FFF772FFE2E7074A074908484FF4DA7366
:105990000AF04CFA404080F311884FF0030002DF18
:1059A000D4E700BFC47E02004C750200CC74020034
:1059B00070B5D0F8F85004461DB394F80431012BAB
:1059C00003D1022384F8003170BD29462046FDF73B
:1059D00055FA0028F5D029462046FDF757FA064625
:1059E000E8B1311D2846FEF767FEF3796B73314647
:1059F0002046FDF761FA01236B62002384F8003131
:105A000070BD0E4A0E490F484FF4FE730AF00EFAAD
:105A1000404080F311884FF0030002DFCDE7074AD2
:105A2000094908484FF4E2730AF000FA404080F355
:105A300011884FF0030002DFD3E700BFC47E0200ED
:105A4000E87D0200CC7402001C7B020070B5D0F827
:105A5000F8500446ADB394F80431012B03D101236F
:105A600084F8003170BD29462046FDF707FA00286A
:105A7000F5D029462046FDF709FA064600283BD016
:105A80002046FEF719FC2A7A037A934206F10400B5
:105A900025D0082B25D02A2194F820311BB1D4F829
:105AA00030315B0722D4FEF78DFFF3796B733146FB
:105AB0002046FDF701FA01236B62002384F80031D0
:105AC00070BD144A144915484FF4F6730AF0AEF944
:105AD000404080F311884FF0030002DFBBE7232131
:105AE000DAE7092A14BF2A212321D5E70A4694F8C8
:105AF0000711FEF773FFD8E7064A094907484FF434
:105B0000E2730AF093F9404080F311884FF00300EC
:105B100002DFB5E7C47E0200E87D0200CC7402001B
:105B20001C7B020080F80611704700BF704700BF61
:105B30000020704790F80501003818BF0120704719
:105B4000D0F8F800704700BF90F80401A0F1010000
:105B5000B0FA80F040097047B0F80831A0F802317F
:105B6000704700BF0023A0F80231704738B5D0F865
:105B7000F840A4B10546D5F8FC202368C5F8F830F4
:105B80009442214608BFC5F8FC302846FDF7D8F9F5
:105B90002046FDF751F9D5F8F840002CEBD138BD7F
:105BA000022938B5054612D004290C460AD001292D
:105BB00000D038BDD0F8F830002BFAD0BDE838401E
:105BC000FFF7B0BEFFF7D2FF85F8004138BDD0F82F
:105BD000F840002380F805313CB100230122A5F8EC
:105BE0000231626285F8003138BD074A074908482A
:105BF00040F20F230AF01AF9404080F311884FF069
:105C0000030002DFE9E700BFC47E0200E87D020076
:105C1000CC740200F8B590F8003104460E461546E3
:105C2000052B00F29A80DFE803F00E1607030B0342
:105C3000BDE8F840FFF7B4BFBDE8F840FFF7B8BED5
:105C400003290CD0F8BD71B10429FBD1FFF78EFFF9
:105C500084F80061F8BDBDE8F840FFF7F7BE002307
:105C600080F80031F8BDD0F8F870002FEAD03B7A08
:105C700090F806C190F839E0102B11D83E4A012166
:105C800001FA03F0024042B30A2B1FD0B3B184F8EB
:105C900005612046FFF746FE032384F80031F8BD76
:105CA000364A374937486A230AF0C0F8404080F343
:105CB00011884FF0030002DF3B7AE5E7EB7F87F8BE
:105CC00054302046BDE8F840FFF772BE2046FFF78B
:105CD00029FE052384F80031F8BD10F4386FDFD0B9
:105CE0000A2BF3D0002BE9D0BCF1000F01D10E46F6
:105CF000CDE71EF0800F12D1BCF1010F1FD0BCF117
:105D0000020F9FD12046FEF7D7FA3B7A027A9A42D9
:105D10001FD0082A1BD02A2384F85031F8BDBCF1CB
:105D2000010FECD12046FEF7C7FA08B1FF22C2727C
:105D30002046FFF7F7FD032384F80031F8BDEB7F21
:105D400084F807312046BDE8F840FFF77FBE092BF5
:105D5000E1D1232384F85031F8BD084A08490948A5
:105D60004FF43B730AF062F8404080F311884FF023
:105D7000030002DFF8BD00BF7FF40100C47E020013
:105D80004C750200CC74020038B50C46097AE36108
:105D9000054662610C2929D8DFE801F00B070707E7
:105DA0000719191E1414072307001A462146FEF787
:105DB00097F9636A2BB121462846BDE83840FFF7C2
:105DC00085BD38BD1A462146FFF7D0FCF1E71A46DB
:105DD0002146FCF755F9ECE71A462146FCF7ECFEA4
:105DE000E7E71A462146FFF7F7FCE2E7064A0749CC
:105DF000074840F233130AF019F8404080F3118845
:105E00004FF0030002DFD4E7C47E02004C750200AD
:105E1000CC74020038B50B7A072B0C4605460ED021
:105E20000C2B01D1FEF762F9636A0022A2612BB14B
:105E300021462846BDE83840FFF748BD38BDFCF78D
:105E4000E1FEF1E738B50B7A072B0C46054608D082
:105E5000636A2BB121462846BDE83840FFF736BDBE
:105E600038BDFCF7D3FEF3E70422002380F80021BD
:105E7000A0F80231704700BF00220121FFF7CABE1F
:105E800000220221FFF7C6BE00220321FFF7C2BE97
:105E900000220421FFF7BEBEF0B5044683B00E46D3
:105EA00015467BB1D37F1B2B31D8DFF898C090F813
:105EB00039100CEB4307C9097F781AB201238B40D4
:105EC0003B402BD11846FDF797F80746E8B1002371
:105ED0000360D4F8FC30E3B11860C4F8FC002A4633
:105EE00000212046FFF796FE7B6A1BB1394620460B
:105EF000FFF7ECFCD4F8F81039B12B4632462046B7
:105F000003B0BDE8F040FFF73FBF03B0F0BD002392
:105F1000D8E7C4F8F800C4F8FC00E0E71CF8123039
:105F20000A2BCFD10193FFF721FE0022A4F8022112
:105F300084F8052184F800212046FEF78BFB019BA5
:105F4000C0E700BF0C7F020010B50446FFF70EFE4D
:105F50000023A4F8023184F8053184F8003110BD23
:105F600010B50C4630B994F874316FF3000384F81F
:105F7000743110BD094A0A490A4840F2892309F0E0
:105F800055FF404080F311884FF0030002DF94F882
:105F900074316FF3000384F8743110BD447F020044
:105FA0008C7F0200CC74020000B9704708B5074A24
:105FB0000749084840F2812309F038FF404080F348
:105FC00011884FF0030002DF08BD00BF447F0200CC
:105FD000EC790200CC740200012800D0704710B5A3
:105FE0000C46F7F7EDFF84420CD0074A07490848F2
:105FF00040F2792309F01AFF404080F311884FF0F6
:10600000030002DF10BD00BF447F0200A07F02003A
:10601000CC7402002DE9F041079C9DF818800546DC
:10602000208D4FF6FF71884225D02946204617461D
:106030001E46FBF7BBF9F0B921780131C9B22170D6
:1060400049B31C491C4B0E8104F11C000022C8609E
:10605000C1E9005781F80A80996001201146F5F7DF
:1060600099FE50B9FF20FBF7D3F92046FF21BDE888
:10607000F041FBF7A5BABDE8F081104A104911487C
:1060800040F2332309F0D2FE404080F311884FF0F4
:10609000030002DFE6E7094A0B490A4840F22623DB
:1060A00009F0C4FE404080F311884FF0030002DF86
:1060B000C7E700BF50430020E8080020447F0200EB
:1060C00028750200CC74020018790200038E23B1F7
:1060D00090F8742112F0010300D0704710B542F01F
:1060E000010288B0114C80F8742103310122CDE9FE
:1060F00002320690CAB2CDE90434CDE9003303215F
:106100001846F7F7CDF810F0FD0F0CD0084A0949F2
:1061100009484FF4F67309F089FE404080F3118876
:106120004FF0030002DF08B010BD00BF615F010047
:10613000447F0200587A0200CC74020038B50C4645
:106140001546FAF7EDFD48B11CB1BDE83840FDF742
:106150003FB92946BDE83840FDF714B9022038BDE3
:1061600038B50C461546FAF7DBFD58B190F93930D1
:10617000002B05DA2A462146BDE83840FDF752B823
:106180000C2038BD022038BD30B5044600789DF89B
:106190000C5002FB01111F4A014482FB01020A4418
:1061A000521102EBC20002EB80028A1AD0B2C1087F
:1061B0002070595C02F0070241FA02F212F001026B
:1061C0001FD1B0FBF5F405FB1404E4B25D1E1046CC
:1061D000043300F1080E15F8011F5FFA8EFE024627
:1061E00011F0010F02F1010C4FEA510102D04CB144
:1061F000013CE4B25FFA8CF27245F1D110469D4247
:10620000E7D130BDC11D891AC9B207291046F6D899
:1062100030BD00BFA7C867DD428800885040704786
:10622000F0B5344D344C48404FF0030C060A5FFA89
:1062300080FE0EEB8E2E06EB862004EA401705EA60
:10624000400605EA4E0004EA4E1E3E4340EA0E00B8
:1062500000EB002706EB062E06EB0E2600EB0720D0
:10626000360CC0F3074040EA062000EB00100CF1AA
:10627000FF3C08441CF0FF0C80B2D7D141401F48BE
:10628000A0FB01400C1A00EB5400400900EBC004D5
:1062900000EB8400081AC0F3C40400F00705145D85
:1062A0002C41E407C0B21CD401FB03F3561EC3F318
:1062B00007430432604600F1080516F801CFEDB23D
:1062C00001461CF0010F01F101044FEA5C0C02D001
:1062D00043B1013BDBB2E1B2A942F2D1084696429A
:1062E000E9D1F0BD0730401AC0B207280846F6D8F9
:1062F000F0BD00BF10210200408408004D91CFBACC
:106300001A491B482DE9F0410023451EA1F1020C5A
:10631000012606E00133082B01F1060100F12800F7
:1063200022D003EB830215F83220D407F2D59CF873
:1063300000409CF801E0D0F80080C2F3801206FA19
:1063400003F79A4001333C434EEA020287888F806C
:10635000082B8CF800408CF8012001F1060141F86F
:10636000068C00F12800DCD1BDE8F08166430020F6
:10637000514400202048214A2DE9F047204FDFF802
:1063800084800023951EA0F1020C012615F833101D
:10639000C90706FA03F926D53C7812F8011C4CB15E
:1063A000072901EB810405D818F834104C0701D5F2
:1063B000C90618D515F833109CF801E09CF8004088
:1063C000D2F800A0C1F3400199404EEA010144EA2D
:1063D0000904B2F804E08CF800408CF80110A0F831
:1063E00004E0C0F800A00133082B00F1060002F120
:1063F0000802CBD1BDE8F087D245002092450020AD
:10640000E1610020504400200820704738B500208A
:10641000FAF764F9C8B90E4C0E4D621E14F830300C
:10642000072B03EB830105D815F831306FF34513C3
:1064300005F8313012F830306FF3000302F83030D5
:1064400001300828EAD1002038BD0C2038BD00BF3B
:1064500091450020504400202DE9F04F804683B044
:106460000020FAF73BF9002875D198F80030FF2B8F
:10647000054663D03D4E08F101094FF0FF0A04467E
:10648000B71E03F0010B06E059455AD00134082C21
:1064900006F108060FD017F83420C2F34001D207E6
:1064A000F2D4BAF1FF0F08BF5FFA84FA0134082C66
:1064B00006F10806EFD1BAF1070F52D817F83A20C3
:1064C00063F3410207F83A20022314FB0A34D8F898
:1064D00001303B513C44B9F80430A38098F800B037
:1064E000234C0BF0010B661E04E00135082D04F16E
:1064F000280434D005EB85034FEAC30816F833307F
:10650000C3F38012DB07F0D55A45EED120460622B0
:1065100049460FF0F7FF0028E7D116F8083043F09E
:10652000200306F80830EDB217F83A3007EBCA023C
:1065300043F0010307F83A305570002003B0BDE87E
:10654000F08F30460622494601930FF0DBFF019B96
:1065500000289BD1F1E70C2003B0BDE8F08FFF25A8
:10656000E2E7072003B0BDE8F08F00BF92450020AE
:10657000514400202DE9F04106460020FAF7AEF81C
:10658000C8BB96F80080B8F1FF0F04462ED01B4D13
:106590000136AF1E08F0010804E00134082C05F1B3
:1065A000080525D017F83430C3F34002DB07F4D5D3
:1065B0004245F2D10622284631460FF0A3FF0028BB
:1065C000EBD107EBC4035B78072B08D80C4A03EB2D
:1065D000830312F8331060F3451102F8331017F8F3
:1065E00034306FF3000307F834300020BDE8F08149
:1065F0000220BDE8F0810C20BDE8F081924500202A
:106600005044002007282DE9F04104460F46154666
:1066100019D81B4E04EB84034FEA840816F8333074
:10662000DB071ED5A044012216F83830C3F38013CF
:106630003B70282313FB0423F218F3582B60938834
:10664000AB80BDE8F0810F4A0F4910484FF48C73BE
:1066500009F0ECFB404080F311884FF0030002DFAB
:10666000D7E7084A0A49094840F2191309F0DEFB46
:10667000404080F311884FF0030002DFD2E700BFF3
:1066800050440020D07F020014800200CC7402002D
:10669000208002000820704710B50020FAF712F899
:1066A00088BB1A4B1A4C197893F82820207060F395
:1066B000000160F30002197083F8282093F850104D
:1066C00093F8782060F3000160F3000283F8501023
:1066D00083F8782093F8A01093F8C82060F30001A5
:1066E00060F3000283F8A01083F8C82093F8F0103C
:1066F00093F8182160F3000160F3000283F8F010B2
:1067000083F8182110BD0C2010BD00BF504400209C
:10671000E06100202DE9F04F83B083460020CDF8E2
:1067200000B0F9F7CFFF002840F086801BF8012B5E
:10673000DFF81C91019202F00103044609F1FF38D1
:106740001E4604E00134082C09F1280970D004EB3E
:10675000840208EBC20518F83270FB074FEA840A7E
:10676000C7F38012EED5B242ECD148460622594614
:106770000FF0C8FE0028E5D13E467607019A07468D
:106780002ED5DFF8D0C09CF80060013E16F0FF0661
:1067900024D095F81790B14520D02F4A02EB06136C
:1067A00002EB0912964605460FCB8EE80F00DFF884
:1067B000ACE005EB850308EBC30218F83330D807CB
:1067C00005D5590703D59EF81730B34238D00135A7
:1067D000082D0EF1280EECD1009B1A788CF8006081
:1067E0001F4D02F00109AE1E04E00137082F05F12C
:1067F000080512D016F83730C3F34002DB07F4D592
:106800004A45F2D10622284659460FF07BFE002861
:10681000EBD106EBC706FF237370A244002018F8E3
:106820003A306FF3000308F83A3003B0BDE8F08F58
:10683000022003B0BDE8F08F0C2003B0BDE8F08F5C
:10684000009B82F817901A78064B03F80950C5E7A9
:1068500051440020E0610020D0430020504400203B
:1068600092450020C84300202DE9F8431D465B797E
:1068700003F0C003402B01D0BDE8F8830F46F1B10F
:10688000DFF8A490002400F0010609F1FF3804E0CD
:106890000134082C09F12809EED004EB840318F820
:1068A0003330D907C3F38012F2D5B242F0D10622B9
:1068B000484639460FF026FE0028E9D1E2B2072A01
:1068C000DAD8DFF8688002EB820318F83330DB0790
:1068D000D2D502EB8202D40004F11803286848F8EC
:1068E000030008EB0309AB88A9F804300026B0B216
:1068F000FAF716FA013606224946054600F2A117B4
:1069000018B138460FF0FEFD10B1032EEFD1B3E7FA
:10691000013408EB040358F80420C5F8A1219B8832
:10692000A5F8A531A8E700BF51440020504400203D
:106930002DE9F84F82461A4E1AF8018B8946002439
:1069400008F00108771E03E0082C06F128061BD08A
:1069500004EB8402D50017F83230C3F38012DB0752
:1069600004F10104F0D54245EED1062251463046ED
:106970000FF0C8FD83460028E6D118357C190621A2
:106980002046F5F777F910B90220BDE8F88F78595D
:10699000C9F80000A388A9F804305846BDE8F88F6C
:1069A000514400202DE9F0478246174E1AF8018B1A
:1069B0008946002408F00108771E03E0082C06F140
:1069C00028061DD004EB840207EBC20517F832300D
:1069D000C3F38012DB0704F10104EFD54245EDD18A
:1069E0000622514630460FF08DFD0028E6D16B6A35
:1069F0001A68C9F800209B88A9F80430BDE8F08720
:106A00000220BDE8F08700BF5144002010B50446C5
:106A10000020F9F757FE40B91CB1012C01D012201B
:106A200010BD034B1C70002010BD0C2010BD00BF1A
:106A3000E1610020034B4FF47A7202FB00F0186012
:106A4000704700BF604300202DE9F04782460020D8
:106A50008846F9F737FE90BB1D4E1AF8019B044695
:106A600009F00109771E03E0082C06F1280620D062
:106A700004EB8402D50017F83230C3F38012DB0731
:106A800004F10104F0D54A45EED1304606225146C4
:106A90000FF038FD0028E7D1B8F1000F12D0B8F19F
:106AA000010F09D17B5D43F010037B550020BDE849
:106AB000F0870220BDE8F0871220BDE8F0870C20A7
:106AC000BDE8F0877B5D68F304137B55EEE700BFFC
:106AD00051440020D0B5314C3149002304F1FF3C32
:106AE00014F83320072A02EB820E05D811F83E2055
:106AF0006FF3451201F83E201CF833206FF30002BB
:106B00000CF833200133082BEAD1264A264C002307
:106B100013700A7863F300020A7091F8282063F377
:106B2000000281F8282091F8502063F3000281F8D8
:106B3000502091F8782063F3000281F8782091F8D2
:106B4000A02063F3000281F8A02091F8C82063F32D
:106B5000000281F8C82091F8F02063F3000281F868
:106B6000F02091F8182163F3000281F818210F4AF0
:106B700013700F4B4FF0FF364FF0FF37C3E900673C
:106B80000C4B236028B1BDE8D0400B490B480FF0F7
:106B900050B9BDE8D04009480FF059B991450020DF
:106BA00050440020E161002060430020E0610020AB
:106BB000881F0020A0BB0D00356E0100581F00206B
:106BC000034A044B002814BF10461846704700BF04
:106BD000D045002064430020A8B110B50B4A1268CC
:106BE0004FF4004340F2E7300021E2FB03014FF491
:106BF0007A720023E9F784FABDE8104002460B469A
:106C0000034807F0AFBB02480FF021B960430020F2
:106C1000581F002008B5094B00221A8030B9084BD4
:106C2000084A1B78002111801BB908BDFFF7A2FBA1
:106C3000F5E7BDE80840FFF763BB00BFD045002083
:106C4000E1610020644300202DE9F04F834687B0C6
:106C50000FF07BFA4A0143011B1A42EAD06262EB51
:106C60000102920042EA93729B001B1841EB020959
:106C70004FEAC90949EA5379C3F3103343EA494358
:106C80004FEAD939BBF1000F16D1624AD2E900129E
:106C9000B2F1FF3F08BFB1F1FF3F0DD05E48006881
:106CA000591A69EB0202814272F10002ACBF4FF047
:106CB000010A4FF0000A01E04FF0010A574ECDF8EB
:106CC00004B0DFF85C810024F71F9B460DE02544EB
:106CD00017F8353043F0020307F835300134082C3B
:106CE00008F1060806F1280625D004EB8403A50068
:106CF00017F83330DA07F1D5BAF1000F01D1980750
:106D0000ECD42B1917F83330590750D42B1917F836
:106D100033301A07DBD502A930460AF058FE0028A6
:106D20006AD1BDF80C300298A8F80430C6F81D806E
:106D3000C8F80000CBE75B46DDF804B0BAF1000FFD
:106D400002D0344AC2E90039BBF1000F08D000205C
:106D5000F9F7AAFC044618B194F86A305B0702D42C
:106D600007B0BDE8F08F94F82630072BF8D8FF2342
:106D70008DF8083094F8293004EB830302A9DE6A09
:106D800004F1280001F00EFB72780546023231460C
:106D90000FF000FC29462046F9F7B0FC9DF80830BA
:106DA000FF2BDDD084F8293007B0BDE8F08F317CAF
:106DB0001C4B0F2202EB01121A440DF117000DF1CA
:106DC000070312F8011903F8011F8342F9D106F1F4
:106DD000170102A80AF0FBFD002897D0124A1349B8
:106DE000134840F2F32309F021F8404080F3118862
:106DF0004FF0030002DF89E70B4A0C490C4840F2D0
:106E0000013309F013F8404080F311884FF003007C
:106E100002DF86E7881F00206043002057440020DF
:106E200098430020D0430020D07F02002875020044
:106E3000CC74020010B50120FFF706FF0A4A126861
:106E40004FF4004340F2E7300021E2FB03014FF42E
:106E50007A720023E9F754F9BDE8104002460B4668
:106E6000024807F07FBA00BF60430020581F00208F
:106E7000072813D870B500EB8003104D15F8333098
:106E80001A0704464FEA8006C3F3C00005D59B07E6
:106E900006D5264405EBC605686A70BD002070471C
:106EA000074A084908484FF44A7308F0BFFF4040BA
:106EB00080F311884FF0030002DFEAE7504400201E
:106EC000D07F020034800200CC74020007280CD866
:106ED00000EB8003064A12F833104B0705D5282330
:106EE00003FB002202F11E0070470020704700BF24
:106EF000504400202DE9F047894616460AB1FF2389
:106F00001370154D002400F0010805F1FF3A09E067
:106F10001EB13378FF2B08BF37700134082C05F100
:106F2000280514D004EB8403E7B21AF83330C3F316
:106F30008012DB07ECD54245EFD1062228464946B0
:106F40000FF0E0FA0028E8D13846BDE8F087FF27C7
:106F50003846BDE8F08700BF514400202DE9F04FCE
:106F6000074685B000200E469046F9F7ABFB002897
:106F700040F09380BA4604461AF8010B0DF10F0257
:106F80005146FFF7B7FF072840F2BA809DF80F90EF
:106F9000B9F1070F00F2978009EB8902D2005A4D30
:106FA000D7F801100192531C09EB890BE9502B44CF
:106FB000BAF8041099803B7815F83B10009263F3FF
:106FC0008611A95430461021F4F754FE009BE95C69
:106FD00060F38201E95440461021F4F74BFE009B18
:106FE000019AE95C00F0010060F3C30111F0040FA5
:106FF000E95405EBCB0B4FEA89031CD0DFF80CE119
:10700000DFF80CC19EF800108BF817100CF80190F7
:10701000DFF800B14FF0FF3C0CEB011C01318EF8A2
:107020000010DC4406F10F01013E11F801E90CF8F3
:1070300001EFB142F9D1002849D118320021A950FD
:107040002A44354E918003EB090215F8321021F0E5
:10705000120105F8321097F80080B71E08F00108F9
:1070600004E00134082C06F108061AD017F8342081
:1070700012F0010BC2F34001F3D04145F1D130468B
:107080000622514600930FF03DFA009B0028E8D1FC
:1070900007EBC40787F8019005E00C2005B0BDE8B8
:1070A000F08F4FF0000B4B444FEA4B1215F83310A2
:1070B00042F0010221F021010A43002005F83320AB
:1070C00005B0BDE8F08F072005B0BDE8F08FD61DF4
:1070D000A81903EB0901D8F800B0D8F804E0D8F8F3
:1070E00008C0D8F80C8045F806B005EBC101C0F81F
:1070F00004E0C0F808C0C0F80C80002048629CE79B
:10710000122005B0BDE8F08F50440020E06100205F
:10711000C8430020D043002092450020072807D80C
:10712000044B00EB800013F83000C0F3C000704740
:107130000020704750440020024B1B780370024827
:10714000704700BFE0610020D043002010B5204B05
:107150001B78834204460CD91E4B1C5D072C19D8A2
:107160001D4B04EB840213F83230DB0720D5204698
:1071700010BD1A4A1A491B4840F2793308F056FEEE
:10718000404080F311884FF0030002DF114B1C5D7B
:10719000072CE5D9114A1449124840F27B3308F014
:1071A00045FE404080F311884FF0030002DFD7E72F
:1071B0000A4A0E490B484FF45F7308F037FE40400F
:1071C00080F311884FF0030002DF204610BD00BF9E
:1071D000E0610020C843002050440020D07F02001E
:1071E000C4810200CC740200E4810200B881020074
:1071F000072823D870B500EB8003114E16F8333002
:10720000DB0704464FEA800505D5254416F835000E
:10721000C0F3401070BD0B4A0B490C4840F2873355
:1072200008F004FE404080F311884FF0030002DFB5
:10723000254416F83500C0F3401070BD002070479B
:1072400050440020D07F020020800200CC74020055
:107250001378FF2B19D12DE9F047194D0446AE469E
:10726000002303EB830C9E0015F83CC01CF00100CA
:1072700003D0CCF3801CA44509D00133082B0EF1B8
:10728000280EEED10120BDE8F0870120704701F102
:10729000FF3877464FF0000C17F801AF18F8019F40
:1072A000CA450CF1010CE8D1BCF1060FF4D11E4423
:1072B000137015F836305A07E5D5C3F30010E2E72E
:1072C00050440020024B1878003818BF0120704746
:1072D000E161002000F07CBB08B5002302F04EF80D
:1072E000002008BD10B584B0079BD3E9002090476B
:1072F000012812D004460DF10F010DF10E00F6F732
:107300000FFE0021064B00919DF80F209DF80E0006
:107310000121F5F7DDFF034BDC6004B010BD00BFB9
:10732000297301001C46002000B585B00DF10F0146
:107330000DF10E00F6F7F4FD9DF80F20064B9DF8B9
:107340000E00002101320091D2B20221F5F7C0FFF8
:1073500005B05DF804FB00BFF9730100F0B58DB016
:107360000E4605460DF12F010DF12E001C46174665
:10737000F6F7D6FD9DF82FC006940CF1010C002401
:10738000CDE90744CDE90344CDE901449DF82E0041
:10739000059700962B465FFA8CF20121F5F704FF62
:1073A00010F0FD0F0AD006480094064BC4609DF80B
:1073B0002F209DF82E000121F5F78AFF0DB0F0BDBA
:1073C0001C46002029730100019B024A3121FFF76E
:1073D000C5BF00BFD973010070B5059D0446F6F71F
:1073E000A5FD2B462046034ABDE870400621FFF765
:1073F000B5BF00BFE5720100014806F0ADBD00BF9A
:107400000446002008B50122002102480EF04AFC83
:10741000002008BD04460020024BA0F2A462C3E98C
:10742000002070471C4600200020F5F799BE00BFE1
:1074300008B5F5F7D3FF014B986008BD1C46002046
:10744000684620F007018D4601B501F0BBFFEDF75E
:107450009DFEBDE801408546704700BF08B50A4B58
:10746000D3F840213AB90120F4F7F2FCBDE8084016
:107470000220F4F7EDBC0020C3F84001D3F84031FE
:10748000F5F77AFEEFE700BF00B000400020F4F708
:10749000DFBC00BF38B5F8B91F4B204C1B782178F2
:1074A0009942DAB20DD01E4A1E491F484FF4547358
:1074B00008F0BCFC404080F311884FF0030002DF6D
:1074C00022781A4B1A4D19782B7801329942227082
:1074D00010D001332B7038BD114A1649124840F2C2
:1074E0004B3308F0A3FC404080F311884FF00300B9
:1074F00002DFD1E70A4A10490B4840F2563308F040
:1075000095FC404080F311884FF0030002DF2B7898
:1075100001332B7038BD00BFE2610020E361002021
:10752000EC81020034820200CC740200E76100208A
:10753000E6610020EC7902005082020010B50E4B8B
:107540000E4C1A7823789A4206D00D490D4A0978D4
:1075500011700133237010BD0B4A0C490C4840F2E6
:10756000423308F063FC404080F311884FF0030081
:1075700002DF2378E9E700BFE5610020E461002035
:10758000E2610020E3610020EC81020078820200C9
:10759000CC74020002F024B810B5184A184C1278C6
:1075A00023789A421BD02178164B0131C9B20022B0
:1075B00021700399996001201146F4F7EBFB00B9A3
:1075C00010BD114A1149124840F2D63308F02EFC82
:1075D000404080F311884FF0030002DF10BD0A4ADB
:1075E0000C490B484FF4747308F020FC404080F3C2
:1075F00011884FF0030002DFD5E700BFE3610020F0
:10760000E2610020F8080020EC81020038760200D8
:10761000CC740200A08202002DE9F047494E1446C6
:10762000494A337812789A428AB058D019B10A7F01
:1076300012F0020503D000200AB0BDE8F087E3682D
:10764000D4F800901B68DFF804A1DF68D3E90121BA
:1076500091422CBFC7EB0107C7EB020709EB0708F4
:1076600028F07F48DAF800104046F5F7B9FE03022B
:10767000E1D5374A374B11781A7891422DD1364AE5
:10768000364912780978914227D000951A7801324C
:10769000D2B21A702946324B2A462846F5F718FE10
:1076A00010F0FD0F19D02F4A2F49304840F2C23355
:1076B00008F0BCFB404080F311884FF0030002DF6C
:1076C000284A2949294840F28A3308F0AFFB404054
:1076D00080F311884FF0030002DFE36818E01E4BCF
:1076E0001E4A1B7812789A42A0D1C368D0F8009045
:1076F0001A68DFF858A0D768D2E9011088422CBF79
:10770000C7EB0007C7EB010709EB070828F07F4824
:10771000CAF800800693164B0022CDE90732154BBC
:10772000CDE90222CDE90423CDE900723478013499
:10773000E4B24B46114610463470F5F735FD0AB0F9
:10774000BDE8F087E7610020E661002034460020B4
:10775000E4610020E5610020E2610020E361002097
:107760003D750100EC8102002C780200CC7402000F
:107770009574010099750100F0B56E4EB36889B03B
:1077800083B1336873B1FF2305468DF80A3002E0F8
:10779000037F980708D00DF10A00F6F773FD044641
:1077A0000028F5D109B0F0BDE368AB4244D00DF13B
:1077B0000A00F6F767FD07460DF10A00002F00F0FA
:1077C000A1803B7F9907F4D1FB689D421CD0F6F75E
:1077D00059FD03460DF10A00002B00F093801A7F3B
:1077E0009207F4D1DA68AA42F1D19F420CD0524AF2
:1077F0005249534840F20B4308F018FB404080F3D5
:1078000011884FF0030002DF237FA269E16843F093
:107810000203237720469047FF238DF80A3002E0C9
:10782000037F990707D00DF10A00F6F72BFD0446F8
:107830000028F5D1B6E7C56873683168284603AA01
:1078400098470546002853D0B36831680020984710
:1078500015F10B0F0FD08C35A4D0374A3949384871
:107860004FF4896308F0E2FA404080F311884FF04A
:10787000030002DF96E7FF240DF10B008DF80B40AB
:10788000F6F700FD60BB0123306800930021CDE9CD
:107890000411069107903160039BD6E9010104AA07
:1078A000F6F7A8FC00287FF47DAF234A2649244838
:1078B00040F2464308F0BAFA404080F311884FF096
:1078C000030002DF6EE743F0020303778369984702
:1078D0008DF80B400DF10B00F6F7D4FC0028D2D048
:1078E000037F9A07F6D4C26831689142F2D1EAE781
:1078F000237FA269E16843F0020323772046904783
:1079000009B0F0BD224600212046FFF785FE30F089
:1079100002033FF447AF084A0C49094840F20143CB
:1079200008F084FA404080F311884FF0030002DF32
:1079300038E700BF38460020EC810200BC8202001C
:10794000CC740200DC820200D48202002C78020097
:1079500010B515480EF00AF810B3144B00249C60C3
:1079600000F0F6FA00281ADB214601202246EDF746
:1079700037FE22460B200121EDF732FE224621463A
:107980001820EDF72DFE0120EDF7FAFD0B20EDF7A5
:10799000F7FD1820EDF7F4FD01F044FD204610BD81
:1079A0006FF0120010BD00BF1467020038460020BF
:1079B00008B500F0DDFA002809DB0120EDF7EEFD47
:1079C0000B20EDF7EBFD1820EDF7E8FD002008BDDA
:1079D000034603488AB2194683681B68184700BFEC
:1079E0001467020030B4074DAB685C6834B18AB2EA
:1079F000A44601460023284630BC60476FF085004E
:107A000030BC70471467020030B4074DAB685C6847
:107A100034B18AB2A44601460023284630BC6047F0
:107A20006FF0850030BC704714670200002070477B
:107A300030B5044683B078B3234B1A68824225D010
:107A4000FF250DF107008DF80750F6F71BFC38B93C
:107A50001AE0A1420AD00DF10700F6F713FC98B125
:107A6000037F9B07F7D4C168002CF2D1037F8269A2
:107A700043F00203037790470DF107008DF807509C
:107A8000F6F700FC0028EBD103B030BD9B686BB16A
:107A9000014600209847D3E70B4A9368002BCFD0CC
:107AA00011680029CCD000209847C9E7074A084947
:107AB000084840F2151308F0B9F9404080F31188E6
:107AC0004FF0030002DFBBE738460020EC810200E4
:107AD000E8820200CC7402000020704738B50446EA
:107AE000F6F7C2FB54B110B324680020F6F7EAFBA6
:107AF0002046F6F75BFC58B1002038BD1A4DAB6844
:107B00001BB32C680023AB602B60002CECD1ECE79E
:107B1000164A174917484FF4C37308F087F94040D5
:107B200080F311884FF0030002DF002038BD0F4AB8
:107B30001149104840F24F1308F078F9404080F3A3
:107B400011884FF0030002DFCEE7084A0B490948CD
:107B50004FF4AA7308F06AF9404080F311884FF09F
:107B6000030002DFCDE700BF38460020EC810200B1
:107B700014830200CC740200F08202000083020031
:107B80006FF08B00704700BFD0E90132002A04DBA0
:107B90009A4238BF1A4610467047C068984238BFAC
:107BA0001846704710B51446F5F718FC2146F5F74E
:107BB00017FC034610F4000004D10333092B88BFDF
:107BC000184610BD002010BD262810B504461CD054
:107BD000272812D0252808D00A281ED9272821D8DE
:107BE0000330400001F06CFC02E0022001F068FC70
:107BF0002046BDE8104001F069BC502001F060FC57
:107C00002046BDE8104001F061BC1A2001F058FC8C
:107C10002046BDE8104001F059BC0230400001F0A0
:107C20004FFCE5E7064A074907484FF4FC7308F0A4
:107C3000FDF8404080F311884FF0030002DFD7E7E2
:107C4000EC8102004C750200CC74020001F09EBC75
:107C500001F0A4BC08B501F0C3FCBDE8084001F088
:107C60001BBE00BF08B501F0BBFC01F015FEBDE86E
:107C7000084001F0B9BD00BF08B501F0B1FC01F04A
:107C80000BFE01F0EFFD01F0E3FFBDE8084001F05D
:107C9000ABBD00BF08B50146174801F0A3FB01F0DA
:107CA000C5FC60B101F08EFE01F0F4FB00F09CF920
:107CB00000280EDBBDE808400020FFF70FBF01F0F1
:107CC0007BFC01F07FFE01F0E5FB00F08DF9002860
:107CD000F0DA0A4A0A490B484FF41D7308F0A6F877
:107CE000404080F311884FF0030002DF0020BDE820
:107CF0000840FFF7F3BE00BF95750100EC8102005C
:107D00001C830200CC74020010B5044601F068FC2C
:107D100001F0C2FD01F0A6FD01F09AFF01F064FD43
:107D20002046BDE81040FFF7B5BF00BF08B50146CB
:107D3000134801F057FB01F079FC40B100F054F911
:107D400000280ADBBDE808400020FFF7C7BE01F0AD
:107D500033FC00F049F90028F4DA0A4A0A490B48D2
:107D600040F2832308F062F8404080F311884FF01E
:107D7000030002DF0020BDE80840FFF7AFBE00BFF0
:107D800095750100EC8102001C830200CC74020096
:107D90002DE9F04784B01D46FF239DF830908DF803
:107DA0000F3006460F46904604E090F81CC01CF0C9
:107DB000030F3AD00DF10F00F6F764FA04460028DD
:107DC000F3D1DFF818A1DAF80830002B45D1EB68C1
:107DD000CAF80030CAE901672846C047044603E0F4
:107DE000017F11F003010AD00DF10F00F6F74AFAF6
:107DF00002460028F4D1204604B0BDE8F087FFF722
:107E00000BFC30F00203F6D0354A364936484FF4C1
:107E10003E7308F00BF8404080F311884FF00300E8
:107E200002DF204604B0BDE8F087DFF8B0A0DAF842
:107E3000083093B9B9F1000F36D1AC42C7D0284A07
:107E40002A4929484FF4367307F0F0FF404080F389
:107E500011884FF0030002DFB9E72A46CDF8009001
:107E6000434639463046F6F7C5F9024630B3B9F114
:107E7000000F16D1002C14BF204610462146FFF7F4
:107E8000CBFB30F002030CD0154A1649164840F2DD
:107E9000B32307F0CBFF404080F311884FF003007D
:107EA00002DF6FF07604A6E7CDF8009043462A463D
:107EB00039463046F6F79EF90028F2D1084A0C49B7
:107EC000094840F2A62307F0B1FF404080F3118833
:107ED0004FF0030002DF0022C9E700BF3846002050
:107EE000EC8102002C780200CC7402003083020086
:107EF0002883020001F1100006F02EB870B5054687
:107F00008AB00C460122002104A80DF0CBFE0F4BD5
:107F1000019300260323694628460396029307F03F
:107F2000DBFE002810DB4FF40043314640F2E7301F
:107F3000E4FB03014FF47A720023E8F7E1F802460C
:107F40000B4604A806F02EF80AB070BDF57E0100BD
:107F500010B5012002F066FC0449002301244B60A7
:107F60008C60CB60BDE8104007F0B6BE48460020EC
:107F700008B5012002F056FCBDE8084007F004BF38
:107F80000C4B1A780AB10020704710B50120187008
:107F900002F048FC4FF4FA710446FFF7AFFF38B91E
:107FA000204607F0F1FE02280CBF00206FF004000D
:107FB00010BD00BFE861002008B50A4BBFF35B8F1E
:107FC00053E8002F511C43E800100028F8D1BFF3FC
:107FD0005B8F002A01DD002008BD02F02BFC002091
:107FE00008BD00BF4446002008B50C4B1A68002AA3
:107FF00011DDBFF35B8F53E8002F511E43E80010E3
:108000000028F8D1BFF35B8F012A01DD002008BDF5
:1080100002F026FCFAE76FF0770008BD4446002026
:10802000FA207047014B33F8100070476483020058
:1080300010B50446FFF720FE01F00AFC2046BDE81B
:108040001040FFF727BE00BF30B583B00546FFF7ED
:1080500001FE962001F030FC002318461A4619460E
:1080600001F054FB0120F6F75DF80446002843D0E8
:1080700004F11C0001F07EFA01F0C4FAE0B92548D1
:10808000294601F0AFF9FFF71DF950BB01F0EEFCF6
:1080900000210446084601F083FA002105460846FF
:1080A00001F07AFA2C44C334201A01F097FC03B093
:1080B000BDE8304001F0CCBC174A1849184840F2DE
:1080C0009F4307F0B3FE404080F311884FF0030058
:1080D00002DF1048294601F085F9FFF7F3F8002880
:1080E000D4D00DF10700FFF727F8002201469DF8D4
:1080F000070001F06BFDC9E7074A0A49084840F24A
:108100009B4307F093FE404080F311884FF003003B
:1081100002DFADE7C587010074830200C883020057
:10812000CC740200C0830200814208B50ED00B7AE5
:10813000DB0702D46FF08B0008BD124B1360FFF712
:108140003BFF00280FDB6FF00A0008BD0B7B01EB43
:1081500083010B691B7803F00F03012B14BF6FF031
:108160008B00002008BD084A0849094840F25443E2
:1081700007F05CFE404080F311884FF0030002DFFF
:10818000E1E700BFD5850100748302001C83020073
:10819000CC74020010B50446FFF76EFD01F058FBE9
:1081A0002046FFF777FD0B4B0021012208469C601B
:1081B000F3F7F0FD00B910BD074A084908484FF42D
:1081C000B56307F033FE404080F311884FF00300A1
:1081D00002DF10BD08090020748302003876020017
:1081E000CC74020010B5D8B10C46FFF7FDFE002894
:1081F00004DB2046BDE81040FFF770BC0C4A0D4977
:108200000D4840F27A4307F011FE404080F3118898
:108210004FF0030002DF2046BDE81040FFF75EBCD0
:10822000064801F0DFF8BDE8104001F0C5B900BF15
:10823000748302001C830200CC74020031800100B0
:10824000084B042210B598182821F3F7ADFC064B13
:1082500000249C800222214604480DF023FD204684
:1082600010BD00BF7846002018090020604600209D
:10827000084B042210B598182821F3F795FC064BFB
:1082800000249C800222214604480DF00BFD20466C
:1082900010BD00BF7846002018090020604600206D
:1082A00010B504460548F3F7A3FC20B103460020AF
:1082B0005870636010BD6FF00B0010BD7846002051
:1082C00003460020187058709860704738B52D4CE0
:1082D000227961792378914203D002FB03439D68A0
:1082E00035B92948F3F784FC054688B1284638BDDE
:1082F000264805F07FFE23796279A1789A42F5D06D
:108300000133DBB2994208BF00232371284638BDF0
:108310001E484FF42032002305F044FEB0B91B483C
:1083200005F068FE237961792278A07899421BD004
:1083300013FB02F2164901338A58DBB2984208BF98
:108340000023237182B11546284638BD114A1249CF
:10835000124840F2B91307F069FD404080F31188DC
:108360004FF0030002DFDAE70A4A0D490B484FF4E9
:10837000DF7307F05BFD404080F311884FF003008E
:1083800002DFB3E71809002078460020604600208D
:10839000200900207483020028750200CC740200BA
:1083A000DC83020010B5027843789A4214D0D4B22C
:1083B00044700278944204D05A1C4370D3B2022B0A
:1083C0000ED01A4600EB82040B70606800B110BD3D
:1083D000FFF77CFF606010BD0133DBB2022BF0D1F0
:1083E00000221346EEE700BFF8B5027843789342C7
:1083F00004462CD0D5B2184A92F805E000EB850768
:108400000EF101039078DBB2984208BF0023107987
:1084100098420E4679680BD094461CF8080B10FB66
:108420000EF04CF8001053710C4805F095FD00213A
:108430006B1CDBB2022B0ABF00221A46134679607E
:108440002370012104EB820431706068F8BD1A4684
:1084500004EB82046068F8BD180900206046002023
:1084600070B5037AC3F302130446002B93FAA3F00A
:10847000B0FA80F008BF4FF0FF3082B000F1010584
:1084800045D0217A5A1E134063F3061105F12400EA
:108490002172FFF799FB00230DF1070104F10C0095
:1084A0008DF80730FFF7A0FF0546002840D028468A
:1084B00001F066F82B7803F00F03022B1ED00DF1AC
:1084C000070104F11800FFF78FFF064600283DD092
:1084D0009DF807302BB1D5F80230C6F80230EB8892
:1084E000F3802146204800F07DFF962001F0E4F95A
:1084F000002002B0BDE8704001F0C0B81B48214622
:1085000000F070FF02B0BDE8704001F05FB9184A9A
:108510001849194840F2B35307F088FC404080F3F3
:1085200011884FF0030002DF237AC3F30213A8E798
:108530000F4A1249104840F2BC5307F077FC404004
:1085400080F311884FF0030002DFB0E7084A0C49BE
:10855000094840F2C65307F069FC404080F3118897
:108560004FF0030002DFB3E7498001008585010079
:1085700074830200E0830200CC740200E8830200EE
:10858000EC83020010B50446FFF776FB237A03F074
:108590007102012A05D1C3F3420262F3061323726A
:1085A000DBB213F0700F05D0636853B193F820303D
:1085B0009B0706D501F04CF92046BDE81040FFF7B7
:1085C00069BB2046FFF74CFF00F0F0FFBDE810400C
:1085D00001F03EBA70B5C36804461E68F4F7FEFEAB
:1085E00005463046FFF7D0FA00232D1AC4E90053A0
:1085F00023812046BDE87040E9F71EBA10B582B06D
:108600000446FFF7D9FC00281ADB144A1449154820
:1086100000940023F6F7D6F808B1773001D102B004
:1086200010BD114A1149124840F2B22307F0FEFB77
:10863000404080F311884FF0030002DF02B010BD0C
:10864000094A0C490A4840F2AF2307F0EFFB4040CB
:1086500080F311884FF0030002DFD6E7391A0000DB
:10866000E581010029810100748302008C760200FB
:10867000CC7402001C8302002DE9F0410D46417AC2
:108680009DF818801746CA071E4609D5B8F1000F95
:1086900017D02B78B7EBD31F1AD00020BDE8F0819C
:1086A0002946044611F8020B079AC0F38010FEF722
:1086B000CFFD0028EDD1637ADB07EED5B8F1000FCE
:1086C000E7D1079B1878FEF793FD0028E1D1E4E796
:1086D000062205F1080130460DF014FFB0FA80F0D3
:1086E0004009BDE8F08100BF2DE9F84F1F460B9B04
:1086F0009DF828909DF8305006460C4692466BB97E
:10870000437A03F00303012B2CD9002D3AD02378B0
:10871000BAEBD31F4AD00020BDE8F88F88460D9AE7
:1087200018F8020BC0F380104146FEF791FD0028B7
:10873000F2D094F800B0BAEBDB1FECD104F10801E1
:10874000384606220DF0DEFE0028E4D10D9B1B7892
:10875000FF2B1ED0B27AFF2A1BD0981AB0FA80F0F5
:108760004009D9E711F8020B0D9AC0F38010FEF70B
:108770006FFD0028CBD1737A03F00303012BCAD914
:10878000002DC4D10D9B1878FEF732FD0028BED114
:10879000C1E7CBF3801BCB45BDD10B9806224146E8
:1087A0000DF0B0FEB0FA80F04009B5E7062204F102
:1087B000080138460DF0A6FEB0FA80F04009BDE889
:1087C000F88F00BF2DE9F0438BB0044600F024FF82
:1087D000C0B250B9FFF750FA7A48214600F002FEC5
:1087E0000BB0BDE8F04300F0E7BE00F035FF0546F2
:1087F00001F042F8814601F049F801F041FA0646DD
:1088000001F020FAEDB2804600F0F8FFFFF734FAED
:10881000002DE1D016F0FF0677D1FF2301208DF85F
:108820002730F5F77FFC0546002800F09F80237B6A
:1088300004EB830305F11C011F693B465FFA89F9CC
:1088400013F8020B00F00F0CBCF1010F08BF07F189
:108850000808C0F380124FEAD017287F00F00F00FD
:1088600018BF4FF00008032857D00528B4D1687FFF
:108870002228B1D160680028AED090F8200080078F
:10888000AAD40DF127000390CDE901890097204675
:10889000FFF72AFF00289FD00420F5F743FC0028AB
:1088A0009AD04948214600F09DFD00F085FE00F079
:1088B000A9FE00284CD1626892F8203043F00103F1
:1088C00082F82030F5F750FC17224FF6FF73027143
:1088D000C3808460054601F06FF8286101F0C0F89C
:1088E00000210446084600F05BFE241A6C6196B134
:1088F0009DF827306B76F5F737FC2946E860286845
:10890000F5F760FC0BB0BDE8F0835FFA88F0FEF786
:108910001DFC034682E7FF23ECE7687F0C287FF409
:108920005BAFB8F1000F7FF457AF0DF12700019056
:10893000CDF800902046CDE906230591FFF79CFE77
:1089400010BB287F079BDDE9051200F00F008CE7C4
:108950001E4A1F491F4840F2566307F067FA40401D
:1089600080F311884FF0030002DFA4E7174A1A4989
:10897000184840F2F65307F059FA404080F3118846
:108980004FF0030002DF52E70E48214600F02AFDB7
:1089900000F01CFF237E04EB8303D86900F0F0FD98
:1089A00000F030FE0028ADD0084A0949094840F2DD
:1089B0000F6307F03BFA404080F311884FF003004B
:1089C00002DF9FE785850100958101007483020025
:1089D000C8830200CC740200C0830200F8B50546CB
:1089E000FFF74AF9F5F7D2FC0446002836D02249B1
:1089F000A2790878214B60F30002A271204A1B88FB
:108A00001278A3800121217022721BB195F91D30CB
:108A1000002B04DB2846BDE8F840FFF73BB995F88A
:108A20005B3003F00703022B16D0042B0CBF4FF46E
:108A3000BC77282701F000F8064601F003F8361A43
:108A4000E6602A6BC4E9042700232B63AB63284646
:108A5000BDE8F840FFF71EB91827EBE7094A0A49B5
:108A60000A484FF4527307F0E1F9404080F311884F
:108A70004FF0030002DFBAE7EA610020DA4B002082
:108A8000E961002030840200187C0200CC740200EE
:108A900008B500F0EBFD02780346012161F3010205
:108AA0001A70002008BD00BF00207047704700BF4B
:108AB00010B40548054C0649064A0023238003707C
:108AC0000B70137010BC7047EA610020DA4B002075
:108AD000EB610020E961002038B550B30D46044633
:108AE000FFF782FA002817DBE2682389518A0133F5
:108AF0000B445382F5F74AFC044608B3A2790023DD
:108B000063F3000201212170A380A2712372284621
:108B1000BDE83840FEF7E2BF104A11491148AC23C6
:108B200007F084F9404080F311884FF0030002DF22
:108B3000DAE70D4800F056FCBDE8384000F03CBDD7
:108B4000064A0A490748B42307F070F9404080F309
:108B500011884FF0030002DFD0E700BF308402002D
:108B60001C830200CC740200DD890100187C020025
:108B7000F8B505460120F5F7D5FA044650B395F847
:108B80005B60B5F84E7006F007060021304600F035
:108B900083FC95F87230B2001B07F9B242F0010273
:108BA00004F11C040ED50431C9B2082000F0B8FC51
:108BB0002246314605F1730000F05EFFBDE8F84043
:108BC00000F0D8BC082000F0ABFC2046BDE8F8401F
:108BD00000F0D0BC064A074907484FF4217307F05C
:108BE00025F9404080F311884FF0030002DFC6E70B
:108BF00030840200C0830200CC74020038B5044601
:108C0000FFF728F8962000F057FE94F85A2094F8C1
:108C10005B00C2F3C00300F0070002F0070200216E
:108C200000F074FD2046FFF7A3FF00F0EBFC58BBFB
:108C300000F01CFF054694F85B00012100F00700DE
:108C400000F0AEFC94F85B3003F007030544022B00
:108C500005F1A30516D0042B0CBF4FF4BC732823D9
:108C600094F85A00C0F3C00100F007001D4400F062
:108C700093FC281A00F0B2FE21460A48BDE83840AD
:108C800000F0B0BB1823EBE7074A0849084840F258
:108C9000392307F0CBF8404080F311884FF00300F0
:108CA00002DFC5E7C98D010030840200C8830200DD
:108CB000CC740200F8B50F4690F85A10B0F84C602A
:108CC00001F007040546C1F3C001204600F0E4FBB3
:108CD00095F87230A200DB0642F00102F1B20DD528
:108CE0000431C9B2082000F01BFC394605F194009C
:108CF00000F008FFBDE8F84000F042BC082000F09A
:108D00000FFC3846BDE8F84000F03ABCF0B5054627
:108D100083B001AAC06D0F46296EF2F7CFFF95F818
:108D200072305A07064638D448B3019C95F8713022
:108D300095F8702004341C4412B9627885F87020CC
:108D400033B12378012262F30103237095F8713067
:108D500095F87020D31A63702846F8F777FD63788A
:108D600083422AD960700121237803F00F03002287
:108D700043EA01132370A2703C6003B0F0BD43F0DE
:108D8000040385F8723000F071FC044623786FF319
:108D9000041323703C6003B0F0BD43F0040385F876
:108DA000723000F063FC0446002EEFD0037843F0ED
:108DB000100303703C6003B0F0BD32682B6E9A4222
:108DC000D1D10021D0E700BF2DE9F04182B00446A7
:108DD00000F022FCC0B250B9FEF744FFB84821466B
:108DE00000F000FB02B0BDE8F04100F0E5BB00F090
:108DF00033FCC5B200F002FDFEF734FFB14A138820
:108E0000012003441380F5F78DF98046002800F017
:108E1000DD80002D49D1AC4B1E78002E40F0A4809F
:108E2000012201A920461A70FFF770FF0026019F5A
:108E30003546962000F040FD94F85B0000F00700F6
:108E400000F01CFCA148214600F0CCFA00F000FE26
:108E500094F872203B7862F3C3033B7094F872304D
:108E60003A78C3F3400363F382023A7039462046EE
:108E7000FFF720FF00F0C6FB002840F0998000F0CB
:108E8000DBFD002866D0002D6AD0A0894FF6FF7365
:108E9000984200F0CC802946F8F73CFC002E75D1B2
:108EA00002B0BDE8F041F5F785B994F8723098F852
:108EB0001C2003F00101C2F38000884200F096807C
:108EC00094F91D2081F0010161F30003002A84F868
:108ED000723005DA94F8203043F0040384F820302F
:108EE00094F872305D0700F1B380D4E9170101AA4C
:108EF000F2F7E4FE0546002800F0B08094F87120F7
:108F0000019B1344597971B194F87230D8060AD58F
:108F1000D4F8A4300133C4F8A430D4F8A83043F115
:108F20000003C4F8A83094F870300A44D2B29A42D0
:108F3000C0F09A8000F0B080654A664966484FF4F8
:108F4000757306F073FF404080F311884FF0030003
:108F500002DF83E000F064FD00F068FD002D94D195
:108F6000A6B902B0BDE8F081013EF6B201A92046E3
:108F70001E70FFF7CBFE002E7FF458AF019F5048C4
:108F8000214600F02FFA00F021FC61E7F5F7ECF83C
:108F9000032388F80430A389D8F80000A8F8063025
:108FA0004146F5F7F7F802B0BDE8F041F5F702B930
:108FB000474A4A49484840F28F1306F037FF40407D
:108FC00080F311884FF0030002DF58E7404A44491C
:108FD0004148FF2306F02AFF404080F311884FF0FC
:108FE000030002DF002D3FF416AF5EE70025C2F359
:108FF000C002C3F340039A4239D00026324A394BAB
:10900000002111702046012201A91A70FFF77EFE8F
:1090100098F81C30DA0619D4019F3B78DB063FF53F
:1090200008AF7B78002B7FF404AFA8E70026284A1E
:109030002D4929484FF4CF7306F0F8FE404080F3E5
:1090400011884FF0030002DFA08924E7019FF0E6BA
:109050006FF3820384F8723000F008FB94F87230EA
:1090600098F81C200025C2E784F87120F6E7032059
:10907000F5F758F80028C0D094F8723083F0020356
:1090800084F8723098F81D30002BB6D094F8723006
:1090900019072BD40126B1E70022A4F87020206E16
:1090A00004F15C01F2F712FE019B1B682B60019B2F
:1090B0001D60019D94F8723098F81C2097E700BF5E
:1090C000DD890100DA4B0020EB610020FD8B0100FF
:1090D000308402004C750200CC740200C883020088
:1090E000C0830200EA6100208484020000F03AFD9F
:1090F000002867D000F060FD002853D1D4F88330F9
:10910000D4F88720134305D198F81C3003F00303EB
:10911000032B30D0324B3348022221461A7000F024
:1091200061F900F049FA00F06DFA78B900F084FCBA
:10913000D0B1002D3FF415AFA0894FF6FF739842D0
:109140003FF474AF2946F8F7E5FAA9E6264A27491D
:1091500027484FF4887306F069FE404080F3118879
:109160004FF0030002DFE1E700F05AFC00F05EFC84
:10917000002DE1D1F5E600F07DFA4378272B01467A
:10918000C8D80333DAB208F11C000DF003FAD4F8A2
:109190008330D4F88720013BC4F8833042F1FF3399
:1091A000C4F88730D4F883300D4A0133C4F88330D3
:1091B000D4F8873004F1830143F100034B600123AD
:1091C000137067E7084A0B49094840F2EF3306F08D
:1091D0002DFE404080F311884FF0030002DF89E745
:1091E000E9610020DD89010030840200C8830200AB
:1091F000CC7402007C84020010B582B00446FEF7F5
:10920000DBFE002825DBE16820894B6ACA6A00FB87
:109210000333886A1344834228BF0346CB62134A50
:109220001349144800940023F5F7CCFA08B17730BD
:1092300001D102B010BD104A104911485D2306F05B
:10924000F5FD404080F311884FF0030002DF02B0CB
:1092500010BD094A0B490A484C2306F0E7FD40407F
:1092600080F311884FF0030002DFCCE7A91B000058
:10927000D98A0100817B01009C8402008C76020067
:10928000CC7402001C830200054B4FF48032002195
:10929000C3F80815C3F84423C3F80423704700BF7C
:1092A00000B00040054B1878421C1A7018B9044BE6
:1092B00001221A6070470120704700BFEC61002056
:1092C00000B0004010B50D4C207848B10138C0B254
:1092D000207018B90A4B01225A6010BD012010BD40
:1092E000084A09490948282306F0A0FD404080F3B8
:1092F00011884FF0030002DF2078E7E7EC610020DF
:1093000000B00040FC84020048850200CC740200DA
:10931000014BD3F80405704700B00040024B00F544
:10932000A87043F82010704700B00040124B30B4D2
:109330000121044600205960C3F80445C3F8000128
:10934000C3F80401196005E0D3F8042132B9D3F859
:1093500004251AB1D3F80021002AF5D05960D3F8BA
:109360000421002AE7D1D3F80455002DE3D0C3F837
:10937000042530BC704700BF00E0004070B58CB0E1
:109380000E4615460146102268461C46F2F764FC5C
:1093900010220DEB02003146F2F75EFC6846FFF743
:1093A000C5FF25B1102208A92846F2F755FC3CB1AB
:1093B0000DF1200CBCE80F0020606160A260E3604A
:1093C0000CB070BD044BD3F8103123B1034A044BE9
:1093D00010681B681847704700100040384900208B
:1093E0003C49002038B5044601200D46ECF7D6F87C
:1093F000084B094A1C600949094B156010200222DC
:10940000C1F80403C3F88021BDE838400120ECF71F
:10941000B7B800BF3C490020384900200010004088
:1094200000E100E04FF080434FF0FF320021C3F82D
:10943000002EC3F8042EC3F8081EC3F80C2EC3F880
:10944000101EC3F8142EC3F8182EC3F81C2EC3F830
:10945000202EC3F8242EC3F8282EC3F82C2EC3F8D0
:10946000302EC3F8342E704710B50120ECF796F873
:10947000064B074800244FF490514FF41052C0F8A7
:109480001845C3F80018C3F8042810BD00F00140C7
:1094900000100040704700BF054B02280CBF04219C
:1094A000032140F20122C3F81015C3F8502670477B
:1094B00000100040014BC3F80C057047001000403D
:1094C000014BC3F80805704700100040074BC3F874
:1094D0005405D3F8182522F00072C3F81825D3F8E4
:1094E000182542F00072C3F818257047001000409C
:1094F0000A4A00210123C2F82C15C2F83035C3787E
:10950000C2F82435437890F802C001781B0443EA7E
:109510000C6343EA0123C2F81C3570470010004079
:10952000C2F38203A3F1020302F00302B3FA83F34E
:10953000013A5B091B06022A98BF43F4801300F02E
:109540000F000A4A184340F48070C2F81405D2F89C
:109550001805074B0340C2F81835D2F818351943DF
:1095600041F44031C2F81815704700BF00100040A8
:109570000000F8FE014BC3F80405704700100040DE
:10958000014BC3F8040570470010004002280CBFCF
:1095900028202920704700BF0120704729207047EC
:1095A00002280CBF05200A20704700BF014B012292
:1095B0001A60704700100040074A084910B40123A0
:1095C0004FF410640020C2F808455360D360C1F81E
:1095D00000020B6110BC704700F001400010004019
:1095E000074B0022C3F80021D3F80011C3F80C2167
:1095F000D3F80C11C3F81021D3F81031704700BF15
:1096000000100040034BD3F80001003818BF0120C0
:10961000704700BF00100040034BD3F80C01003826
:1096200018BF0120704700BF00100040034BD3F863
:109630005005B0FA80F04009704700BF00100040AC
:10964000044B40F20312C3F83425C3F83805C3F8BD
:109650003C15704700100040034BD3F8000400385D
:1096600018BF0120704700BF00100040004870473D
:10967000344900200048704730480020F0B41D4BAA
:109680001D4D1E4E1E4C1F4F0322C3F800222A7888
:10969000C6F8687502F10C03DBB2D000DB00910064
:1096A00003F1804300F1804003F5F83300F5F83012
:1096B00001F18041C6F86C0501F5104104EB82040C
:1096C0001148C3F81045C3F81405D1F840352D2BC7
:1096D0008ABFD1F8403501232D3BC1F84035013216
:1096E000064B4FF4106102F00102C3F804152A7012
:1096F000F0BC704700100040ED61002000F0014018
:10970000409100400C110040041000402DE9F04150
:10971000284E294C294FDFF8A8E0DFF8A880032362
:10972000C6F800322178CEF8688501F10C03DBB26F
:10973000DB00CD0003F1804303F5F83305F18045EC
:1097400007EB810705F5F835CEF86C554FEA810C2B
:10975000C3F8107549F63465C3F814654AF2B813B6
:10976000022A18BF1D460CF1804C42F2B84241F269
:109770008833022818BF13460CF5104C124A2B44AC
:10978000A2FB0323DCF84025B2EB931F85BF9809A9
:10979000DCF8403501231B1ACCF840350131084B69
:1097A0004FF4106201F00101C3F804252170BDE8F7
:1097B000F08100BF00100040ED61002040910040AA
:1097C00000F001400C110040D34D62100449054BDC
:1097D00003204FF41062C1F80002C3F80825704757
:1097E0000010004000F00140034B0022C3F81C2190
:1097F000D3F81C31704700BF00100040034BD3F872
:109800001C01003818BF0120704700BF0010004045
:1098100010B44FF0000C4FEA8C0303F1804303F5C2
:1098200080531468C3F800460CF1010C9488C3F807
:109830002046BCF1080F02F10602ECD1034B40EACE
:109840000120C3F8400610BC704700BF0010004064
:10985000034AD2F8403623F0FF03C2F8403670477F
:1098600000100040034B0022C3F81421D3F8143138
:10987000704700BF00100040034BD3F814010038BC
:1098800018BF0120704700BF00100040014BD3F803
:1098900010047047001000400449054B054A4FF47E
:1098A0008020C1F84803C3F80825704700B0004085
:1098B00000F00140C000700E034B044A1B7803F512
:1098C000A87342F823007047ED610020009000402B
:1098D000F0B4A2F574232F4DA3F51073AB420446E8
:1098E00006D902F1E87202F5D432013902F5A57207
:1098F000294B2A482A4D2B4E0127DF600027C3F849
:109900000475A0FB02020427C3F81075900C02270F
:10991000C3F80875244AC3F84005C5F848154FF444
:109920008021C5F844134021C2F84065C2F844358F
:10993000C2F804154CB34FF48013C2F804351B4A27
:10994000012100240423D160C2F80445C2F8103577
:10995000154BC2F8084511601549C3F850150C3273
:10996000C3F8542502F5AF32124CC3F8584502F53E
:10997000FC7201F50041C3F85C2538310832C3F8A8
:109980006015C3F86425F0BC70474FF40013C2F8AB
:109990000435D4E7BFBDF07F0080004083DE1B4369
:1099A00000B0004048B1004000F00140009000408D
:1099B0000C11004040910040014BD3F8480570471E
:1099C00000B000400349044A01234B600B6153601F
:1099D0001361704700800040009000400449054B2F
:1099E000C1F844054FF08862C3F80425704700BFF2
:1099F0000080004000F00140054B06480649074A38
:109A0000C3F84805C3F84C15C3F80425704700BFD8
:109A100000F0014000110040408000408000000440
:109A2000014BD3F84405704700800040014B18609B
:109A3000704700BF2C480020014B1868704700BFDA
:109A40002C480020014BD3F84005704700800040AF
:109A5000024B4FF00062C3F80425704700F001404C
:109A6000014BD3F84805704700800040014BD3F804
:109A700048057047008000401C4B30B40024C3F8F8
:109A8000004502294FF00204C3F80045044626D0E1
:109A900003F580334FF00071154DC3F80415134BD7
:109AA0001448C3F804550021C3F80845124CC3F804
:109AB0000C05C3F81025C3F81445C3F80012C3F809
:109AC0000011D3F80021C3F80411D3F80421C3F81E
:109AD00008110122D3F808111A6030BC7047074BF7
:109AE000074D4FF00071C3F80415D8E700F00040AF
:109AF00001000001304800202047002000F0014014
:109B00000100010110B4134B002204460220C3F8E7
:109B10000025C3F800051048C3F80405C3F808453C
:109B20000E48C3F80C150E4CC3F810050121C3F8FC
:109B30001445C3F80012C3F80021D3F80041C3F85C
:109B40000421D3F80441C3F80821D3F8082119608F
:109B500010BC704700F000400000010130480020B8
:109B60002047002010B5124C0223C4F80433D4F867
:109B700004316BB94FF02003EFF3118083F31288A7
:109B8000BFF36F8FEBF7CAFDD4F80431002BF1D08F
:109B9000074B084A02204FF40041C3F80803C2F8FB
:109BA0008011D3F80801B0FA80F0400910BD00BF61
:109BB00000F0004000E100E0034BD3F8000400385F
:109BC00018BF0120704700BF00F00040F0B4194AF0
:109BD000194BD2F80455194E0024013D0327C3F850
:109BE0000075C3F80405C3F80815C3F81055C3F889
:109BF0001465C3F80041D3F80011C3F80441D3F849
:109C00000411C3F808414021D3F80831C2F86015A7
:109C1000D2F800320A4943F04003C2F80032C2F8D9
:109C200028414FF40003D2F82821C1F80435F0BCD4
:109C3000704700BF0010004000F000401C470020AB
:109C400000F00140014BD3F80004704700F00040E1
:109C500010B4084A084C09490023C2F828314FF4CF
:109C60000000D2F82821C4F80035C1F8080510BC5E
:109C7000704700BF0010004000F0004000F00140BD
:109C8000174BD3F828314BB310B5164C0123C4F849
:109C90000433D4F800316BB94FF02003EFF3118097
:109CA00083F31288BFF36F8FEBF738FDD4F80031E0
:109CB000002BF1D00B4B0C4A01204FF40041C3F8AC
:109CC0000803C2F88011D3F804212AB1D3F808019F
:109CD000B0FA80F0400910BD002010BD0020704790
:109CE0000010004000F0004000E100E001390129CF
:109CF00005D80B200AB1EBF743BCEBF74FBC08B516
:109D0000064A074907482D2306F090F8404080F3A3
:109D100011884FF0030002DF08BD00BF5485020028
:109D20004C750200CC74020029B10139012905D813
:109D30000B20EBF747BC1820EBF744BC08B5074AEB
:109D400007490848412306F071F8404080F3118824
:109D50004FF0030002DF002008BD00BF5485020061
:109D60004C750200CC74020088420FD0012807D045
:109D700002280DD1A1F10100B0FA80F0400970472E
:109D8000A1F10200B0FA80F040097047012070474D
:109D900000207047012908B50FD002290DD091B1DC
:109DA0000C4A0D490D487B2306F040F8404080F3F3
:109DB00011884FF0030002DF08BD094B4FF4006229
:109DC000C3F8002108BD064B4FF08072C3F8002194
:109DD00008BD00BF548502004C750200CC7402001F
:109DE00000E100E008B50BF080FE08BD032810B5C7
:109DF000044604D8114B1C5D8CB1204610BD104A9E
:109E000010491148292306F011F8404080F31188C9
:109E10004FF0030002DF094B1C5D002CEDD1084A16
:109E20000A4909482C2306F001F8404080F31188C4
:109E30004FF0030002DF204610BD00BF2486020061
:109E4000A4850200F4850200CC740200148602008E
:109E5000013810B51C46042800F28280DFE800F0CB
:109E60001221303F030004294AD0444A444945485E
:109E7000B82305F0DBFF404080F311884FF003006A
:109E800002DF10BD042943D03C4A3D493D484C23E4
:109E900005F0CCFF404080F311884FF0030002DF53
:109EA00010BD03293CD0354A35493648632305F0B7
:109EB000BDFF404080F311884FF0030002DF10BD6A
:109EC000042935D02D4A2E492E487A2305F0AEFFBD
:109ED000404080F311884FF0030002DF10BD0329DA
:109EE00036D004292CD0254A25492648A02305F040
:109EF0009DFF404080F311884FF0030002DF10BD4A
:109F0000214B9C60BDE8104002210320F1F742BFC5
:109F10001E4B9C60BDE8104002210020F1F73ABFC3
:109F20001B4B01219C60BDE810400846F1F732BF91
:109F3000184B9C60BDE8104002210120F1F72ABFB8
:109F4000154B02219C60BDE810400846F1F722BF86
:109F5000124B9C60BDE8104001210220F1F71ABFAE
:109F6000064A07490748BE2305F060FF404080F3DA
:109F700011884FF0030002DF10BD00BFA48502006E
:109F80004C750200CC7402002C0900207C090020D2
:109F90006C0900205C0900203C0900204C090020CD
:109FA00001460020FFF7BAB94FF080530246D3F8BC
:109FB000A410013107D04FF08051D1F8A00010F06B
:109FC000010009D17047D3F8A8304FF6FF719BB25A
:109FD0008B42F0D100207047D1F8A4301360D1F843
:109FE000A8301371C3F3072363F03F035371D1F813
:109FF000903001331CD0D1F89430013318D0D1F80F
:10A000009830013314D0D1F89C30013310D0D1F8FE
:10A010009030C2F80630D1F89430C2F80A30D1F846
:10A020009830C2F80E30D1F89C30C2F8123008E0F7
:10A030000023C2F80630C2F80A30C2F80E30C2F867
:10A0400012300120704700BF00234FF080520360A0
:10A0500043608360C360D2F88030013318D0D2F8F7
:10A060008430013314D0D2F88830013310D0D2F8C4
:10A070008C3001330CD0D2F880300B60D2F88430B1
:10A080004B60D2F888308B60D2F88C30CB60704750
:10A0900000230B604B608B60CB607047024B2C221F
:10A0A00002FB0030704700BF040E0020827A064B8E
:10A0B0002C2101FB02339A6A1B7F1B33801A23F089
:10A0C0000303B0FBF3F07047040E002038B50A4BD1
:10A0D000827A2C2404FB02330C685B6A5B681A6882
:10A0E000944294BF0C600A60D3E90054FFF7DEFF8E
:10A0F00005FB004038BD00BF040E00202DE9F043F1
:10A1000085B005466846039190461C460CF01FF842
:10A11000DDE900674FF02003EFF3118983F3128824
:10A12000BFF36F8F6B8B002B45D02A8B9A4229D9B6
:10A1300000220023284603F0DBFE044610B389F317
:10A140001188BFF36F8F039B002B45D032463B46EF
:10A1500068460CF020F8264DA37A2C2606FB035304
:10A1600003A95B6A1B6820461F68DDE90023B84726
:10A170006061002831D1A07A214600FB06500BF027
:10A1800083FD24E0698B4B1E6B8389F31188BFF339
:10A190006F8F2B7F2A8BAC6A1B3323F00303521A79
:10A1A00002FB0344124B134AEB1A9B105343A37256
:10A1B0002B7FE372C7E789F31188BFF36F8F2346C4
:10A1C0004246284603F094FE04460028BBD10024F2
:10A1D000204605B0BDE8F08363610023012263607F
:10A1E00022812382039A63696282E360F0E700BF01
:10A1F000040E0020A38B2EBA2DE9F041164D044623
:10A2000000262C270CB9BDE8F081237AD4F804800D
:10A21000013BDBB22372002BF5D1616959B1637A3E
:10A22000DB0707D4A37A07FB035320465B6A1B684E
:10A230009B6898476661A07AE66007FB00536660FA
:10A240001B6A1BB1204698474446DBE7214600FBCA
:10A2500007500BF019FDF7E7040E002013280ED865
:10A26000084A12F8103053B102EB4002527832B172
:10A2700008684343002093FBF2F30B6070476FF0D4
:10A280001500704778A70200054B0122C3F800258E
:10A2900090F8861009B1DA6070471A605A6070470A
:10A2A00000700040087970B500F01F04072C20D81A
:10A2B0000B780B2B1DD8DFE803F0070707071C06F8
:10A2C0001C1C1F211C2304234A78032A1AD0042AA9
:10A2D0000FD100254A8844F20A06B24246D013D86C
:10A2E00044F20306B2423DD044F20506B2423BD0EE
:10A2F000E2B36FF0150034E00523E5E70623E3E75A
:10A300000723E1E70125E5E744F21406B2422FD026
:10A3100044F22806B2422DD044F20F06B242E8D1F0
:10A320000322C0F340101B0243EA005343EA053303
:10A3300043EA0243220102F1804202F5E04200209A
:10A34000C2F81835230103F1804303F5E0438A790D
:10A35000C3F81425C3F81005074B4A79234483F842
:10A36000A02070BD0022DCE70122DAE70222D8E754
:10A370000422D6E70522D4E7D0010020F7B50D4628
:10A380004FF0FF3357484FF0FF3203F00BFE6E687B
:10A39000731EFE2B3CD800235348544F1A4626FA0E
:10A3A00003F111F0010126D017F803C0BCF1000F32
:10A3B0002ED000EB031E6C7CDEF81815003C18BF95
:10A3C000012421F0807141EA0461CEF8181503F1EF
:10A3D00051010901013240F801C0D2B20133082B0A
:10A3E000DDD12B7C083B062B12D8DFE803F00911E6
:10A3F0001D1119111B0003F1510424010151EDE756
:10A4000000233949012AC1F8F0356B7C0ED97BB1A4
:10A410006FF01504334803F09FFD204603B0F0BDF4
:10A420000223EEE70323ECE70123EAE7082BEFD84A
:10A43000C1F8F4352968530011B1898901FB033350
:10A44000E96899424AD3284BA968C3F82C162F46CD
:10A45000C3F830260FCF264C04F174060FC63B68B4
:10A460003360002626672B6827469BB30FCB04F189
:10A47000880585E80F006567A4F8986050B3BFF3BE
:10A480005B8F57E8003F47E80062002AF9D1BFF32D
:10A490005B8F1849D4F88850174A4FF400400F4694
:10A4A0003146E5FB007100233846E5F729FE00221E
:10A4B000CDE90001002304F1080004F0ADFC0F48D1
:10A4C0004FF0FF324FF0FF3303F06CFD00B1206717
:10A4D000246F9FE70648FFF7D7FEF0E76FF00B0405
:10A4E00098E700BF100200200070004070020020BA
:10A4F000D00100203F420F0040420F002802002000
:10A5000010B50E4B0024C3F80441D3F80421C3F85E
:10A510001041D3F810211222C3F804230720EBF7CF
:10A520002FF8224601210720EBF75AF80448836CE4
:10A5300013B9403003F010FD002010BD0070004042
:10A54000D001002038B52F4BD3F80421002A4CD07D
:10A550000022C3F80421D3F804112B4C0121996087
:10A56000C3F80025636F2546D3B3D4F88C30B4F814
:10A57000982033B104F174019847012814D00228BF
:10A5800028D0B4F89830B4F894209A4222D90133F4
:10A59000A4F898301B4BD3F82C26D3F8341689B284
:10A5A00002EB4102C3F82C26D4F8883023B9BDE869
:10A5B00038401548FFF768BEBFF35B8F55E8003F92
:10A5C0005A1E45E800210029F8D1BFF35B8F012B0B
:10A5D000EDDC38BDD4F8883013B10C480BF0FCFD2D
:10A5E0000B48BDE8384003F0B7BCD3F81011002980
:10A5F000EFD0C3F81021D3F8102101229A601A601D
:10A600005A60E6E700700040D0010020D801002029
:10A6100028020020084B70B5C31A0D4607499B104D
:10A6200004465943064840220AF04DFC2B46014699
:10A630002046BDE87040184784490020B76DDBB65E
:10A64000D866020073B50C4C0C4A4023041B0093DF
:10A650000D460B460A49A4106143064609480AF014
:10A660005FFC011E05DA30462B4602B0BDE87040A3
:10A67000184702B070BD00BF844900208D4F020012
:10A68000B76DDBB6D866020010B54FF02003EFF3CC
:10A69000118483F31288BFF36F8F074A136823F086
:10A6A0000201DB07116002D401200BF017F884F3DC
:10A6B0001188BFF36F8F10BDD4490020002270B500
:10A6C000012104461046EAF78BFF114801F014FF00
:10A6D000104B984218D1206900F0D0F90AF0B9FF68
:10A6E00026690D49304605F0E4FA00280BDB012508
:10A6F00035642469084904F11C0005F0DAFA0028E1
:10A7000001DBE564002070BD6FF00400FBE700BFD3
:10A7100051A701000000AD0B4086020070B5014654
:10A720000C2309484B43C418D4E90E564033002289
:10A730001844A2630AF0B4FB2DB132462B460348FD
:10A74000BDE87040184770BD84490020D8660200FB
:10A75000012810B504460AD004280CD078B9084B5B
:10A760001B6C5B070BD1BDE81040FFF7D7BF00F0B3
:10A7700093F92046F7E7BDE8104000F09BB910BD03
:10A780008449002008B54FF02003EFF3118183F3D3
:10A790001288BFF36F8F124A136843F002001060F3
:10A7A000DA0708D481F31188BFF36F8F0120BDE869
:10A7B00008400AF05BBF4FF08043D3F80C24D3F875
:10A7C0000C34DB07EED507480AF06AFB81F31188E9
:10A7D000BFF36F8F0020BDE80840FFF79FBF00BFA9
:10A7E000D4490020C44900207FB500220123CDE9CF
:10A7F000022304ABCDE90433094ACDF800D06B46FF
:10A80000CDF804D00AF0BBFB002805DB4FF48042F2
:10A810000023684603F0C6FB07B05DF804FB00BFE9
:10A82000A54F0200024AC3B21C2003FB0020704760
:10A8300084490020094BBFF35B8F53E8002F42F09F
:10A84000010143E800100028F7D1BFF35B8F9307A5
:10A8500002D401200AF00ABF704700BFD44900208B
:10A8600010B54FF02003EFF3118483F31288BFF388
:10A870006F8F074A136823F001019B07116002D410
:10A8800001200AF02BFF84F31188BFF36F8F10BDF6
:10A89000D4490020F8B52849BFF35B8F0646012252
:10A8A00051E8003F41E800200028F9D1BFF35B8F59
:10A8B00033B9224922484B60CB608A6005F00CFA1C
:10A8C000731E012B1DD80BF010F90446D0B91D4B97
:10A8D0001B78BBB14FF080430222C3F80823054622
:10A8E0004FF08047D7F81824D7F81834D20313D57F
:10A8F0009B0701D0012E0FD1C4B185F31188BFF39E
:10A900006F8FF8BD4FF02003EFF3118583F31288AA
:10A91000BFF36F8F0124E3E71CB12846EAF7FEFE80
:10A92000E0E70021212004F019F8DBE74FF0804335
:10A930000222C3F80423E4E7804900207049002084
:10A94000A0490020F16100200D4BBFF35B8F012275
:10A9500053E8001F002903D143E800200028F7D165
:10A96000BFF35B8F0AD107490023CB60064B4B60D6
:10A9700003238B60054B186805F0AEB9704700BF24
:10A98000F4490020DC49002051AA0100D8490020E8
:10A9900007B500220023CDE9002308484FF4003218
:10A9A000002304F039FA064B186805F0EDF9054B61
:10A9B00000221A6003B05DF804FB00BFD80C002031
:10A9C000D8490020F4490020F7B51C4E1C4CB7684C
:10A9D0001C4DFB683A213046984740B10023237054
:10A9E0002B8001F09BFD0123237003B0F0BD0C21EF
:10A9F0003B696A46304698470028EFD1124A019BCE
:10AA000093FBF2F3009A217803EB82031BB2B5F9B2
:10AA100000200029E4D09A1A002AB8BF524212B28C
:10AA2000012ADDDC094A1368013901332170136002
:10AA300003B0BDE8F040FFF7ABBF00BFDC6702002A
:10AA4000EE610020DC4B002090D00300EC49002098
:10AA500008B507480AF08AFF28B901F05FFD054BE9
:10AA600001221A7008BDBDE80840034803F012BC7B
:10AA7000DC670200EE6100208C090020034B044AD1
:10AA8000186000231360034A13607047D849002000
:10AA9000F0490020EC490020024B00221A70FFF719
:10AAA00053BF00BFEE61002001480BF095BB00BF13
:10AAB000D80C0020024A136801331360FFF768BF07
:10AAC000F04900204FF02003EFF3118283F3128846
:10AAD000BFF36F8F094BD3F8001161B10021D3F898
:10AAE0000805C3F80011D3F80031C0B282F3118811
:10AAF000BFF36F8F70476FF00A00F7E700D0004098
:10AB0000F0B5034610469C7893F803C04FF020053B
:10AB1000EFF3118285F31288BFF36F8F1F7893F8DC
:10AB200001E0E41B04EA0C04A04288BFA0B23E1876
:10AB30000CEA06063D461E7082F31188BFF36F8F44
:10AB40000A188A4217D177450DD14FF02001EFF353
:10AB5000118281F31288BFF36F8F1978597082F3D5
:10AB60001188BFF36F8F1B79241AA34222BF064BB3
:10AB700001221A60F0BD5E190135767901F8016B8A
:10AB800005EA0C05DDE700BF00D00040DB432DE9FE
:10AB9000F04713F001050E46144604D02348FFF792
:10ABA000AFFFBDE8F087A2B34FF02003EFF31188A9
:10ABB00083F31288BFF36F8F0D20EAF703FD07467A
:10ABC0000D20EAF7EBFC88F31188BFF36F8FDFF8F5
:10ABD00060A0DFF86080CAF80051DAF800314FF465
:10ABE00000590123CAF800302546C8F88091DAF8E8
:10ABF000003183B1FFF766FF031EC8F88091F6DBD2
:10AC0000013DADB27355002DF1D117B10D20EAF71A
:10AC1000B7FC2046C5E74FF02003EFF3118083F324
:10AC20001288BFF36F8FEAF779FDE0E7284A00202A
:10AC300000D0004000E100E02DE9F041124F0D4648
:10AC4000144607F1450814B92046BDE8F0814FF0DD
:10AC5000FF334FF0FF32384603F0A4F9224629466D
:10AC60004046FFF74DFF0646384603F075F93EB9FA
:10AC70004FF0FF324FF0FF33044803F093F9E6E75B
:10AC8000A41BA4B23544DEE7F8490020104A002096
:10AC900038B5194C0122114620460BF003F8012269
:10ACA000002104F118000AF0FDFF40F20743A4F868
:10ACB00048304FF0706323630C2384F83430002550
:10ACC0000E4B84F84550A4F84650D3F8042542F0C2
:10ACD0000102C3F804250121C3F80051D3F8002173
:10ACE000C3F804132A4619600D20EAF779FC0D20F9
:10ACF000EAF746FC284638BDF849002000D000405D
:10AD000010B5FFF7DFFE002820DB174B93F8322049
:10AD100093F8314093F83310141B31EA0404C0B2A5
:10AD20000DD193F8472093F8464093F84810141B30
:10AD300031EA04040BD10D4B01225A600EE09C183D
:10AD40000132114084F8350083F8321010BD9C1890
:10AD50000132114084F84A0083F847100448BDE8E6
:10AD6000104003F0F9B800BFF849002000D00040BF
:10AD7000104A002000F1744000F5A6000A289ABF8E
:10AD8000024B33F910006FF00F007047C8880200C3
:10AD9000024B0B6001231360704700BF0487020061
:10ADA0000048704788860200054B994206D14FF053
:10ADB000FF324FF0FF33303003F0F4B8704700BF7C
:10ADC0000000AD0B38B5056995F860300446FBB955
:10ADD00028460AF00BF90022002305F1480003F091
:10ADE000E1F82B6D4BB90B4D02F01CFCA84209D1C8
:10ADF00002F03AFC084B00221A702069BDE8384086
:10AE00000AF001B9002140F2676003F0A7FDEBE70B
:10AE100038BD00BF0000AD0BEF610020F8B506693A
:10AE200096F860400546D4B930460AF0DFF80D4F79
:10AE300006F1480003F090F83B785BB90A4968686E
:10AE4000324602F077FBFFF795FFB0FA80F35B091B
:10AE500004463B7028690AF0D6F82046F8BD002465
:10AE6000FBE700BFEF610020E14F02002DE9F84F42
:10AE70000D1ED0F804900646904669DBD9F82830BC
:10AE8000AA189A4264D8C5F30B02B8F1000F5FD03C
:10AE9000C8F30B0313435BD1FFF7C0FF044660BB4D
:10AEA00030690AF0AAF8214630460AF0EAF804466A
:10AEB00000BB3069DFF8A0A00AF098F8D9F8283074
:10AEC000434520D10AF049FDC3460746306939465B
:10AED000FFF76AFF57452BD1B8EB0B085D44EDD166
:10AEE00030690AF090F8012130460AF0CAF8002CC7
:10AEF00008BF0446306903F02FF83046FFF762FFC1
:10AF00002046BDE8F88FB8F5803F09D3ABB2A3B9AE
:10AF10002946012002F0FEFB4FF4803B0746D5E7AF
:10AF2000B8F5805F09D20D4930690C4FFFF73CFF3F
:10AF30003846FFF71FFF0446D2E7C5F30B00002891
:10AF4000F1D1294602F0E6FB4FF4805B0746BDE7EE
:10AF50006FF01504D4E700BF0000AD0B0400AD0B8B
:10AF600070B543681D6B86B0044603AA00212846CD
:10AF70000AF056FA00285EDB039B2A6819791868E4
:10AF800000F07AFC002856DB002201212920EAF794
:10AF900027FB656822693C49284602F0CBFAFFF797
:10AFA000E9FE002847DB0022AB2303A92046CDE9B8
:10AFB000032205928DF80C300AF028F800283ADBBD
:10AFC00023200AF0CEFC6B7F023B012B35D92D7F6D
:10AFD000033D012D8CBF0025012520460AF066F8AF
:10AFE000002828DBC2B2C0F38010854201AD26D113
:10AFF0002046FFF7E7FE03260023CDE90263049312
:10B0000020469F23CDF804D08DF80C300595FFF72E
:10B0100005FF024688BB03A9204609F0F7FF054655
:10B020002046FFF7CFFE5DBB6068324669462C3094
:10B030000BF068FA20BB06B070BD0125CDE70023F8
:10B0400082F04002ADF8003003A98DF800202046C0
:10B050000122CDE90223CDF804D005938DF80C2010
:10B06000049509F0D3FF0028E5D120460AF01EF828
:10B070000028E0DBC307F8D4BAE72046FFF7A2FEBA
:10B080006FF01200D7E700BFE14F02002DE9F34750
:10B0900005460F461E469046002A00F08680002B8B
:10B0A00000F08380042B01D99A077ED1BB077CD1A5
:10B0B000002F6A6879DB926ABB19934275D82846DB
:10B0C000FFF7ACFE0446002864D1286909F095FF1B
:10B0D0002146284609F0D5FF0446286909F086FF75
:10B0E000002C45D1032E1ED804213A460DEB010059
:10B0F0000AF030FC044601462869FFF755FE2C4B48
:10B100009C4235D13246414601A80BF043FA042156
:10B110003A460DEB01000AF01AFC04460146286984
:10B12000FFF742FE24E008F06043B3F1005F02D174
:10B1300018F0030F35D0DFF878A0042EB14628BFF1
:10B140004FF004094A46414601A80BF023FA3A465B
:10B15000494601A80AF0FBFB044601462869FFF7AF
:10B1600023FE544504D1B6EB0906C8444F44E4D14C
:10B17000286909F048FF0121284609F082FF0646A8
:10B18000286902F0E9FE002C14BF20463046FFF784
:10B19000F1FD04462846FFF715FE204602B0BDE843
:10B1A000F0873A4631464046B5E76FF01504F4E7BC
:10B1B0000000AD0B2DE9F04F074685B088461C46D0
:10B1C0001646002A00F09980002B00F09480002998
:10B1D0004268C0F29280926ACB18934200F28D804E
:10B1E000FFF71CFE054600287ED1C8F1000505F0DA
:10B1F0000305386909F0FAFEA54228BF25467342C7
:10B2000003F0030306F0030958BFC3F10009C9F1B5
:10B21000000909F00309A14528BFA146631BA4EB5F
:10B22000090424F0030423F0030AA245C8BFA24680
:10B2300003F0030BC8BFA3EB040BBAF1000F18D047
:10B2400006EB090308EB05025146184601930AF084
:10B2500081FB044601463869FFF7A6FD284A94425F
:10B260003BD14D4505D0019B5246194670190BF054
:10B270009FF9BDB1C5F10409A8EB0902042102A898
:10B280000AF068FB044601463869FFF78DFD1C4B48
:10B290009C4222D109F108032A460DEB03013046F6
:10B2A0000BF078F9BBF1000F16D0082108EB05026E
:10B2B00052440DEB01000AF04DFB0446014638698B
:10B2C000FFF772FD0E4B9C4207D10AEB05005A4670
:10B2D00002A930440BF05EF9094C386909F093FE7D
:10B2E0002046FFF747FD05463846FFF76BFD284629
:10B2F00005B0BDE8F08F1D46F9E76FF01505F6E7DC
:10B300000000AD0B024B0B6001231360704700BFC0
:10B310004C4A0020004870472087020010B50122E7
:10B3200011460748074C0AF0BDFCFCF76BF80AF021
:10B3300039FA20600AF032FA6060002010BD00BFC8
:10B34000544A00204C4A00204FF08042D2F8101599
:10B35000D2F8103501F01E0123F01F030B4343F018
:10B360000103C2F81035024B00221A70704700BF6B
:10B37000F06100204FF08053D3F83031082B20D1FA
:10B380004FF08042D2F81015CB071AD5D2F81035FD
:10B3900001F01E0123F01F030B43C2F81035D2F851
:10B3A00008315BB1D2F8103523F01F030B4343F093
:10B3B0000103C2F810356FF08B007047024B012279
:10B3C0001A700020704700BFF0610020F8B50446F5
:10B3D0000AF0E4F9237B05460BB1FCF729F8134F7B
:10B3E0000026FFF7C7FFE8B9606801F0E5FCA36835
:10B3F0005B1BA36063682B4463603B780BB1FFF772
:10B40000A3FF237B01363BB9A368002BE9D1A068D9
:10B41000003818BF0120F8BD3046E6F7E9FA0028E9
:10B42000F2D0F4E76FF08B00F5E700BFF061002089
:10B43000F0B587B00E4615460AF0B0F92946074622
:10B44000304609F04EFEC8B3B6FBF7F307FB1363B3
:10B45000A3BBB5FBF7F407FB14547CBBBD4222D35E
:10B460004FF0FF324FF0FF33164802F09BFDFBF721
:10B47000DBFF02AB01461022C0B1214618460BF09B
:10B48000B1F801228DF814200F4ACDE900200F48B1
:10B49000CDE90365FBF7C0FF6846E6F72DFA0446E1
:10B4A000084802F059FD204607B0F0BD18460BF0E1
:10B4B00099F8CDE90365FFF789FFF0E76FF0150410
:10B4C000F1E700BF544A0020CDB30100645E0100E3
:10B4D00070B5037B04460BB1FBF7AAFF194E01259B
:10B4E000A368032B06D8184AD2F80034DB07FBD533
:10B4F000002070BDFFF73EFF08BB23686068196835
:10B5000001F07AFC33780BB1FFF71EFF6368043358
:10B510006360236804332360A368043BA360237B38
:10B520000135002BDCD02846E6F762FA0028D7D098
:10B53000054AD2F80034D907FBD50120D9E76FF0CE
:10B540008B00D6E7F061002000E0014070B50D46A9
:10B5500086B01946284616461C4609F0C2FD60B35F
:10B5600045EA04039B0728D1FCB14FF0FF334FF0AD
:10B57000FF32134802F016FDFBF756FF0346CDE9F4
:10B58000026502A804949BB101238DF814300D4B81
:10B59000CDE9003041F64C50FBF73EFF6846E6F738
:10B5A000ABF90446064802F0D7FC204606B070BD51
:10B5B0008DF81430FFF78CFFF3E76FF01504F4E714
:10B5C000544A0020D1B4010030B54068057B01F039
:10B5D0001F04B2F5001F85B044EA451405D120468A
:10B5E00001F0A4FA002005B030BD0025B2F5800FAF
:10B5F000CDE9025514D1B3F1007F0CBF042305231C
:10B600008DF808300023194602AA204601F0AAF856
:10B61000234B98423DD10121204601F039FAE1E760
:10B62000B3F1C06F27D0B3F1007F14BF0123022311
:10B630008DF80830836823FA01F111F00101E1D19E
:10B64000B2F1A07FDED104F01F03620903F5E073BD
:10B6500013D0012A20D1134A52F82330DB07D1D46A
:10B660000DF107052946204601F0BCF90E4B984222
:10B6700006D00395C6E70323DAE74FF0A042EBE7D5
:10B68000284601F0FFF9064B9842F2D06FF00B000C
:10B69000A9E76FF01500A6E751F82330FFDE00BFE1
:10B6A0000000AD0B000300500400AD0B10B501F01D
:10B6B000D9F9044668B901F0ADF9084B98420AD1AE
:10B6C0000748214601F088F9224605210620E9F7BE
:10B6D00087FF002010BD6FF00400FBE70000AD0BFA
:10B6E000E5B60100420970B5034602D0012A17D021
:10B6F00070BD0D4E326951680029F9D003F01F0367
:10B7000001250C689D400029F2D08A682A4002D0A9
:10B710004B68304698472CB1236821461C46F2E717
:10B72000024EE7E72346F8E700670200EC660200F6
:10B730002DE9FF4147683B7B01F01F0545EA4315B2
:10B740000E4628460DF10701144601F04BF914F49A
:10B75000403F80460DD1284601F00EFA3D4B9845FA
:10B7600003D19DF8070001F087F9002004B0BDE87F
:10B77000F0810023194602AA2846CDE9023300F0E1
:10B78000F1FF344B984214D1804503D19DF8070056
:10B7900001F072F9A3034ED540F206332340B3F50E
:10B7A000837F1AD00DD8062B18D005D8B3B1022B41
:10B7B00033D06FF01500D9E7B3F5807FF9D10123BD
:10B7C0000CE040F20222934229D0B3F5407F28D00A
:10B7D000B3F5007FEDD1022300E007238DF8083098
:10B7E00084F48033C3F30043E0068DF8093054BF7E
:10B7F000C4F34013032321038DF80A3013D57A686C
:10B800000123B340C2F80835002202A9284601F0FE
:10B8100069F8104B9842A8D0CBE70423DEE7052354
:10B82000DCE70323DAE7620341BF01237A68B34010
:10B83000C2F80C35E8E7E3064FF0000354BFC4F349
:10B84000401403241A4602A928468DF8084000F047
:10B8500089FFDEE70000AD0B036803F01F025B0900
:10B86000026004D0012B034818BF002070474FF03E
:10B87000A0407047000300502DE9F04FDFF8989189
:10B8800085B01546824600EB81014FF00108514515
:10B8900003D1002005B0BDE8F08FDAF8003003F0E6
:10B8A0007F04C3F343277F2C4FEA134308BF4FF0B5
:10B8B000FF34222B00F2AD80DFE803F01222282BA8
:10B8C0002E352BABABABAB4650ABABABABABABABFB
:10B8D000ABAB535E6164676A6D709A9DA0A3A600CE
:10B8E000C5F80C45601C1BD003A80394FFF7B4FFF8
:10B8F000039B08FA03F3C0F808350126B34654E069
:10B90000C5F81445601C0BD00026F7E7C5F80845BC
:10B91000E8E7C5F81045F5E7621CC5F8084576D19B
:10B920000AF1040AB3E7631CC5F80C45F8D00126F8
:10B9300003A80394FFF790FF039B08FA03F3C0F8F2
:10B940000C354FF0010B30E0C5F80845002FD9D178
:10B95000631CE5D00026B346062726E0C5F80C4553
:10B96000F4E7C5F86045661CDAF80030D8D0C3F3B8
:10B970008033002BDBD0B7E7C5F86445F3E7C5F8A3
:10B980006845F0E7C5F86C45EDE7C5F82045B9E72F
:10B99000C5F82445B6E7C5F81C45B3E7C5F8244506
:10B9A000621CBDD001264FF0000BDAF80030019385
:10B9B00003F40052002A03A81CBF01264FF0000B1D
:10B9C0000394FFF749FF039A019B00EB8200C3F346
:10B9D000C114D0F800273B0243EA840343EA0B0377
:10B9E00002EA0902134343EA4603C0F8003797E727
:10B9F000C5F8284576E7C5F83045D1E7C5F83445A0
:10BA0000CEE7C5F83845CBE7C5F83C45C8E7002682
:10BA10008EE76FF085003DE7F0F8FCFF036803F068
:10BA20001F025B09026004D0012B034818BF0020ED
:10BA300070474FF0A04070470003005002480021BB
:10BA4000C2E90001002070470024F400F7B5446803
:10BA50000569A66B01AA0021304609F0E1FC002827
:10BA60003FDB019B326819791868FFF705FF002852
:10BA700037DB002631460127236801F5AC7253F805
:10BA80002230002B0EDB01A80193FFF7C7FF019ABC
:10BA9000D0F80435D34013F0010318BF07FA01F3BF
:10BAA0003343DEB201310429E6D1023500230121FE
:10BAB00001FA03F232420CBF012200220133D20309
:10BAC000042B25F8022FF3D100231A4604F10801B4
:10BAD000204601F03DFA044B984214BF6FF00F006E
:10BAE000002003B0F0BD00BF0000AD0B036803F001
:10BAF0001F025B09026004D0012B034818BF00201D
:10BB000070474FF0A04070470003005010B54FF051
:10BB10002003EFF3118483F31288BFF36F8F0029A2
:10BB2000036808DDC1F5B60202F5B6629A4207DB8A
:10BB30000B44036004E0FBD0044A521A9A42F7DD3A
:10BB400084F31188BFF36F8F10BD00BF50FAA4FFBC
:10BB500030B523290469406823D14FF02003EFF367
:10BB6000118183F31288BFF36F8F0025236825604E
:10BB700081F31188BFF36F8F4FF4B4714B43016BA6
:10BB800093FBF1F11160046B04FB113313B95360A3
:10BB9000002030BD04494B435360016B93FBF1F32C
:10BBA000F5E76FF08500F4E740420F0073B5446895
:10BBB000636A05469847A66A01AA0021304609F043
:10BBC0002FFC002835DB019B326819791868FFF7D4
:10BBD00053FE00282DDB2B461A4A04F108012046AB
:10BBE00001F05CFA184B984225D0053B984225D1CC
:10BBF0006968CB6A5A1C18D001A80193FFF776FF39
:10BC0000019A01239340C0F80C35CB6A019301A837
:10BC1000FFF76CFF019B00EB83000C4BD0F8002773
:10BC2000134043F00303C0F80037204601F056FAF2
:10BC3000002002B070BD6FF00F00FAE76FF00D004A
:10BC4000F7E700BFB15502000500AD0BF0F8FCFFAF
:10BC5000014B01221A60704700C000400C290369A3
:10BC60000BD1DB6A064907484B4393FBF0F100FB1D
:10BC7000113311605360002070476FF085007047EA
:10BC800090D0030040420F00044B00690022C3F82B
:10BC90000021D3F8003102F05FB900BF00C00040BE
:10BCA0007FB505692B6B63B33A2901D00C292BD1E1
:10BCB00005F118064FF0FF324FF0FF33304602F027
:10BCC00061F8134B0193286B032300246946039406
:10BCD000029304F001F84FF0FF324FF0FF33284693
:10BCE00002F060F9286B04F04FF80A4BD3F80825EE
:10BCF000EA6201225A60304602F0BEF8204604B0E3
:10BD000070BD6FF00A00FAE76FF08500F7E700BF3B
:10BD100051BC010000C0004010B504690020FEF7CE
:10BD200081FD20634FF0FF320021204609F0BAFF69
:10BD300004F1180009F0F8FE002201210C20E9F7B7
:10BD40004FFC0C20E9F71CFC024B0122C3F8042332
:10BD5000002010BD00C0004070B5012383400E4A92
:10BD6000BFF35B8FDC4352E8001F01EA040542E8A1
:10BD70000056002EF7D1BFF35B8F4FF48032824024
:10BD80000648C0F80823BFF35F8FBFF36F8F0B42E5
:10BD900014BF0120002070BDD84A002000100140CF
:10BDA00070B40E49D1E90034D01AC31844F100042C
:10BDB00022F07F46C1E90034A6F50013B3F5400F29
:10BDC00009D2074B1B681A0A1B069C19054B42F146
:10BDD0000005C3E9004570BC02F028BFA01F002089
:10BDE000DC4A0020A81F002011B3BFF35B8F0123A2
:10BDF000104A834052E800CF4CEA030C42E800C1ED
:10BE00000029F7D1BFF35B8F0B4A4FF48033834097
:10BE1000C2F80433094BBFF35B8F1B68BFF35B8F22
:10BE2000C340DB0742BF064B4FF40032C3F800218A
:10BE3000704700BFD84A002000100140D44A0020BB
:10BE400000E100E00D4B1868010A0006BFF35F8FA8
:10BE50000B4BD3F80435181841F10001B3F5801FDE
:10BE60000AD2084BD3E90023904271EB030303D2BB
:10BE700010F1807041F10001704700BFDC4A0020E2
:10BE800000100140A81F00202DE9F04F85B0164694
:10BE90001F469DF840A00446FFF75EFF0190FFF7A4
:10BEA000D1FFB04271EB070354D23E4B301A67EB1F
:10BEB0000101984271F100014FD23B4B03EB041397
:10BEC000D3E902239F4208BF96425ED037494FF420
:10BED000803804F1500508FA04F8AD00C1F8488331
:10BEE0002046ADB209F0A2FB26F07F4B05F180455C
:10BEF00004F5A87305F58835DC464FF00309029375
:10BF0000029A2CF07F4341F82230C1F84483D1F8E3
:10BF10000435274A6FF00200C01A604420F07F40C9
:10BF2000904232D9286868B1D1F804350393A3EB65
:10BF30000B0020F07F40B0F5000F26D9204609F015
:10BF400075FB039BBAF1000F07D109EB030C09F154
:10BF50000109D5E7BAF1000F09D06FF015052046A9
:10BF60000199FFF741FF284605B0BDE8F08F012396
:10BF7000104ABFF35B8FA34052E8000F184342E81A
:10BF800000010029F8D1BFF35B8F07490E98230108
:10BF900001EB0412C8500F9B5360C2E902670025F1
:10BFA000DDE700BF01008000901F0020001001406D
:10BFB000FDFF7F00D44A00207FB51C4C1C4BC4F809
:10BFC0000833C4F848331B4B00254FF0FF304FF0C7
:10BFD000FF31C4F80855C3E902014FF48033C4F8B7
:10BFE0000433154B02264FF400320121C4F80463D8
:10BFF0001120C3F880212A46E9F7F2FA1120E9F767
:10C00000BFFA0E4A0123A360236013600C4B0D4A54
:10C010000093CDE9015500232846FFF735FF304650
:10C02000FEF738FC284604B070BD00BF0010014088
:10C0300003000F00901F002000E100E0D84A00201C
:10C04000A1BD0100FFFF7F002DE9F7432F4CD4F87D
:10C05000043399070BD5D4F8043143B12C4A00239B
:10C06000C4F80431D4F80431136801331360D4F8F0
:10C070000433DA032AD5BFF35B8F264B53E8002F36
:10C0800022F0010143E800100028F7D1BFF35B8FD5
:10C09000D30702D4D4F84031C3B10025C4F84051CD
:10C0A000D4F84031FFF7CEFE4FF02003EFF31182BA
:10C0B00083F31288BFF36F8F174BD3E90267B04247
:10C0C000B94106D282F31188BFF36F8F03B0BDE888
:10C0D000F0834FF0FF384FF0FF39C3E90289D3E90D
:10C0E00000101D604FF48033C4F84833C4F8405149
:10C0F000D4F8403182F31188BFF36F8F0029E5D067
:10C10000009032463B4628468847DFE70010014052
:10C11000DC4A0020D44A0020901F002030B5431C88
:10C12000124C85B005D08442A8BF0446012CB8BF8C
:10C130000124FFF787FE0E4B0C4DD3E90013401A84
:10C14000B0F5000F10D22218AA4228BF2A46521872
:10C150004FF0000007490091CDE9010043F10003D1
:10C16000FFF792FE05B030BD2A46F0E7FFFF7F00E3
:10C17000A01F0020A1BD010008B5FFF763FE024B20
:10C180001B68C01A08BD00BFA01F0020BFF34F8F5F
:10C190000549064BCA6802F4E0621343CB60BFF363
:10C1A0004F8F00BFFDE700BF00ED00E00400FA057F
:10C1B0004FF08053D3F83021082A06D1D3F8343118
:10C1C000052B02D8024AD05C70470020704700BFA0
:10C1D0005EA80200024AD2F80034002BFBD0704760
:10C1E00000E0014010B54FF08053D3F83021082A09
:10C1F0004ED14FF080420021C2F80C11C2F810114C
:10C20000C2F8381502F54042D3F80414C2F82015DC
:10C21000D3F80814C2F82415D3F80C14C2F8281562
:10C22000D3F81014C2F82C15D3F81414C2F8301532
:10C23000D3F81814C2F83415D3F81C14C2F84015FA
:10C24000D3F82014C2F84415D3F82414C2F84815C2
:10C25000D3F82814C2F84C15D3F82C14C2F8501592
:10C26000D3F83014C2F85415D3F83414C2F860155A
:10C27000D3F83814C2F86415D3F83C14C2F8681522
:10C28000D3F84014C2F86C15D3F84434C2F87035B2
:10C29000FFF78EFF18B13F4B3F4AC3F88C26FFF7DC
:10C2A00087FF18B13D4BFB22C3F81825FFF780FF2D
:10C2B00070B14FF080414FF08053D1F8E42ED3F8A5
:10C2C000583222F00F0203F00F031343C1F8E43E8B
:10C2D000FFF76EFF20B1324B4FF40072C3F84026D7
:10C2E0004FF08053D3F83031082B1AD14FF08043F0
:10C2F000D3F80024D20744BF6FF00102C3F8002432
:10C300004FF08053D3F83431052B02D8254AD35C43
:10C310003BB14FF01023D3F808224FF08043C3F80D
:10C3200058254FF01021D1F80C32DB0714D51E48E8
:10C330000123C0F80435FFF74DFFD1F80C3223F08C
:10C340000103C1F80C32FFF745FF0023C0F80435A4
:10C35000FFF740FFFFF71AFFD1F80032002B03DB95
:10C36000D1F80432002B14DA0F4901234FF01020CA
:10C37000C1F804351224FFF72DFFC0F80042FFF783
:10C3800029FFC0F80442FFF725FF0023C1F8043558
:10C39000DEE710BD005000404881030000F000407F
:10C3A0000090024058A8020000E0014030B5046847
:10C3B000CCB1BFF35B8FB4FA84F3C3F11F03DBB2DC
:10C3C00001229A4024EA020250E8005FA54204D10B
:10C3D00040E8002CBCF1000FF6D1BFF35B8FE6D133
:10C3E00002480B7030BD0248FCE700BF0000AD0BF7
:10C3F0000200AD0B10B50368CB40DB0714D401235A
:10C400008B400268BFF35B8F43EA020150E8004FA4
:10C41000944204D140E8001CBCF1000FF6D1BFF3F8
:10C420005B8FEED1014810BD0148FCE70000AD0B69
:10C430000400AD0BF7B5044618B1012823D003B0B2
:10C44000F0BD4FF080430222C3F80823C3F8040173
:10C45000D3F804210122DA60064601238DF8073063
:10C4600042F210754FF08047D4B1012CE7D1D7F8D4
:10C470000C3403F48033AEBB83B3012009F0E7F83A
:10C48000013DF4D12AE04FF080430022C3F80803B5
:10C49000C3F80021D3F8002158600DF10706DCE74E
:10C4A000D7F8183403F480333EB9002BC7D00120ED
:10C4B00009F0CDF8013DF3D1C1E7D7F8182402F017
:10C4C00003023260002BBAD09DF80700012803D187
:10C4D00009F0BDF8013DC7D1012CB0D1054B0022B8
:10C4E0005A71ACE7D7F80C2402F001023270002B2D
:10C4F000EAD1F3E7E04A0020054B1A792AB99A718C
:10C50000012218609A80034870470348704700BFB3
:10C51000E04A00200000AD0B0C00AD0B4FF0804353
:10C52000D3F80C14D3F80C24C80319D5D10717D5A8
:10C53000D3F81824D20313D50B498A7902F0FF00EF
:10C5400082B9C3F80C01D3F80C2108480822C3F8BB
:10C55000042301228A710221C3F8341C1A61704736
:10C560000348704703487047E04A00200000AD0BC5
:10C570000500AD0B0B00AD0B10B54FF08043D3F8A9
:10C5800000216AB10022C3F80021D3F80021012262
:10C59000C3F80823184B587910B95A711B6898478B
:10C5A0004FF08043D3F804215AB10022C3F804218C
:10C5B000D3F804210222C3F808230F4B01201B6883
:10C5C00098474FF08043D3F80C21A2B1D3F804234D
:10C5D000120710D50022C3F8342CC3F80C21D3F86D
:10C5E0000C110821C3F80813034B9A71BDE81040E1
:10C5F0001B680420184710BDE04A0020036803F0C0
:10C600001F025B09026004D0012B034818BF002001
:10C6100070474FF0A040704700030050034A4309A1
:10C6200000F01F00D35C1844C0B2704764A8020039
:10C6300008B5FFF7F3FF034B083033F81000C0F3E1
:10C64000401008BD340A002008B5FFF7E7FF034B90
:10C65000083033F81000C0F3400008BD340A002051
:10C6600008B5FFF7DBFF034B083033F81000400B31
:10C6700008BD00BF340A002070B50546FFF7CEFFA5
:10C680000C4C08300E4634F81030DA0508D5C3F3E8
:10C69000432304EBC302284654F8333052689847CA
:10C6A000A3682BB1E26831462846BDE870401847C0
:10C6B00070BD00BF340A002010B5FFF7AFFF124A6B
:10C6C000083032F81030D9051CD5C3F3432123F4C8
:10C6D000F85322F8103002F10E04002034F8023F23
:10C6E00013F4807F03D0C3F3432399420AD001306F
:10C6F0003028F3D1002342F831300448BDE810401F
:10C70000FFF778BE10BD00BF340A0020A80A002041
:10C71000F0B50146104A114C00200125064602F1F1
:10C720004043A3F5C2439B0805FA03F3194204D022
:10C73000176817B11660176818430432A242EED189
:10C74000074BD3F87C2132B10022C3F87C21D3F807
:10C750007C3140F00040F0BD0061004020610040AD
:10C76000006000402DE9F04385B0054690461E4626
:10C77000FFF754FF044609B32846FFF765FF18B1D9
:10C780002846FFF755FF38BB0023CDE900338DF86D
:10C790000E308DF80F300DF10F020B4628460DF1CB
:10C7A0000E0108F09DFF4A4A04F1080132F81130E9
:10C7B00023F0020343F0010322F81130B8F1000F17
:10C7C00031D0284698F80070D8F80490FFF73CFF65
:10C7D00020B1B9F1000F1BD03E4826E03C4B04F1DC
:10C7E000080C33F81C1021F02001C904C90C23F8EF
:10C7F0001C10B9F1000F0BD0032FEDD8D8F804208E
:10C8000092F800E0A7B9344B0EF5A27E43F82E70E3
:10C810002F4A04F1080132F8113023F01C0343EAD7
:10C82000870322F811304EBB2C4805B0BDE8F083D9
:10C830004FEA8E0202F1804202F5C04241EA4E31D7
:10C84000D2F8100520F00300C2F81005D2F8100548
:10C8500020F44F3020F44070C2F81005D2F8108553
:10C86000280200F47C5040EA080040EA074041F00A
:10C87000200123F81C10C2F81005C9E7D6E900769C
:10C880002846FFF719FF002FCED0114DD5E9002320
:10C89000974201D19E4218D011480DF10F01FFF7C8
:10C8A00085FD0E4B9842C0D19DF80F2045F832709F
:10C8B00005EBC20308345E6035F8143043EA4223C6
:10C8C00043F4807325F81430AEE70022EEE700BF92
:10C8D000340A00200400AD0B006000400000AD0BE6
:10C8E000A80A00202DE9FF4104461646FFF796FEF0
:10C8F000054631B32046FFF7A7FE20B92046FFF7D3
:10C9000097FE002860D1314F05F1080837F818303C
:10C9100013F01C0F02D04B78012B55D001238DF85A
:10C920000F300023CDE900134A1C8B1C20460DF16B
:10C930000F0108F0D5FE37F8183043F0030327F84D
:10C9400018301EB9224804B0BDE8F0812046FFF738
:10C950007BFEC8B31D4F96F800C005F10800614684
:10C9600037F81050890025F0200501F18041ED04D1
:10C9700001F5C041ED0C27F810500023C1F8103527
:10C980007278002ADED0D1F81035B67823F49913E6
:10C9900023F4F853C1F8103512042302D1F810E53E
:10C9A00002F4403203F47C531343320543EA0E038E
:10C9B00002F4801245EA4C35134345F0200527F870
:10C9C0001050C1F81035BDE70248BCE7340A00201A
:10C9D0000000AD0B0400AD0B014BC3E90201704731
:10C9E000340A002010B50446FFF722FE50B120465D
:10C9F000FFF714FE044B083033F8103003485B0B8C
:10CA00000B7010BD0248FCE7340A00200000AD0B9B
:10CA10000400AD0B70B50F4C94F87860BEB90E4DA4
:10CA20006022314604F1100009F0DCFDC5F87C619C
:10CA30000620D5F87C31E8F7A3FD4FF00043C5F898
:10CA400004330648012384F87830636770BD0448D6
:10CA5000FCE700BF340A0020006000400000AD0B7E
:10CA60000500AD0B034B93F87800003818BF012088
:10CA7000704700BF340A002001460148FFF7BABCE6
:10CA8000A40A002001460148FFF790BCA40A002038
:10CA900037B50446FFF7CCFD08B32046FFF7D4FDB9
:10CAA0000546E0B92046FFF7DBFD03B29B0003F12A
:10CAB000804202F5C24203F1804303F5C043156092
:10CAC0001268D3F8102542F00102C3F8102521B1F5
:10CAD000144A01238340C2F8043303B030BD20461A
:10CAE000FFF79CFD104B083033F81030C3F382037E
:10CAF000042B12D0052B12D001A80194FFF77EFD64
:10CB0000019BD0F81015D94001F0010102312046F7
:10CB100003B0BDE8304008F02CBE0321F7E7022146
:10CB2000F5E700BF00600040340A002010B504465D
:10CB3000FFF77EFDC0B12046FFF786FDA0B9204675
:10CB4000FFF78EFD0B4A01238340C2F8083303B27E
:10CB50009B0003F1804303F5C043D3F8102522F076
:10CB60000302C3F8102510BD20460021BDE8104087
:10CB700008F0FFBD0060004073B50446FFF74EFDAE
:10CB8000184E00F1080536F81530DB0727D520468A
:10CB9000FFF7CCFF2046FFF74BFD40B12046FFF7E3
:10CBA0005FFD114B00F5A270002243F820202046C3
:10CBB000FFF782FD002301A826F815300194FFF746
:10CBC0001DFD019B00EB8300084BD0F800271340AC
:10CBD00043F00203C0F80037054802B070BD0548B5
:10CBE000FBE700BF340A002000600040F0F8FCFFC3
:10CBF0000000AD0B0400AD0B2DE9F04F644BD3F8F2
:10CC00000403C0B285B040F00040FFF781FD051E6F
:10CC100080F2A1804FF0A043D3F820250292C3F800
:10CC20002025D3F820280392C3F820280DF1080806
:10CC30004FF00009574B09EB030B4FE093FAA3FAAF
:10CC40009BF80040BAFA8AFA4AEA44142046FFF7F1
:10CC5000E5FC514B019408304FEADA0233F81070CA
:10CC60000AF007030120984018F8023023EA000375
:10CC700008F8023001A8FFF7C1FC019B03F5E0733F
:10CC8000B90850F82330C7F38206C3F3014A4B07B3
:10CC900037462FD520463146FFF7EEFC01A8019418
:10CCA000FFF7ACFC019B03F5E0735FFA8AFA50F8DA
:10CCB0002330C3F301439A4507D10021204608F0F1
:10CCC00058FD5146204608F054FD01A80194FFF795
:10CCD00095FC019A01239340C0F82035D8F8003024
:10CCE000002BABD108F10408B9F1000F1DD14FF0B2
:10CCF00001099FE7BAF1020F0CD10321204608F089
:10CD000038FD06F00503012BDFD139462046FFF739
:10CD1000B3FCDAE70221204608F02BFD032EF4D005
:10CD2000BAF1030FD1D1022EEEE74FF00040FFF72A
:10CD3000EFFC4FF0A0421949D2F820350293C2F817
:10CD40002035D1F8202503921343C1F820257FF424
:10CD50006DAF25F00045012415B905B0BDE8F08F91
:10CD600095FAA5F3B3FA83F304FA03F29B0003F1F7
:10CD7000804303F5C04325EA0205D3F81005D3F834
:10CD80001015C0F30520C1F30141FFF775FCE3E77F
:10CD90000060004074A80200340A00200003005024
:10CDA000044AD2F80034DB07FBD50160BFF35F8F84
:10CDB000704700BF00E001404FF080531A69B0FB9C
:10CDC000F2F302FB130373B9084B0222C3F80425E4
:10CDD000C3F80805D3F80024D207FBD50022044885
:10CDE000C3F8042570470348704700BF00E00140C6
:10CDF0000000AD0B0A00AD0B10B5054C0123C4F8C3
:10CE00000435FFF7CDFF0023C4F8043510BD00BF83
:10CE100000E00140036803F01F025B09026004D0D8
:10CE2000012B034818BF002070474FF0A040704707
:10CE30000003005070B505790A4C0C236B43E618CB
:10CE4000E35833B90068022108F0E2FC08B101237D
:10CE500033720C2303FB0544207A023818BF0120EB
:10CE600070BD00BFE84A00202DE9F3470B7F044660
:10CE70006BBBDFF8D8900D1F01F1100601F10C0813
:10CE8000012755F804AFBAF1FF3F1CD03378CDF835
:10CE900004A001A8002B50D0FFF7BCFF019B07FAAC
:10CEA00003F3C0F8083501A8CDF804A0FFF7B2FFDE
:10CEB000019B00EB8300D0F8003703EA090343F03D
:10CEC0000303C0F80037A84506F10106D9D191F84F
:10CED0001DC00D8B4F7D8E7D8A7EC87E2368BCF180
:10CEE000000F0BD1D1E9008ED1E902C1C3F86085F2
:10CEF000C3F864E5C3F868C5C3F86C1542EA0022BC
:10CF0000C3F80C75C3F80465C3F80855C3F81025B9
:10CF100020680023C0F81031D0F81021C0F8083183
:10CF2000D0F80821C0F80C31D0F80C3140F30730AC
:10CF300002B0BDE8F047E8F723BBFFF76BFF019BAA
:10CF400007FA03F3C0F80C35ADE700BFF0F8FCFFBB
:10CF50002DE9F04190F80480104C0C2707FB08F7EE
:10CF600004EB070C05469CF808E0BEF1000F13D156
:10CF7000E251CCF8043021B10B7F8CF80A30FFF776
:10CF800073FF2A6806480123C2F800350C2202FB11
:10CF900008442372BDE8F0810248FBE7E84A00201C
:10CFA0000000AD0B0500AD0B70B40C46017926688E
:10CFB0001D461B4B01EB410103EB81010368C3F8E4
:10CFC0002065A688C3F82465A668C3F82865E668C6
:10CFD000C3F82C6503682668C3F84065A688C3F8C3
:10CFE0004465A668C3F84865E468C3F84C4504681E
:10CFF00002F0010303EB5202C4F81425EA070DD432
:10D0000015F0020203D0002B14BF0822042204688A
:10D01000C4F80022EAB270BC08F0C8BB1022F6E7E0
:10D02000E84A002038B5036805790022C3F80022D9
:10D030000368012204465A6051B12046FFF7FAFE08
:10D040000028FAD0054B0C2202FB053301221A728C
:10D050002046BDE83840FFF7EDBE00BFE84A00209B
:10D0600000F01F0240090BD001280CD1094B03EB43
:10D070008203094AD3F800170A40C3F80027704713
:10D080004FF0A043F3E702F5E072002353F822309B
:10D09000FFDE00BF00030050F0F8FCFFF8B5047994
:10D0A0000B4F0C26664307EB060CBE5D6EB9CCE950
:10D0B000012321B14B7E8CF8013008F0D5FB0C2305
:10D0C0005C4301233B550348F8BD0348FCE700BF20
:10D0D000F44A00200000AD0B0500AD0B0168037998
:10D0E0000122C1F8002501680A600C225343024A5C
:10D0F0000221D154704700BFF44A00207FB52A4C6A
:10D10000D4F800512DB10023C4F80031D4F8003117
:10D110000125D4F8043133B10023C4F80431D4F824
:10D12000043145F00205D4F8083133B10023C4F8C6
:10D130000831D4F8083145F00405E9070ED54FF45D
:10D140008073ADF80430D4F80C358DF80830174BE7
:10D1500004AA12E90700D3E90163B047AA0710D572
:10D160004FF48273ADF80430D4F818350293D4F834
:10D17000483503930D4B04AA12E90700D3E9014394
:10D18000A0476B070ED54FF48473ADF80430074BFE
:10D1900004AAD3E9014312E90700A44604B0BDE89C
:10D1A0007040604704B070BD00200140F44A002088
:10D1B00070B500F06044B4F1005F66D1840764D1BB
:10D1C000344D95F83040012C01D09C425FD12C6841
:10D1D00004BB022B304B0BBFC3F81025C3F804254A
:10D1E000C3F81405C3F808050BBFC3F81815C3F836
:10D1F0000C15082204220021C3F8001102F180431B
:10D2000003F5243301221A60234AD2F80031002B9F
:10D21000FBD00DE0AE68204C66B1022BE86069617E
:10D22000EA612BD1C4F81025C4F81405C4F8181508
:10D230001A4870BD022B85F830300CBF0823042338
:10D240002961AA61A86003F180430BBFC4F81025CF
:10D25000C4F80425C4F81405C4F808050CBFC4F8C4
:10D260001815C4F80C150C49002203F52433C1F835
:10D2700000210122C1F804231A60D9E7C4F804256B
:10D28000C4F80805C4F80C15D2E70548D1E70548ED
:10D29000CFE700BF004B0020009002400000AD0B24
:10D2A0000A00AD0B0B00AD0B38B5074D4CF25034F6
:10D2B000D5F8003133B90A2008F0C9F9013CF7D19B
:10D2C000024838BD0248FCE7009002400700AD0B61
:10D2D0000000AD0B084B9A685A621A699A629A6903
:10D2E000DA62DA689A6032B15A691A61DA699A6167
:10D2F0000022DA6070477047004B002000F01F03E7
:10D3000040090FD0012810D10B4A02EB83020B4BCE
:10D31000D2F80007034043EA012343F00203C2F8B6
:10D32000003770474FF0A042EFE7002203F5E073AB
:10D3300052F82330FFDE00BF00030050F0F8FCFF7E
:10D3400010B50E4B0238D3F83C26D3F838360728F0
:10D3500013D8DFE800F0110F0D0B0A080604100EB9
:10D36000C871100C8871100A48710A711A0ECA70BF
:10D370001A0C8A701A0A4A700B7010BD0090024095
:10D38000023807281FD8DFE800F0292725112321BC
:10D390001F04CB791B068A7943EA02434A7943EAA0
:10D3A00002230A7913430E4AC2F83C36CB781B0697
:10D3B0008A7843EA02434A7843EA02230A7813430D
:10D3C000074AC2F8383670470023E4E70023E5E750
:10D3D0000023E6E70023EBE70023ECE70023EDE77B
:10D3E0000090024070B590F8253004461BB190F8CB
:10D3F0002620002A55D16068FF2800F08F80A2689F
:10D40000FF2A00F08B80E268FF2A00F08780226903
:10D41000FF2A00F08380B3B90321FFF76FFFA068F4
:10D42000FFF76CFFE068FFF769FF2069FFF766FF11
:10D430006069FF2801D0FFF761FFA069FF2802D0D3
:10D440000321FFF75BFF94F8263053BB6268344B2F
:10D45000FF2A08BF4FF0FF32C3F82425A268FF2A35
:10D4600008BF4FF0FF32C3F82825E268FF2A08BF43
:10D470004FF0FF32C3F830252269FF2A08BF4FF072
:10D48000FF32C3F834256269FF2A08BF4FF0FF322C
:10D49000C3F83825A269FF2A08BF4FF0FF32C3F84E
:10D4A0003C25204E94F825301D4D86F83130002360
:10D4B000C5F8003101232B60FFF7F6FE1A4B9842A6
:10D4C0002BD02368C5F84035A37F617F227F9B0165
:10D4D00043EAC1031343E27F43EAC213C5F844356C
:10D4E000D5F8002694F8203022F07F4222F0FF0287
:10D4F000134394F8212043EA026394F8222043EA7C
:10D50000426394F8232043EA0273C5F80036336877
:10D5100013B12920E8F734F8044870BD0448FCE74B
:10D5200000900240004B00200700AD0B0000AD0B47
:10D530000400AD0B38B5114C94F83050E5B9C4E98E
:10D5400000120F4A0121C2F8081378B90021C4E97A
:10D5500002110B4B012284F83020C3F80025C3F8D8
:10D5600000111A60BDE83840FFF79EBEFFF73AFF92
:10D57000044B9842EAD038BD0348FCE7004B00203A
:10D58000009002400000AD0B0500AD0B2DE9F0410D
:10D5900015461F4A92F83020012A044635D111B1B0
:10D5A0004078FFF7EDFE1B4EDFF86C80012300276B
:10D5B000C6F80833C6F800713360FFF775FE4045C2
:10D5C00002D11548BDE8F081C6F80071A3786278F1
:10D5D0001B0343EA022322781343E27843EA4233EF
:10D5E000227943EA8233627943EAC233C6F8343699
:10D5F000FFF75AFE4045E4D0C6F800711DB16078CF
:10D600002946FFF79DFE0548DCE70548DAE700BF3D
:10D61000004B0020009002400700AD0B0000AD0B56
:10D620000B00AD0B1FB50D4A02920DF1070200234E
:10D63000114602A88DF80730ADF80C30FFF7A6FFB1
:10D64000074B984206D19DF8073013F0010F054BA8
:10D6500018BF184605B05DF804FB00BF05020001C5
:10D660000000AD0B0B00AD0B2DE9F8432920E7F7C7
:10D6700095FF254B254ED3F8342602F44032B2F5FF
:10D68000803F04BF224AC3F834264FF08051012264
:10D69000C3F808231A61D1F83011082908BF5A6568
:10D6A000194B0022C3F80025C3F8002196F8312059
:10D6B0002ABBD3F82405D3F82895D3F83085D3F8BE
:10D6C0003475D3F83855D3F83C45C0B208F03CF96E
:10D6D0005FFA89F008F038F95FFA88F008F034F959
:10D6E000EDB2F8B208F030F9FF2DE4B202D02846CE
:10D6F00008F02AF9FF2C02D0204608F025F9002373
:10D7000086F83030BDE8F88300900240004B0020DE
:10D71000000103008B0721D1124A13681BB192F854
:10D720003030012B1CD1042382F830300E4BC3F86B
:10D730001C150021C3F82005C3F800110121D96090
:10D74000106840B9D3F800110029FBD0012382F8FA
:10D75000303006487047C3F80413FAE704487047AE
:10D7600004487047004B0020009002400000AD0BC1
:10D770000A00AD0B0B00AD0B10B5174BD3F8002111
:10D78000E2B10022154CC3F8002194F83020032A9E
:10D7900015D0042A15D0022A04D1012384F82030A0
:10D7A000FFF798FDA36813B9012384F83030D4E95A
:10D7B000003100209847002384F8203010BD022358
:10D7C000ECE7032284F82020D3F81C256262D3F80A
:10D7D000203584F82830E5E700900240004B002017
:10D7E00038B54FF02003EFF3118583F31288BFF3B0
:10D7F0006F8F064B9C6808F0CDF885F31188BFF356
:10D800006F8F2046BDE83840E7F748BE384B002010
:10D81000104B70B553F82040013053F82060A642F9
:10D8200000D870BDD4E9003595B153B1284698476A
:10D8300038B10028B8BF4042EB68FF28A8BFFF20DE
:10D840001870EA68537843F0010353700834E6E730
:10D850009847FBE7B088020008B50A4B0122032075
:10D860001A70FFF7D5FF01F0A9FB0420FFF7D0FFE6
:10D8700000F08CF9E6F7E8FB034A137B23F0010381
:10D88000137308BDF16100203020002008B5034863
:10D89000034A0021121A08F080F808BD100F00207A
:10D8A000F461002070B5002386B00122CDE9042385
:10D8B000194E1A4D01930F22CDE902321849142353
:10D8C00003FB005506EBC01604464FF4C070154B21
:10D8D00000954FF4A07200FB0411304600F0EAF806
:10D8E000737B114AEE6023F0040373734FF40463F7
:10D8F00004FB033313446B600C4B2C74BFF35B8F3E
:10D9000053E8001F013143E80012002AF8D1BFF3A9
:10D910005B8F06B070BD00BFB01F0020384B0020E9
:10D92000009A0020015B0200C0910020344B0020CF
:10D9300080B50020A6B0FFF76BFF2E4B83F308885D
:10D940002D4D2E4E6B692E4F43F400736B610024F6
:10D95000E02385F82230EC772C766C76AC7685F86F
:10D9600020406B6A43F4E0236B6285F82340E7F7BD
:10D970005FFDE7F7BFFE4FF0FF33AB62EB6206AD32
:10D98000E7F754FFE7F7EAFE40F201132846ADF847
:10D990002430CDE91F4401F0F3FAB56007F0E5FF4C
:10D9A0000120FFF735FF0220164DFFF731FF00F091
:10D9B0004BFF154B75610593012314490094CDE984
:10D9C00003434FF480523B46CDE90144284600F022
:10D9D00071F86A7B064622F0040228466A7308F052
:10D9E000BEFA2046FFF75EFF3A4631462846E7F783
:10D9F00065FE00BF009A002000ED00E0384B0020DB
:10DA000059D801003020002076A80200809B002019
:10DA100038B5064C064DAC4201D3002038BDD4E9E0
:10DA20000112204607F0BDFF1434F4E7640D002016
:10DA3000780D002038B5064C064D0020AC4200D3CE
:10DA400038BD204608F015F80028F9DB1C34F5E74E
:10DA5000100D0020640D002073B50C464FF020051A
:10DA6000EFF3118185F31288BFF36F8FC5685DB145
:10DA700025602B68C360836901338361002081F3D3
:10DA80001188BFF36F8F11E052EA030603D12560BE
:10DA90006FF00B00F3E7CDE900230246083000F0F9
:10DAA000DDFD18B9024B9B685B69236002B070BD55
:10DAB000384B00202DE9F04385B00732994600F13C
:10DAC000580322F00706C0E91633109B037306F1D2
:10DAD00040050423002743730D440F9B837388463E
:10DAE000C0E9067729468760C7730446E7F720FB3D
:10DAF00008F140030730C4E9193620F007000E9BF7
:10DB0000E06602930D9B01932D1A0C9B00932A460D
:10DB10004B4641462046E7F79FFD054B67659B68EE
:10DB200003B11B6F2367284605B0BDE8F08300BF33
:10DB3000384B0020F0B587B000250595109D049561
:10DB40000F9D03950E9D0295DDE912760D9D0195C1
:10DB50000C9D00950446FFF7ADFFB6F1FF3F08BFEF
:10DB6000B7F1FF3F05D056EA070305D1204600F084
:10DB7000EBFD204607B0F0BD03493A46334604F1B9
:10DB8000180000F0DDFFF4E7E75F020070B5224CFB
:10DB9000224D86B02646AE4204F130040AD300F08E
:10DBA00023FE1D4C1E4EAC4220D306B0BDE8704093
:10DBB00000F02EBE54F80C3C059354F8103C04932E
:10DBC00054F8143C039354F8183C029354F81C3C4A
:10DBD000019354F8203C009354E90A2354E90C01C2
:10DBE000FFF768FF54F8303C5E65D3E7D4E90A23B9
:10DBF000B3F1FF3F08BFB2F1FF3F05D052EA030186
:10DC0000206803D100F0A0FD3034CCE73146183055
:10DC100000F096FFF8E700BF70690200706902002B
:10DC2000E75F02002DE9F34104460E4600F10808C3
:10DC30004FF02001EFF3118781F31288BFF36F8F4C
:10DC4000056AC1688D422FD208F0E8F9A26805463E
:10DC5000314678B10024406908F09CFC2846EC6706
:10DC600008F07DF94046394600F05CFD204602B0E0
:10DC7000BDE8F081E06908F08DFCE369A268134417
:10DC80006269E361934204BF2369E361236A01335C
:10DC900004F124002362102108F0E7FB002087F341
:10DCA0001188BFF36F8FE2E752EA03010AD00749F8
:10DCB00089684E61CDE9002339460246404600F0AE
:10DCC000CDFCD4E76FF02200E9E700BF384B00201D
:10DCD000F7B5044604F1080708464FF02001EFF3BA
:10DCE000118681F31288BFF36F8F216A002931D02A
:10DCF000A268A16908F04EFCA369A2681344626996
:10DD0000A361934204BF2369A361236A013B236299
:10DD1000204608F083F9054660B34169A268E069CE
:10DD200008F038FCE369A26813446269E361934236
:10DD300004BF2369E361236A013323620024284678
:10DD4000EC6708F00CF93846314600F0EBFC204651
:10DD500003B0F0BD52EA03010AD00949896848615D
:10DD6000CDE9002331462246384600F077FCEFE744
:10DD70006FF0220086F31188BFF36F8FE8E700BFD2
:10DD8000384B00202DE9F341044617461E464FF05C
:10DD90002003EFF3118883F31288BFF36F8FC368FA
:10DDA000334A7BB180689168884219D057EA0603EC
:10DDB00018D188F31188BFF36F8F6FF00F0002B096
:10DDC000BDE8F081916891F90E1021610133E360A3
:10DDD0009368A36088F31188BFF36F8F0020EEE78C
:10DDE0002169F2E791F90E1090F90E309942A8BF1F
:10DDF00019466FF07E029142B8BF11468B422EDD6C
:10DE000007F08AFE0546CDE900761A4822464146CB
:10DE100000F024FC0028E1D04FF02003EFF311863E
:10DE200083F31288BFF36F8FA068D0B12368216994
:10DE30009C420AD04BB193F90E309942A8BF1946C3
:10DE40006FF07E039942B8BF194607F065FE40B1F6
:10DE50000848314600F066FC6FF00A00AFE7002585
:10DE6000D1E7002DF4D186F31188BFF36F8FF3E76C
:10DE7000384B0020F261002038B5836804466BB34C
:10DE8000194A926893422CD1C368012B03D9013BF4
:10DE9000C360002038BD4FF02003EFF3118583F3FA
:10DEA0001288BFF36F8F0169806807F035FE204646
:10DEB00008F0B4F8A06058B190F90E202261002259
:10DEC000C26708F04CF80948294600F02BFCE0E74F
:10DED000E06085F31188BFF36F8FDAE76FF015000C
:10DEE000D8E74FF0FF30D5E7384B0020F261002033
:10DEF00037B511464FF02002EFF3118582F31288F7
:10DF0000BFF36F8F04689CB12368426823F003035A
:10DF10009442036008BF43600121204607F071FE70
:10DF2000044685F31188BFF36F8F204603B030BDE0
:10DF300051EA0302F5D000F10802CDE900131046C2
:10DF4000294600F08BFB0028EFD1024B9B685C69EF
:10DF5000EBE700BF384B002038B504464FF02003F4
:10DF6000EFF3118583F31288BFF36F8F08F056F833
:10DF700048B10022C26707F0F2FF29460848BDE811
:10DF8000384000F0CFBBD4E902329A4218BF0133C7
:10DF9000A360022104F1100008F067FAEDE700BF6A
:10DFA000F261002013B54FF02004EFF3118184F3E8
:10DFB0001288BFF36F8F846844B1013C846081F3A1
:10DFC0001188BFF36F8F002002B010BD52EA030426
:10DFD00006D181F31188BFF36F8F6FF00F00F3E765
:10DFE000CDE900230246024800F038FBECE700BF11
:10DFF000F261002070B504464FF02003EFF3118565
:10E0000083F31288BFF36F8F6FF00A06204608F083
:10E0100005F818B1C66707F0A2FFF7E7A060022174
:10E0200004F1100008F021FA29460248BDE87040CA
:10E0300000F078BBF26100201FB5094B029302ABE0
:10E0400000240093074908488DF80C404FF0FF3337
:10E050004FF4805200F024F9204604B010BD00BFF8
:10E060007BA80200C0AB0020B02000202DE9F04FBB
:10E070004A4E85B004464FF0FF384FF0FF394FF05D
:10E080002003EFF3118783F31288BFF36F8FD4F867
:10E0900080508DB9022104F1980007F013FE00288A
:10E0A00043D10023CDE90089029304F18802394667
:10E0B0003B4800F0D3FCE2E7D4F884202B68C4F896
:10E0C0008030954208BFC4F88430D4F8983043F0CB
:10E0D0000203C4F89830EB6823F0040343F0010313
:10E0E000EB606B6887F31188BFF36F8F2846984702
:10E0F0004FF02003EFF3118B83F31288BFF36F8F80
:10E10000EB68990723F0010219D4EA60D4F898303B
:10E1100023F00203C4F898308BF31188BFF36F8F9C
:10E12000DB05ACD400F098FBA9E704F190050022D0
:10E130000121284607F0CCFF0028F8D1B1E730686C
:10E1400023F00303EB600028E0D00027D0F800A004
:10E150003B460028DAD04268954201460CD101685E
:10E160009FB972683160824200D1716040F8083B0B
:10E17000FFF7F2FE39460023BAF1000F0BD0DAF8B0
:10E18000002050460F469246E3E7396072688242AB
:10E1900008BF7760EAE75246F3E700BF584B00201C
:10E1A000F261002070B5C368C3F340069B070546C3
:10E1B0000C460DD50122002104F1080007F072FD84
:10E1C00000232360054B65605A681AB9C3E900440F
:10E1D000304670BD14605C60FAE700BF584B002009
:10E1E000F8B5C3689A0704460F46C3F340062CD41B
:10E1F0005B071AD40B680BB983680B60E368DD0713
:10E2000044BFA3683B603D684CBF02260126002D39
:10E210003AD01F4B9B68AB420AD0D5F89830D8074C
:10E22000C3F3800214D46FF0120600233B6025E094
:10E2300007F05BFCD5F898300028F0D1D907C3F37C
:10E24000C002F0D552B15B0708D46FF00F06ECE7BF
:10E25000002AFAD1C3F3C003002BF6D100232360B8
:10E26000D5F8843063B9C5E92044284607F044FD59
:10E27000E36843F00403E3603B68A3603046F8BD05
:10E280001C60C5F88440F0E76FF01506CDE700BFCD
:10E29000384B00200146014807F0B4BDB0200020F3
:10E2A000F0B589B004460020C4E920000E9D04F1B9
:10E2B0008800C4E9220004F19000C4E924001DB3E1
:10E2C0002879002840F2011008BF0120C4F8980006
:10E2D00000204FF0FF364FF0FF37CDE90330CDE996
:10E2E0000100CDE90667094B00942046FFF722FCA8
:10E2F00025B1296811B1204607F0FDFB204609B081
:10E30000BDE8F04007F0FABB0120DFE76DE0010057
:10E3100037B5019008464FF02001EFF3118481F3E7
:10E320001288BFF36F8FC16811F00E0F16D153EA38
:10E33000020508D101A9FFF753FF84F31188BFF349
:10E340006F8F03B030BD41F00801C1600199816257
:10E350001030034900F0F4FB0120EEE70020ECE769
:10E360006D5D020001460148FFF7D2BFB0200020DA
:10E37000F7B50C46019016461D464FF02003EFF30B
:10E38000118783F31288BFF36F8F084607F0A5FC4F
:10E3900055EA060309D101A92046FFF721FF87F3BB
:10E3A0001188BFF36F8F03B0F0BDE368064943F0F7
:10E3B0000803E360019BA36204F1100032462B4680
:10E3C00000F0BEFB0120EAE76D5D02000146014856
:10E3D000FFF7CEBFB0200020C3897F2B12D80A4B95
:10E3E0001B6863B1094B90F90E201B689A4209DB48
:10E3F000437BDB0606D1064BC31A18BF012303F08B
:10E40000010070470023FAE7684B0020644B0020AE
:10E41000B01F0020044BC01A044BC0105843044BDB
:10E4200001221A54704700BF50210020ABAAAAAAAB
:10E43000F261002070B50E4B0E4C1E7C06EB4603BD
:10E4400004EBC3040546204607F065FE0A4B002294
:10E4500028469A55FFF7C0FF48B1084B08491A688B
:10E46000013A2046D317BDE8704000F069BB70BD8B
:10E47000384B002050210020F2610020684B002022
:10E4800015E4010038B50D4D2B4653F8184F9C424A
:10E4900000D004B9EC68AB6838B95A7BD20604D115
:10E4A000A26912B9DA897F2A05D89C4202D0204697
:10E4B000FFF7C0FF23466B6138BD00BF384B00201B
:10E4C00070B590F90D20437B002A014604DA03F071
:10E4D0007F03437307F000FD4B7B154A63F07F0316
:10E4E00010464B7350F8183FD469834208BF00238D
:10E4F00023B9C1E900042160D1610CE091F90E500B
:10E5000093F90E60B5420ED0AE420CDD5868C1E9F9
:10E510000030016059609068431A5842BDE870406D
:10E520005841FFF7AFBF9C42E3D01B68E0E700BF54
:10E53000384B002070B490F90D30427B002B29DB62
:10E54000D30627D183692BBB134962F07F02427344
:10E550000A4652F8184F944218BF2346CC6923B993
:10E56000C0E900242060C8610CE090F90E5093F9D6
:10E570000E60B5420AD0AE4208DD5A68C0E90032EA
:10E580001060586070BC0020FFF77CBFA342E7D04A
:10E590001B68E4E770BC7047384B002008B590F961
:10E5A0000D20437B002A014604DA03F07F03437306
:10E5B00007F092FC044B9868431A58425841BDE852
:10E5C0000840FFF75FBF00BF384B002070B515460D
:10E5D0001C46064607F09BFCB4F1FF3F08BFB5F1AF
:10E5E000FF3F08D02A46234606F118000249BDE83D
:10E5F000704000F0A5BA70BDE75F020038B54FF07B
:10E600002003EFF3118583F31288BFF36F8F104B54
:10E61000104A9C681068A04206D1FFF70BFF85F3F3
:10E620001188BFF36F8F38BD00211B7C11600A4A2F
:10E63000D35C002BF3D02046FFF7CEFE0028EED0AF
:10E64000637BDB0602D12046FFF73AFF2046E4E772
:10E65000384B0020604B0020F261002070B50C4860
:10E660000C4D86682E600C461146DDE904234FF000
:10E670002006EFF3118586F31288BFF36F8F806851
:10E68000FFF7A4FF2046BDE87040E6F71DBF00BFBE
:10E69000384B0020604B0020F8B504464FF02003B3
:10E6A000EFF3118683F31288BFF36F8F437BDA0693
:10E6B00049B219D18569BDB903F07F03437307F0EF
:10E6C0000BFC437B164A817363F07F03437313464D
:10E6D00053F8180F984218BF0546D0695DB9C4E9D0
:10E6E00000300460D46111E0A173002086F311882A
:10E6F000BFF36F8FF8BD95F90E70B9420BD08F4202
:10E7000009DD6B68C4E900531C606C600120FFF7F1
:10E71000B9FE0120EAE7A842E1D02D68DEE700BF9C
:10E72000384B002049B9EFF3058030B9054B5A69E1
:10E730009B689A4201D0E6F7C7BE81F31188BFF308
:10E740006F8F7047384B002010B54FF02002EFF369
:10E75000118482F31288BFF36F8F427B510704D478
:10E7600084F31188BFF36F8F10BD22F0040242734F
:10E77000FFF7E0FE21460248BDE81040FFF7D2BF98
:10E78000F361002070B50446183007F0C4FC4FF068
:10E790002003EFF3118683F31288BFF36F8F94F990
:10E7A0000D20637B002A05DA03F07F0363732046A4
:10E7B00007F092FB0B4D637BA86843F01003637373
:10E7C000031B58425841FFF75DFE86F31188BFF3E3
:10E7D0006F8FAB68A34203D1BDE8704007F05EBC09
:10E7E00070BD00BF384B00204FF02003EFF31181C4
:10E7F00083F31288BFF36F8F044B9A68D37B013B7E
:10E80000D37381F31188BFF36F8F7047384B0020AB
:10E8100010B54FF02003EFF3118483F31288BFF398
:10E820006F8F084B9A68D37B0133D3730020FFF7B7
:10E8300029FE84F31188BFF36F8FBDE8104007F005
:10E840002DBC00BF384B0020024B03F11802C3E976
:10E8500006227047384B0020F8B54FF02003EFF345
:10E86000118583F31288BFF36F8F19498868437B42
:10E8700003F07F03437307F02FFB8B685A7B084636
:10E8800062F07F025A7350F8182FCC69824208BF99
:10E89000002222B9C3E900042360CB610CE093F9A4
:10E8A0000E6092F90E70BE420ED0B7420CDD516878
:10E8B000C3E900210B6053600120FFF7E3FD284608
:10E8C000BDE8F840E6F700BEA242E3D01268E0E7F8
:10E8D000384B002050EA01032DE9F04105460E4671
:10E8E00003D1FFF7B9FF00202CE0831C71F1FF3347
:10E8F0002ADB07F026FC2C184FF02003EFF31188D9
:10E9000083F31288BFF36F8F114F124BB8681860F2
:10E91000FFF744FEB86810492A463346183000F025
:10E920000FF9BA68537B43F0100353734046E6F780
:10E93000CBFD07F006FC201A63EB0303012873F1FB
:10E940000003D0DBBDE8F0816FF00104241AD3E7A7
:10E95000384B0020604B0020E75F0200B1F1FF3F21
:10E9600008BFB0F1FF3F08B506D1084B9868FFF724
:10E9700009FF4FF0FF3008BDFFF7ACFF4FF47A738B
:10E9800080FB0303C00B40EA4340F4E7384B002010
:10E99000014B9868704700BF384B00202DE9F041CB
:10E9A00004464FF02003EFF3118683F31288BFF380
:10E9B0006F8F037BD9070BD586F31188BFF36F8F59
:10E9C000404080F311884FF0040002DFBDE8F08181
:10E9D000437B1A0704D586F31188BFF36F8FF5E7E1
:10E9E00023F0200242F00801D20920D14173A3682C
:10E9F00013B1204607F078FA04F1180007F08BFBFA
:10EA000004F158074FF00008A56DBD4200D0B5B91C
:10EA10000120FFF737FD104B9B68A342DBD1EFF3DA
:10EA20000583002BD7D13046E6F74EFDD3E703F040
:10EA30005F0343F00803437307F04EFAD7E7284615
:10EA400007F052FA05F1180007F065FBC5F87C8065
:10EA50002846FFF76FFDD7E7384B0020D3B5DDE937
:10EA60000667089CCDE90067FFF7F8FD1CB1034B72
:10EA70009B685B69236002B0D0BD00BF384B0020AB
:10EA800008B50648064A0749121A06F088FFBDE88D
:10EA90000840054A0549064806F081BF00000020ED
:10EAA0000C0F0020C4A8020000000000C4A802004F
:10EAB00000000020034B1B680BB9FDF75DBB002075
:10EAC000704700BF6C4B002010B50E4B1C689C4279
:10EAD00004D1FFF7EFFF6FF0004010BDFFF7EAFF32
:10EAE000002CF8D0D4E904321B1A62EBE072B3F1C7
:10EAF000004F72F10001EEDA002AACBF1846002088
:10EB0000EBE700BFB00A002030B570B10B4B5B687B
:10EB100098420AD0036843B1D3E90421D0E90445FF
:10EB2000121941EB0501C3E90421D0E90032136059
:10EB30005A600023C0E9003330BD00BFB00A002096
:10EB4000B3F1FF3F08BFB2F1FF3FF8B504461D46E1
:10EB500016465CD081604FF02003EFF3118783F3FA
:10EB60001288BFF36F8F013275F1FF3324DA2D491C
:10EB7000D1E900206FF001039B1A4FF0FF3262EBE6
:10EB800000009E1B60EB0500012E70F1000301DA0E
:10EB900001260020C4E90460234ED6F800C0756841
:10EBA000B44508BF4FF0000CBCF1000F0DD1C4E913
:10EBB00000652C6074601CE0FFF77CFF013645F1B6
:10EBC0000005361845EBE070E4E7DCE90420D4E901
:10EBD0000431934271EB000E1ADAD21ADCF80430D9
:10EBE00060EB0100CCE90420C4E900C31C60CCF850
:10EBF00004403368B34206D09C4204D1FFF764FF5F
:10EC00000021FDF78BFA87F31188BFF36F8FF8BDF2
:10EC10009B1A61EB0001AC45C4E90431C7D0DCF8B4
:10EC200000C0C1E768210020B00A00202DE9F84F9C
:10EC30004FF02003EFF3118C83F31288BFF36F8F33
:10EC4000DFF8B0A0DFF8B0902C4FC9F80000DAF878
:10EC500000000024504508BF00200025D7E900210E
:10EC6000D9F80030E04680B3D0E9046C4FEAE37E87
:10EC7000B3427EEB0C0B05DAF61A6CEB0E04C0E91E
:10EC8000046422E0B21841EBE671C0E90445C7E92B
:10EC90000021FFF739FF88F31188BFF36F8F836876
:10ECA00098474FF02003EFF3118883F31288BFF3E6
:10ECB0006F8FD9F80030DAF800009B1B5045C4462E
:10ECC000C9F80030CAD1D7E900219A1841EBE373A3
:10ECD0000024C7E90023C9F80040FFF7F5FE2146EC
:10ECE000FDF71CFA88F31188BFF36F8FBDE8F84F6A
:10ECF000FFF784BCB00A00206C4B00206821002084
:10ED000010B54FF02003EFF3118483F31288BFF3A3
:10ED10006F8FFFF7CFFE064A0346D2E900011818AD
:10ED200041EBE37184F31188BFF36F8F10BD00BF17
:10ED300068210020F8B504464FF02003EFF3118757
:10ED400083F31288BFF36F8F026822B187F31188B3
:10ED5000BFF36F8FF8BDD0E90A36581C46F10001A9
:10ED6000022871F1000127D3012B76F10001BCBF0D
:10ED7000012316465D1E46F1FF3607F0E6F9013025
:10ED800041F10001401946EB0101012871F1000138
:10ED90003ADB07F0DAF9013041F100016FF00102CE
:10EDA000401946EB0103121A4FF0FF3161EB0303E8
:10EDB00018492046FFF7C4FE236B01332363236AFF
:10EDC00073B187F31188BFF36F8F236A204698478A
:10EDD0004FF02003EFF3118783F31288BFF36F8F97
:10EDE00054F8185FA542B1D0002DAFD0284607F0E7
:10EDF000C6F80023EB6787F31188BFF36F8F2846AF
:10EE0000BDE8F84007F0ABB86FF001024FF0FF33F8
:10EE1000CEE700BF35ED01002DE9F047B3F1FF3F2C
:10EE200008BFB2F1FF3FDDE9086705461C46914681
:10EE300098461CD0531C74F1FF3309DB012A74F18E
:10EE40000003BCBF0122002412F1FF3944F1FF3856
:10EE5000284607F060F9C5E90A6700232B634A4694
:10EE6000434628460349BDE8F047FFF769BEBDE8C1
:10EE7000F08700BF35ED01002DE9F3471D46294B12
:10EE80009F68012387F8603087F8613052EA0503F4
:10EE900016460CBF0123002307F16002804607F0ED
:10EEA00018FA81464FF02003EFF3118A83F312889A
:10EEB000BFF36F8F97F8604064B9014652464046F1
:10EEC00007F0A7F98AF31188BFF36F8F204602B0CD
:10EED000BDE8F087002387F8603056EA050306D1C5
:10EEE0008AF31188BFF36F8F6FF00A04EEE7CDE964
:10EEF00000650D4A0D485146FFF7B0FB04464FF040
:10EF00002003EFF3118583F31288BFF36F8F2A4636
:10EF10004946404607F07DF985F31188BFF36F8FAE
:10EF2000D4E700BF384B0020B80A0020F36100206E
:10EF300038B503464FF02002EFF3118582F31288B3
:10EF4000BFF36F8FC160012181600068834206D1E9
:10EF500085F31188BFF36F8F0024204638BDD0E9B8
:10EF6000003213605A600023C0E9003307F028FA2A
:10EF7000294604460148FFF7D5FBEEE7F361002080
:10EF8000014B0367704700BF640D002038B504468D
:10EF90000D4606F0AAFD20B9064B9B681B6F0BB906
:10EFA00038BD054B2A4621461846BDE8384007F0D3
:10EFB0007CBA00BF384B0020640D0020014800F0EF
:10EFC00050BC00BF84A802000CB430B589B005461F
:10EFD0000C461C22002101A807F004FB02238DF837
:10EFE00006300E4B0293059523462CB1B4F1004F29
:10EFF00028BF4FF00043013B1D440DAA0C99069514
:10F0000001A8009200F072F814B1059B00221A705A
:10F0100009B0BDE8304002B0704700BFF56502009E
:10F02000242AF0B5044601D8012A40D107F0EAFAB3
:10F030002D4B16221A5001B10C600020F0BD2F4656
:10F040003D4615F8010B2028F9D0A0F10906042E41
:10F050000346F4D92B282CD02D282CD101267B78DF
:10F06000BD1C302B2DD1287840F02000782824D1E9
:10F0700032F0100021D16B782C461022023500208E
:10F08000392B82BF03F1FF3343F02003263B303B93
:10F090009A421AD9A0FB02040CB9C01801D346F059
:10F0A00002062F462C4617F8013B3D46E8E7074687
:10F0B000C6E70026D3E70026D3E7002A08BF0822C8
:10F0C000DDE7002A08BF0A22D9E701B10C60F20788
:10F0D00048BF4042B307B1D507F094FA024B222251
:10F0E0001A504FF0FF30A9E70C0000002DE9F04F57
:10F0F0008BB043680193837881469807144640F1AA
:10F10000098100250F78002F00F00681252F0BD0F4
:10F110004B1C02930135019B49463846984700280D
:10F12000C0F2F2800299EDE74F788B1C252F0293F5
:10F13000F0D000239A469846B8F11F0F37D8A7F1B0
:10F140002002102A0AD8DFE802F02909092F09094C
:10F15000092009090927092C09091E00A7F1300215
:10F16000092A32D92A2F36D118F0400F54F8042B2F
:10F170007ED1002AA7BF48F020089246C2F1000ABB
:10F1800048F0280801E048F00108029A12F8017BD3
:10F190000292002FD0D130E048F0020848F0040875
:10F1A000F3E748F00808F0E748F01008EDE7B8F199
:10F1B0007F0F19D8A7F13002092AD3D818F0400FD1
:10F1C00003D00A2101FB0323DFE70A2101FB0A2AFE
:10F1D00048F02008D9E72E2F06D118F0400F40F054
:10F1E0009B8048F04008D0E76C2F2ED028D8682F9D
:10F1F00033D06A2F39D04C2F37D0002B47F0200264
:10F20000B8BF28F04008A2F16501BCBF1FFA88F81A
:10F210000023022901D9612A2CD1073424F00704E4
:10F22000A24E0834072718F0080F64D006EB070B2E
:10F23000B046D84561D1AE1BB044AAEB070A62E1E3
:10F24000742FA2D07A2FA0D0D7E718F0800F18BF64
:10F2500048F4007848F0800897E718F4807F18BFDA
:10F2600048F4007848F480788FE748F420788CE7F9
:10F2700013468AE7A7F16301122900F2E080DFE874
:10F2800011F013004F00DE00DE00DE00DE004F0054
:10F29000DE00DE00DE00DE00DE00EE00D900DE0073
:10F2A000DE001A00DE00A30054F8043B8DF81C3089
:10F2B000012707AEB7E754F8046B7D4A002E08BF5C
:10F2C000164618F0400F14BF19464FF0FF31304674
:10F2D00007F03AF90746A6E7019B494620209847E0
:10F2E000002811DB08F1FF384745F5D35544A5EB5D
:10F2F0000805C2469AE7D046F6E718F8010B019BCD
:10F3000049469847002894DA99F8023043F00403FC
:10F3100089F802304FF0FF3528460BB0BDE8F08F7A
:10F3200018F0800F2ED018F4007F1BBF073424F094
:10F33000070454F8040B54F8080B28F010060028B2
:10F34000B6B22ADA404246F4806603930DF11C08F7
:10F350000A22414607F004F97206039BA0EB080855
:10F3600053D526F00101434589B240F39380002F25
:10F3700000F08B8016F01002039240F08D809B46C7
:10F380000E4616E018F4807F54F8040BD5D018F41C
:10F39000007F14BF40B200B2CFE7D6D118F0400FC3
:10F3A000D3D0002BD1D128F011081FFA88F69B4644
:10F3B000984640F2064116EA010203921EBF00225F
:10F3C0000BF1010B039228E028F010081FFA88F8CF
:10F3D0000A2218F0800F45D018F4007F1BBF0734B5
:10F3E00024F0070454F8040B54F8080B002844D107
:10F3F00028F0160618F0400FB6B242D0002B40D1CC
:10F4000028F017081FFA88F6984616F010020392A3
:10F4100049D0002F45D108F1010B31075CD4F20728
:10F4200006D5DA4572DDAAEB0B0202EB0803D346E0
:10F430005A464BE048F0100810227827C9E7782A8E
:10F4400004D1C7F1780242F01002C2E7019B49469D
:10F45000252098470028FFF657AF02355BE60822C3
:10F460000027B6E718F4807F54F8040BBED018F4D8
:10F47000007F14BFC0B280B2B8E728F006081FFAB8
:10F4800088F603930DF11C0863E726F01106B6B267
:10F490009B468EE70E46B8E71A460E4602F1020B6F
:10F4A000BBE74246FAE7C34683E700BFBAA80200BB
:10F4B000B3A80200CDE904324946019B20209847B9
:10F4C0000028FFF621AF059A049B01329245F1DC3A
:10F4D000A5EB0B018D189346039A1AB30393494683
:10F4E000019B302098470028FFF60EAF039B7FB9A1
:10F4F00001355E19711B414526DC464607AF66BBE8
:10F50000A844AAEB0B0A4546C24437E043468FE7BE
:10F510000393023549463846019B98470028039BD0
:10F52000E7DAF1E640F206410E42E2D016F0020FB1
:10F5300014BF2B20202016F4806F039305F10105E2
:10F54000494618BF2D20E7E7019B494630209847E0
:10F55000002805F10105CDDAD6E6013E019BB85D34
:10F56000494698470028CADACEE6019B4946202042
:10F570009847002805F10105FFF6C6AEAAEB050382
:10F58000002BF2DCCEE500BF704707B50023CDE9C4
:10F5900000338DF800006846E2F77AFC03B05DF8AE
:10F5A00004FB07B50023CDE900338DF80000684661
:10F5B0008DF804108DF80520E2F76AFC03B05DF8C1
:10F5C00004FB07B50023CDE900338DF80000684641
:10F5D0008DF80410E2F75CFC03B05DF804FB07B59E
:10F5E0000623019068468DF80030E2F751FC03B025
:10F5F0005DF804FB07B51823019068468DF80030CC
:10F60000E2F746FC03B05DF804FB37B50C4605692C
:10F61000836801A95B68984748B9019B2A685A40EA
:10F62000012303FA04F10A4214BF1846002003B074
:10F6300030BD70471846704706F098B91FB50224D0
:10F640000294CC680194BDF81840009404F02AFBA1
:10F6500004B010BD1FB50024CDE90144BDF8184029
:10F66000009404F01FFB04B010BD1FB504240294E5
:10F67000CC680194BDF81840009404F013FB04B06A
:10F6800010BD08B506F061FD4FF47A72A0FB0203CD
:10F6900002FB0133C00B40EA434008BD70B586B0A1
:10F6A00006460D46144600211822684606F09AFFC9
:10F6B00069460020CDE90165ADF80C40EAF7BCFDD4
:10F6C00006B070BD03460A4600681979012303FAA3
:10F6D00001F103691B68194218BF82F0010212B1DF
:10F6E0008368DB68184783681B69FBE7F0B403464F
:10F6F0000A461979DB8800681343DC0287680669CB
:10F7000006D513F4402F03D0DA0748BF83F4402313
:10F71000346801258D4023F48012DB074CBF2C4355
:10F72000AC4334603B68F0BC1847014640F2E73018
:10F7300008B54FF47A72002300EBC1304914E0F7AA
:10F74000DFFCBDE80840FFF709B97047014640F209
:10F75000E73008B54FF47A72002300EBC13049144A
:10F76000E0F7CEFCBDE80840FFF7F8B8F0B5642339
:10F770000546042600200A2769B9F0BD9A42B2FB6B
:10F78000F3F40CD2012B0AD048B903FB1422D2B2F5
:10F790000A24B3FBF4F3013EF0D12E70EDE73034D0
:10F7A00005F8014BB2FBF3F4013903FB14220130DD
:10F7B000B3FBF7F3C9B2C0B2D2B2DBB2DCE7A0F15F
:10F7C0003003DBB2092B02D80B7000207047A0F188
:10F7D0006103052B02D85738C3B2F5E7A0F1410306
:10F7E000052B01D83738F7E76FF015007047F7B5EC
:10F7F000054601F0010000EB51069E424FEA510719
:10F8000003D90026304603B0F0BD58B128780DF179
:10F810000701FFF7D4FF0028F3DB9DF8073002F85B
:10F82000013B013501351744BA42EBD015F8010C04
:10F830000DF10701FFF7C3FF0028E2DB9DF8074049
:10F840002401E4B2147015F8020BFFF7B8FF00288A
:10F85000D7DB9DF807301C4402F8014BE4E7002099
:10F8600070470FB407B504A951F8040B0191E4F7F0
:10F87000D5FC03B05DF804EB04B0704700EBC100A9
:10F88000408840087047F8B50346FFF7F7FFB0FA25
:10F8900080F0C0F11F0003EB800CCA00DCF81060A0
:10F8A000171D0C4606328DB256B9012101FA00F03F
:10F8B000D9680143D960CCF81040DD539D52F8BDA2
:10F8C000F1000431585AD85303EBC0009E52C58052
:10F8D0005D52F4E710B500EBC104E388994202F1F0
:10F8E00004010AD1012303FA02F2C36823EA0203E6
:10F8F000C360002340F8213010BDA28840F82130B9
:10F9000000EBC20100EBC300CB808280F4E708B5B6
:10F910000346FFF7B3FFB0FA80F2C2F11F021846A8
:10F92000BDE80840FFF7D6BF2DE9F843B1FA81F5ED
:10F93000C5F11F0900EB89080346D8F810200E46D0
:10F94000C2B10327D8F8104018462146FFF796FFAA
:10F95000B04206D34A461846FFF7BCFF2046BDE832
:10F96000F88303EBC404013FE088C8F8100001D01D
:10F970008242E7D1C5F120024FF0FF349440DA68AB
:10F980001440EBD094FAA4F2B2FA82F2111D53F8AB
:10F9900021402146DFE738B50346FFF76FFF0D46EC
:10F9A000044611461846FFF769FF03EBC5050444FA
:10F9B000600068801846FFF761FF014423F831407A
:10F9C00038BD38B50346FFF759FF0C46A51A511A42
:10F9D00003EBC40405444800608003EBC2006C00E4
:10F9E000448023F8321018461146FFF747FF0144C0
:10F9F00023F8315038BD38B50546FFF73FFF0C46B8
:10FA0000014405EBC1035B88DA070AD42846FFF7F7
:10FA10007EFF21462846FFF731FF22182846FFF7D0
:10FA2000BAFF35F83410611A05EBC1035B88DB07B8
:10FA30000CD42846FFF76BFF35F834102246611AC4
:10FA40002846FFF7A8FF35F83430E41A2146284647
:10FA5000BDE83840FFF717BF61B100680439091AE3
:10FA600021F007030344C9085A8822F001025A8092
:10FA7000FFF7C1BF704770B5056809B9002070BDB8
:10FA8000AB68B3EBD10FF9D90B31CC08214628462E
:10FA9000FFF74AFF06460028F0D001462846FFF748
:10FAA000EDFEA04207D932192846FFF78AFF11461A
:10FAB0002846FFF7E8FE05EBC6021046538843F0E0
:10FAC000010353800430DAE72DE9F84301F1FF39EF
:10FAD00019EA010906680F4614460CD04B420B4048
:10FAE000042B1A464F4628BF0422994664B90025C4
:10FAF0002846BDE8F883042904D8BDE8F843114638
:10FB0000FFF7B9BF0422F1E7B368B3EBD40FEED926
:10FB100004F10B013944891AC9083046FFF704FF84
:10FB200080460028E3D009F1040505EBC0057B1EE3
:10FB300035441D44B5FBF7F57D43A5EB09052C4481
:10FB40002B1F07349B1B24F00704A41BB0EBD30F1F
:10FB50004FEAD3074FEAE40408D201463A4630465A
:10FB6000FFF72FFF41463046FFF78DFE39463046FE
:10FB7000FFF784FE3844844207D230462246FFF71E
:10FB800020FF21463046FFF77EFE06EBC70673884E
:10FB900043F001037380ABE7043A2DE9F041CC1D3B
:10FBA000114424F0070421F007010E1BF708B7FAEF
:10FBB00087F2C2F12405AD004FF000080735C2F10D
:10FBC0002002ED0804604146A760C4F80C80920052
:10FBD00004F1100006F006FD6B0043F001036380A2
:10FBE00004EBC5027B1B5900A4F800805180A219C8
:10FBF00024F83550A2F80280A35304EBC70329462A
:10FC00005A8842F001025A802046BDE8F041FFF7D1
:10FC10003ABE038B13F0070305D10368002B0CBF1A
:10FC2000002003207047022B05D1408BB0FA80F0F2
:10FC3000400980007047012B05D10368002B0CBFE1
:10FC40000020052070470020704710B50C4600B119
:10FC500011B96FF0150010BD081D00F0BAF80028AA
:10FC6000F9D1A368032BF6D9F3E72DE9F0410D464E
:10FC700007461946281D90461E4600F0BEF8044669
:10FC800038B13346424629463846A446BDE8F041DD
:10FC90006047BDE8F08110B44FF02004EFF311820B
:10FCA00084F31288BFF36F8F416110BC0121E4F728
:10FCB000E7BA38B50C46054658B151B10B6843B1A7
:10FCC0004B6833B11C22002106F08CFC2C61002013
:10FCD00038BD6FF01500FBE770B505460E46FFF71F
:10FCE000B4FF041E15DB4FF02003EFF3118283F302
:10FCF0001288BFF36F8F6B8B2C8B4FF6FF718B428B
:10FD000004F0070407D182F31188BFF36F8F6FF0FF
:10FD10000A04204670BD022C0CD101336B8382F3A0
:10FD20001188BFF36F8F0023224631462846FFF724
:10FD30009CFFEEE7062C14D8DFE804F0041313133D
:10FD4000041A0400002333606B683BB9C5E9006600
:10FD5000ACB902212846E4F793FADAE71E606E6038
:10FD6000F6E782F31188BFF36F8F6FF00404D0E7DA
:10FD700082F31188BFF36F8F6FF08504C9E782F3B8
:10FD80001188BFF36F8FC4E710B54FF02003EFF376
:10FD9000118283F31288BFF36F8F048B04F0070482
:10FDA000022C0AD0012C0CBF6FF004006FF085000C
:10FDB00082F31188BFF36F8F08E0438B013B9BB246
:10FDC000438323B92146E4F75BFA204610BD204661
:10FDD000EEE7034640B1426802F00302022A06D071
:10FDE000032A04D0012A05D06FF0150070471A6865
:10FDF000002AF9D000209860704710B542688160F1
:10FE000002F00302022A03464FF0000407D0032A3F
:10FE100002D05C60002001E018685C6010BD1868CA
:10FE20005C600028F6D0FFF783F8F3E70FB407B55E
:10FE300004A951F8040B0191E4F7F0F903B05DF85F
:10FE400004EB04B07047704770B406688489806A18
:10FE50000D0C16FA81F105FB041184682468A44690
:10FE600070BC60470B6803F580330B60C0891A0CC7
:10FE7000B0EB134F04BFA3EB02430B6070472DE9B7
:10FE8000F0431C46C36A1D686D4289B081460E4628
:10FE9000174605F020051CB9204609B0BDE8F083DF
:10FEA000AC42A04628BFA84643466A46314648466B
:10FEB000FFF7CAFF0028F0D142466946384606F0EF
:10FEC00021FB20B9A4EB080446444744E3E70120A2
:10FED000E3E710B5014604460722FF20E4F782F964
:10FEE000E07110BD2DE9F0411C46C36A1D686D42EA
:10FEF00088B005F0200507460E46684611462A469A
:10FF000006F070FB1CB9204608B0BDE8F081AC4299
:10FF1000A04628BFA84643466A4631463846FFF702
:10FF2000AEFF0028F0D1A4EB08044644EAE738B558
:10FF3000828903680D0C090C04462D04806A02FBBB
:10FF4000013183689B68984750B9E26AA3891279A6
:10FF500029462046FFF7C6FF002818BF6FF00500AE
:10FF600038BD0378012B81BF01F1FF31C9185B4215
:10FF700019400846704770B50C4605460821C06A0E
:10FF8000FFF7EFFF072206462146FF20E4F72AF994
:10FF9000E379834207D1AA896388901B83422CBFEF
:10FFA0000020012070BD0020FCE738B505460C4656
:10FFB000FFF7E1FFA0B1A08898B922884FF6FF7340
:10FFC0009A420DD1E86A0821FFF7CBFF6288AB891E
:10FFD0009B1AB3FBF0F202FB1030B0FA80F040093C
:10FFE00038BD0020FCE7F7B504460D46C06A08217D
:10FFF000FFF7B7FF2968074608232046FFF724FFCD
:020000022000DC
:100000000646002836D12B683B442B60A28999B262
:10001000D21B91422ED11A0C03BFE28902F1FF32AA
:1000200003EB0241A3F58031296008236A4620468C
:10003000FFF70AFFE8B9E36A1A796B4613F8011B68
:100040008A420CD101300828F8D1636805E02B689A
:10005000BDF802201B0C1B0413442B600AE0694608
:100060002046FFF7A2FF0028F1D129462046E4F7F9
:1000700017FA0646304603B0F0BD2DE9F0430746B7
:1000800089B090461E461BB9002009B0BDE8F08338
:100090003C688389080C14FA81F100FB0314FB6AA5
:1000A0001D686D4235400CD0B86A83682146D3F88C
:1000B00004902B46C8470028E7D1761BE4D02C4497
:1000C000A844202332464146684606F008FAFD6AF5
:1000D0002A682979921B0DEB060006F083FAB86AAC
:1000E0002B688268214655686A46A847CDE710B557
:1000F0000A46082341680446FFF7BFFF082102466D
:10010000E06AFFF72EFF63681B1A6360104610BD9C
:1001100013B54FF6FF7300220446ADF800308DF89A
:1001200006308368ADF804206846ADF80230FFF76A
:10013000D0FE69462046FFF7DAFF02B010BD2DE978
:10014000F04F044695B0C06A0821FFF70AFF6368C4
:100150001B0C1B04054603A920460393FFF782FEF0
:10016000DDF80CB0A6895E44761B06AA082331464A
:1001700020460496FFF768FE021EC0F2A980E36ADB
:1001800006AA1979002312F8010B814240F08F80F2
:100190000133082BF7D1A36862682B449A427ED2C0
:1001A00059462046FFF7C3FE024691E0BDF81A30DB
:1001B000360C36041E44049608AA04A92046DDF82D
:1001C00010A0FFF710FF0246002840F0818008A928
:1001D0002046FFF7D0FE18B9019B9A45ECD1DAE72B
:1001E000636805930AAA05A92046059EFFF7FBFE52
:1001F000024600286CD1BDF82820BDF820309A4274
:1002000027D06268059B9A42ECD15645E4D1BDF8EF
:100210002430002BE0D0BDF822704FEA1A431B04B3
:100220001F4408A8A368ADF82230FFF752FEE36A26
:10023000BDF824901E68764206F02006B9F1000F42
:100240000ED108A92046FFF752FF02460028C3D06E
:100250003EE00AA92046FFF78EFE0028D1D0D4E761
:100260004E45B04628BFC8460CAA434639462046EC
:10027000FFF7EAFD024658BB4346A1680CAA204698
:10028000FFF7FBFE41460246E06AFFF76AFEA368FD
:100290000344A360E2B9A9EB08094744CEE720462E
:1002A000FFF736FF024600283FF47AAF10E0731BD9
:1002B00006A920460193FFF778FE00287FF476AF69
:1002C00004A92046E4F7ECF8024600283FF474AF96
:1002D000104615B0BDE8F08F00231A46E4F772BA55
:1002E0002DE9FF471E46037CBDF8309004460F46BB
:1002F0009046002B4ED0C06A0821FFF732FEA3893A
:10030000A3EB40039E4248D8D4F804A0CDF804A043
:100310000025A9455146DDF804A00BD2636853457A
:1003200020D1BDF80830BB421CD06FF0010004B0F2
:10033000BDE8F08702AA01A92046FFF754FE002875
:10034000F5D1BDF80830BB4206D102A92046FFF71F
:1003500012FE08B10135ADB26268019B9A42D8D154
:100360005146DEE7BDF80C30002BDED0A945DCD8C5
:10037000BDF80A00090CB3424FEA014128BF3346D9
:10038000014442462046FFF75FFD0028CFD1BDF86B
:100390000C00CCE76FF00C00C9E76FF01500C6E762
:1003A00013B500240094FFF79BFF02B010BD704707
:1003B0000029034610B410460ADB9C680844A0429A
:1003C00006D8D8685B681944836810BC9B681847D6
:1003D0006FF0150010BC704770B54C680368A342FD
:1003E00001D2012070BD8A682244934201D30020CB
:1003F000F8E7D1E903254E69B54203D36FF00B034B
:100400008B61F4E71B1B42F835304368086902EB47
:10041000C00253600B6901330B61E2E72DE9FF4134
:10042000D1F80C80054640461F460C461646DFF7BD
:10043000E3FFBDF82830009380B2CDE901803B4650
:1004400032462146284603F02DFC04B0BDE8F08179
:100450007047002070470020E4F768BB0022114677
:10046000E4F72ABB034610B508460AB10021116023
:1004700053B1D0B1411E11F8010F80B113F8014BF7
:10048000A04201D13D28F6D100200EE001331360D7
:100490000AE03D2808D0B0FA80F0400905E018785D
:1004A0002F28F6D1002AF1D1012010BD10B509B1D5
:1004B00000230B6058B103461A781C4601332AB159
:1004C0003D2A03D02F2AF7D101B10B60201A10BDAD
:1004D0002DE9F341DDF82080019007460C461546D2
:1004E0001E46B8F1000F07D0D8F8001081B9D8F82F
:1004F00004E0BEF1000F14D101A93846E4F7ACFBCB
:1005000058B18768019833462A462146B84704E027
:1005100001AAFFF7A7FF0028E9D1002002B0BDE83B
:10052000F081D8F80830019808932A4633462146CE
:10053000F44602B0BDE8F04160470830704710B59E
:10054000134614460A4681880068FFF729FFA04237
:10055000A8BF204610BD2DE9F04F97B00446019288
:100560009A46894600297ED0DAB1BAFA8AF77F091D
:10057000258F0135ADB2A84604F1080B6E1EB6B248
:10058000B6F5004F29D04A2303AA31465846FFF753
:1005900007FF002807DA10F1020F08BFB046354602
:1005A000ECE70127E4E700F158030DEB030000231B
:1005B00000F84C3C03A94846DFF70CFF0028EED1B9
:1005C0002FB3238FB3420BD031465846FFF784FE3A
:1005D000002812DA17B0BDE8F08FB7B30020F9E7B2
:1005E0002246731E22F8383F4FF40041022358463A
:1005F000E4F7E8F80028E7DAECE705F57F513F314A
:1006000089B25846FFF768FE00EAE070E2E7B046BC
:10061000B8F5404F2AD004F1080508F58041019A49
:10062000534689B22846E4F7CDF80028D2DB77B9E3
:10063000238F4345D2D22246022322F8388F4FF42B
:1006400000412846E4F7BEF8DEE70127E0E7484628
:10065000DFF7D2FE4A46034641462846E4F7B2F8A1
:100660000028E5DAB6E76FF01500B3E76FF00B008E
:10067000B0E773B5C36B03630446C3B100F108066A
:100680003046E3F73FFF054670B902230DF106023D
:100690004FF400413046FFF783FE0028ACBFBDF8A1
:1006A00006304FF400432387284602B070BD6FF038
:1006B0001205F9E738B50D46AB4211461C4604D881
:1006C0001A4605F067FF204638BD0024FBE705F019
:1006D00089BFC30903EB430303EBC30383EA400071
:1006E000C0B2704710B50A460021044605F07AFFF3
:1006F00010BD2DE9F0410546A8B00F46144640262E
:1007000002F12408E4F7EAFB034600283CD040212C
:1007100008A89847C0B3B4F9022012F11F0348BFDC
:1007200002F13E0308A94246684643F3471300F02E
:10073000EDF92246694618A800F004FE10B3B4F99A
:100740000230D91D48BF03F10E016A46C910384670
:1007500000F020FE94F9011018AA284600F01AFEB5
:1007600094F9011094F9002018AB681803EB820289
:1007700000F010FE68462021FFF7B4FF012028B0EA
:10078000BDE8F081013EBDD10020F8E72DE9F0473A
:100790001C4693F9016093F900A0B3F90230A4B0AC
:1007A0009046DA1D48BF03F10E0204AD81460CAF3E
:1007B0002846D2100295039700F000FE32464946C3
:1007C00014A800F0FBFD14AB03EB8A00324609EBE2
:1007D000060100F0F3FD23463A462946284600F07C
:1007E00085FDB0FA80F3019424AA5B0902EB830132
:1007F000638801331BB2009351F8882C14A900239D
:10080000084600F0ABFC14AA3146404600F0C2FD99
:10081000214614A800F017FC082104460DEB010046
:10082000FFF760FF38462021FFF75CFF28462021B4
:10083000FFF758FFB4FA84F0400924B0BDE8F08710
:10084000F0B500240646204665B2AB4200DCF0BDA0
:1008500051F8247052F824503D440544AF4200F052
:10086000010018BF002046F8245088BF40F0010066
:100870000134E9E700EB81010023884200D370478F
:1008800051F8042D43EA52030B60D307F5E770B526
:100890000368DB070546144604D4BDE870401146E2
:1008A000FFF7E8BF13460A460146FFF7C9FF214696
:1008B00006462846FFF7DEFF46B104F18044013CBE
:1008C00055F8243043F0004345F8243070BD4FF014
:1008D000000C2DE9F74F654664464FFA8CF94B45FD
:1008E00016DC4FF0FF3606EB430601964FF000088A
:1008F000019F53FA88FE4FFA8EFEBE455FFA88F6D6
:1009000028DB00EBC30040F8044C03B0BDE8F08FD7
:100910004FF0000E02EB8C0AF04651F82E705AF898
:100920000469A6FB076736190EF1010E6F413446C4
:100930004FFA8EF64FF0000B28BF4FF0010B4E45DB
:10094000D8443D46E9DD40F82C4045460CF1010C09
:100950003C46C2E70136A94676B202EB8E0A002574
:1009600077B2BB4205DC40F82E4008F101084C4646
:10097000BEE76FF00307774351F826C05AF80770B7
:10098000A7FB0C7C3F195CEB090C4FF0000B28BF58
:100990004FF0010B5D44E1463C460136E0E721EAB9
:1009A000E1729200002105F01DBE10B500231A4629
:1009B0005CB2A14203DCB2FA82F0400910BD50F8EB
:1009C000234001332243F3E74A11012350F8220068
:1009D00001F01F018B40184070474B1E10B55BB2F1
:1009E000041D1A0603D45A1E54F8221071B10133A3
:1009F0005BB283B103F18042013A50F82210002229
:100A000031B9013B02EB431210B210BD1346E8E7C7
:100A100049080132F4E71846F7E710B500235CB245
:100A2000A24200DC10BD51F8234040F823400133BE
:100A3000F5E710B5013A52B2130601D5002010BDFA
:100A400050F8224051F822309C4205D802F1FF3282
:100A5000F2D24FF0FF30F2E70120F0E730B5013A73
:100A600052B20023140603D5181E18BF012030BD52
:100A700050F8224051F822506C402343013AF1E7EC
:100A8000F0B5002406469C46204665B2654500DB6D
:100A9000F0BD51F8247052F824303D1AED1AAF42DF
:100AA00000F0010018BF002046F8245038BF40F085
:100AB00001000134E9E770B59DF910601D46334629
:100AC0000446FFF7BDFE30B9324621462846FFF7FF
:100AD000B0FF012807D033462A4621462046BDE80C
:100AE0007040FFF7CDBF70BD70B59DF910601D4619
:100AF00033460446FFF7C4FF38B133462A46214641
:100B00002046BDE87040FFF79BBE70BD2DE9F04F59
:100B1000A5B01D4614ABCDE902310190294610461F
:100B20001746FFF75AFFC0EB851424B2002C264667
:100B3000B8BF04F11F06634246F3471603F01F03D4
:100B400004F01F09314658BFC3F1000904A8FFF79C
:100B500026FFB9F1000F4FEA86062DDD04AB002217
:100B60001E44C9F1200C13469D421AD804AB03EB76
:100B7000850300936F1E24AB4FEA45084FEA8509B1
:100B8000012603EB8707002C53DA24AB03EB860620
:100B9000019856F8881C2A46FFF73FFF25B0BDE8AC
:100BA000F08F57F8230000FA09F10A4346F8042BA6
:100BB000013320FA0CF2D7E704AB2A4639469819DC
:100BC000FFF72BFFD2E75AF8883C53F8202024ABDC
:100BD00003EB80030CF1010C53F8803C0B44D31A57
:100BE00034BF4FF0010B4FF0000B9A425EF8882C97
:100BF00042F8203018BF59464FFA8CF04045E2DBEE
:100C0000731A5E42294604A85E41FFF733FE09F1DC
:100C100090036B44009853F8802C57F8803C294689
:100C200043EAC273013C47F8803C24B2FFF722FE3E
:100C3000A9E724AB4FF0000CC6F1010E614603EBAF
:100C4000860A03EB8E0ED7E730B51C4691B00546F9
:100C500093F900306846FFF73AFED4F8AC306946A5
:100C60002846984711B030BD13460A46FFF7ECBF3F
:100C70002DE9F04793F9006092B00446894610468A
:100C8000314615461F46FFF790FE002840F0918040
:100C90003A46494602A8FFF7E7FF3B4602AA21462B
:100CA0000AA8FFF7D1FF02A908463A46FFF7DCFF82
:100CB0003B462A4649464846FFF7C6FF07F1040867
:100CC0003A4629462846FFF7CFFF43462A462146A3
:100CD00020460096FFF7EFFE43462A46294628465F
:100CE0000096FFF7E8FE43462A462146284600962E
:100CF000FFF7FAFE3B462A4621462046FFF7A4FFAF
:100D000043462246214628460096FFF7D4FE434636
:100D100000962A4621462046FFF7CDFE2368DB07D2
:100D20004AD53346424621462046FFF789FD3146E3
:100D300082462046FFF79EFD06F18043013B54F8B2
:100D4000232042EACA7244F823203A462146284624
:100D5000FFF78AFF43460AAA294628460096FFF76E
:100D6000C3FE43460AAA294628460096FFF7BCFE62
:100D70000AA9084643462A460096FFF7B5FE3B46B9
:100D80000AAA21462046FFF75FFF02AA4346104603
:100D900021460096FFF7A8FE324629462046FFF777
:100DA0003CFE49462846FFF738FE02A94846FFF7B1
:100DB00034FE12B0BDE8F08731462046FFF75AFDF9
:100DC000C3E72DE9F04115468AB004460E461C22C1
:100DD000002103A805F006FC2F1D95F900800323D0
:100DE0002A46314620460293FFF73EFF3B4602AAC1
:100DF00021462046CDF80080FFF776FE2B4632468E
:100E000021462046FFF720FFCDF800803B4605F144
:100E1000840221462046FFF74EFE0AB0BDE8F0816D
:100E20002DE9F0479AB01646DDF888804446994689
:100E300014F9045B009507468A462346024631466C
:100E400002A8FFF751FE02A942460846FFF70CFF31
:100E5000434602AA39463846FFF7F6FE434602AA41
:100E600031463046FFF7F0FE23465246494602A877
:100E70000095FFF720FE2346524649464846009516
:100E8000FFF732FE23463A4631460AA80095FFF79F
:100E90002BFE43460AAA51465046FFF7D5FE23468D
:100EA000324639460AA80095FFF705FE42464946F4
:100EB0003046FFF7D9FE23460AAA31463046009550
:100EC000FFF712FE23463246394612A80095FFF777
:100ED0000BFE434612AA49464846FFF7B5FE234695
:100EE0005246494648460095FFF7FEFD424602A994
:100EF00012A8FFF7B9FE12A923460AAA08460095D0
:100F0000FFF7F2FD23463A4612A90AA80095FFF71B
:100F1000EBFD0AA9434602AA0846FFF795FE2346C1
:100F200052460AA950460095FFF7DEFD2A4612A94F
:100F30003846FFF772FD1AB0BDE8F087F0B50F46EE
:100F4000A1B006461946384615461C46FFF72DFD4A
:100F500028B1304621B0BDE8F040FFF720BD224661
:100F600039466846FFF759FD294608A8FFF755FDA1
:100F7000214610A8FFF713FD0123214618A810935E
:100F8000FFF70DFD224608A96846FFF752FD30B96C
:100F9000224610A93046FFF740FD21B0F0BD009B6E
:100FA000DA0709D421466846FFF764FC2246294641
:100FB00010A8FFF76CFCE5E7089BDB0707D4214688
:100FC00008A8FFF757FC2246294618A8F1E7002891
:100FD00023461CDD08AA69466846FFF751FD2146F5
:100FE0006846FFF747FC224618A910A8FFF721FD25
:100FF000002805DA10A923462A460846FFF720FCF8
:1010000010A9234618AA0846FFF73AFDCEE76A461C
:1010100008A8FFF735FD214608A8FFF72BFC22465C
:1010200010A918A8FFF705FD002805DA18A923461E
:101030002A460846FFF704FC18A9234610AA0846CA
:10104000FFF71EFDBFE70978490049B2FFF7ADBCC5
:10105000F0B5154689B01C4607460E461A46294685
:101060006846FFF701FE23466A4639463846FFF7D1
:10107000EBFD23462A4669466846FFF7E5FD234611
:101080006A4631463046FFF7DFFD09B0F0BD2DE975
:10109000F0478AB01446DDF848A055461F4615F9BA
:1010A000046B0096804689462B460246214602A8DC
:1010B000FFF71AFD02A952460846FFF7D5FD534631
:1010C00002AA41464046FFF7BFFD534602AA214609
:1010D0002046FFF7B9FD2B464A463946384600966A
:1010E000FFF702FD5246394602A8FFF7BDFD02A9EF
:1010F0002B46424608460096FFF7F6FC02A92B460F
:10110000224608460096FFF7EFFC2B464246214652
:1011100020460096FFF7E8FC5346224649464846DB
:10112000FFF792FD2B4602AA414620460096FFF7A4
:10113000DBFC5346224639463846FFF785FD2B46F1
:101140004A46394638460096FFF7CEFC324602A999
:101150002046FFF762FC0AB0BDE8F0872DE9F04FAA
:10116000AFB09146399C029094F9006016A83246BF
:101170001D46FFF752FCB300039301EB860388463C
:1011800026A819460493FFF748FC002D00F0818043
:10119000294606A8FFF741FC324616A90EA8FFF71C
:1011A0003CFC26A91EA8FFF738FC234606AA16A871
:1011B000FFF74EFFD4F8A450234606AA26A916A886
:1011C000A847234606AA1EA90EA8FFF741FFBDF9AE
:1011D000E050023D2DB2002D62DCD9F800500094A1
:1011E00005F001070EAB03EB4719ED431EAB03EB14
:1011F000471705F001050EAB03EB451A1EAB03EBD9
:1012000045152B4652463946484604F1040BFFF774
:1012100007FE5B460EAA16A906A80096FFF764FC17
:1012200006A923463A460846FFF70EFD06A92346BF
:1012300042460846FFF708FD06A933465A460846C7
:10124000FFF77CFE06A9049A23460846FFF7FCFC3C
:1012500006A923464A460846FFF7F6FC3B464A469F
:10126000294650460094FFF712FF234606AA1EA9FE
:101270000EA8FFF7EDFE029832460EA9FFF7CDFB50
:10128000DDE902031EA91844FFF7C7FB2FB0BDE834
:10129000F08F314606A8FFF782FB012306937BE718
:1012A00029464846FFF790FBB0FA80F77F09C7F15F
:1012B00001010EAB03EB411B1EAB03EB41110EAB67
:1012C00003EB471A1EAB03EB47173B465246584603
:1012D00000940591FFF7A4FD059900940B465A462A
:1012E00039465046FFF7D3FE013D73E72DE9F84339
:1012F000B3F9029019F11F0648BF09F13E060F46E7
:1013000003F1240546F347160146904633462A4624
:101310003846FFF795FA044690B9B9EB461F06DA4E
:1013200049463846FFF750FB041E18BF01243346D8
:101330002A4639464046FFF783FA2046BDE8F8833F
:101340000124F4E730B5144695B005460CAA2346AF
:10135000084604A902910392FFF7C8FFB0FA80F390
:1013600001945B0914AA02EB8302638801331BB268
:10137000009352F8482C002304F144012846FFF75B
:10138000EDFE21462846FFF75EFEB0FA80F04009E8
:1013900015B030BDF0B500254F1E6CB28C4205F182
:1013A000010500DBF0BD3B1B23F0030603F0030344
:1013B0009659DB0026FA03F30355EEE7F8B50E461F
:1013C000D11C48BF911D144641F387010546671E95
:1013D000FFF7E5FA002042B2A24200F1010000DB73
:1013E000F8BDBB1A23F00301B25C03F00303DB007A
:1013F0009A406B5813436B50EDE7F0B591B091F9FB
:10140000006005460C46FFF71EFE28BB271D32462E
:1014100029463846FFF70DFB012820D1324605EB5F
:1014200086013846FFF705FB012818D12246684699
:10143000FFF71AFCD4F8A8302246294608A8984796
:10144000324608A96846FFF709FB002814BF6FF071
:101450000200002011B0F0BD4FF0FF30FAE76FF04E
:101460000100F7E7F0B50C4691F9017091B02646FE
:10147000014605463A466846FFF7A0FF16F9440BB9
:101480003A46E9190DEB8000FFF798FF102231462C
:101490006846FFF7CEFA28B121466846FFF7ADFF50
:1014A00011B0F0BD6FF00300FAE7CB78027853403B
:1014B00003704B884278534043700A68837883EA0C
:1014C000122383700A68C3785340C370CB790279C2
:1014D00053400371CB884279534043714A68837902
:1014E00083EA122383714A68C3795340C371CB7A6C
:1014F000027A53400372427A4B89534043728A689E
:10150000837A83EA122383728A68C37A5340C37250
:10151000CB7B027B53400373CB89427B53404373A5
:10152000CA68837B83EA12238373CA68C37B5340F0
:10153000C37370471FB502788DF8002042798DF88B
:101540000120827A8DF80220C27B8DF80320027977
:101550008DF80420427A8DF80520827B8DF80620D4
:10156000C2788DF80720027A8DF80820427B8DF82A
:10157000092082788DF80A20C2798DF80B20027B31
:101580008DF80C204278C37A8DF80D2082798DF881
:101590000E208DF80F3010236A461946FFF78AF89F
:1015A00005B05DF804FBF8B5064608780C46FFF771
:1015B00090F805466078FFF78CF8A278637853407E
:1015C000E27853405D406840307060782778FFF7DC
:1015D00080F80546A078FFF77CF8A3785F40E378B1
:1015E0005F407D406840707063782778A0785F40E6
:1015F000FFF76FF80546E078FFF76BF8E3785F4098
:101600007D406840B0702078FFF763F862782378F7
:101610005340A278534080EA0305E078FFF759F879
:10162000EDB24540F570F8BD70B5144688B005467A
:10163000002849D0002949D0002A49D010230A4661
:1016400068461946FFF736F821466846FFF72DFF32
:10165000103401F1A0066846E3F708FD6846FFF77D
:1016600069FF694604A8FFF79EFF01A905A8FFF7D7
:101670009AFF02A906A8FFF796FF03A907A8FFF79C
:1016800092FF102319460DEB03026846FFF712F88C
:10169000214668461034FFF708FFB442DBD1E3F778
:1016A000E5FC6846FFF746FF21466846FFF7FDFE6A
:1016B000102319466A462846FEF7FCFF68461022AA
:1016C0000021FFF704F8012008B070BD0846FBE7D1
:1016D0001046F9E710B50A460F3012F9103B002BFF
:1016E000ACBF0023872312F8014D83EA44038A42EA
:1016F00000F8013902D01378DB09F4E710BD08B512
:1017000020B158220021FEF7E2FF012008BD10B5EC
:10171000044688B110220021FEF7D9FF102204F1FF
:1017200030000021FEF7D3FF0023636400224FF452
:101730008033C4E91423012010BD70B504460D4662
:10174000164610B311B358220021FEF7C0FF2946F8
:10175000A6643046E3F796FC102200212046FEF7EF
:10176000B6FF04F11005A26C21462046FFF75CFF8E
:1017700021462846FFF7AEFF294604F12000FFF777
:10178000A9FF2046FFF7C3FF012070BD0846FCE714
:101790002DE9F0410E4615460446002860D0FAB106
:1017A00000295DD0D0E9143253EA020158D0013B40
:1017B000D0F8448042F1FF32C0E91432B8F1000F92
:1017C0002CD0C8F1100708F13000BD4220440AD2E5
:1017D0002B4632462946FEF76DFF636C2B4463644B
:1017E0000120BDE8F0813B4632463946FEF762FFF4
:1017F000103D0023636445443E44631E04F10F0121
:1018000013F8012F93F830008B4282EA00021A701D
:10181000F6D1A26C21462046FFF706FF04F10F0720
:10182000102D0AD8002DDBD02B463246294604F174
:101830003000FEF73FFF6564D2E7631E711E13F8A8
:10184000012F11F8010FBB4282EA00021A70F6D193
:10185000A26C21462046FFF7E7FE1036103DDFE779
:101860000020BEE770B50C460546E8B169B34A6C86
:10187000102A1AD11031631E013904F10F0013F838
:10188000012F93F83060724011F8016F984282EA9C
:1018900006021A70F3D1A26C21462846FFF7C4FE57
:1018A0002046FFF72CFF012070BD02F1300000211F
:1018B000C2F110022044FEF70AFF636C2344802229
:1018C00083F8302004F12001D5E70846ECE7FBF768
:1018D00087BF01460068FBF783BF08B5E3F724FC28
:1018E000BDE80840E3F752BC00210120FFF7EFBF3D
:1018F000202809D9B0F1004F08D80138B0FA80F09B
:10190000C0F11F0040007047082070473E2070471C
:101910002DE9FF410E469846144605460027B7427A
:1019200020DA6868C8B1B8F1000F07D0431E18422A
:1019300016D11F2814D92A68134211D12B6801939C
:10194000FFF7D6FFAB6803430393E3B2072B07D837
:10195000204601A9E3F71EFF013401370C35DEE70D
:101960006FF01504204604B0BDE8F08130B585B0B5
:1019700014460A888B78ADF8002005460D22002118
:101980000DF103008DF8023004F02CFE6A46694622
:101990002846F5F7A1FC28B9BDF800209DF80230D3
:1019A0002280A37005B030BD13B50C4601AA0331E7
:1019B000FFF7DCFF48B9032201A9204604F0A2FD8D
:1019C000B0FA80F0400902B010BD0020FBE770B50E
:1019D000CE1C05460C4630460321F5F77BFC60B96A
:1019E000637903F03F0343F04003637122463146BD
:1019F0002846BDE87040FFF7B9BF70BD2DE9F04142
:101A00004FF0FF3206460D464FF0FF3300210F2006
:101A1000E4F7C0FB012700F10C0804460776022119
:101A2000404603F0DAF90F23042103704170404669
:101A300003F0D3F94770468005702046BDE8F041B9
:101A4000E5F77EB801F12003013813F8012D00F805
:101A5000012F8B42F9D1704790F8223043F00603F2
:101A600080F8223090F8293043F0040380F82930C0
:101A7000704708B5F5F72EFCB0FA80F0400908BDB4
:101A800070B50D4600210446FEF710FD0D2818D153
:101A9000237B302B13D0312B13D1012305F8063BC8
:101AA00004F10C062A462046012302210234FDF7E8
:101AB0009EFEB44205F1FF35F4D1002070BD002335
:101AC000ECE76FF01500F9E7E3F74AB9002070473B
:101AD00010B50C46017822788A428AB00FD0694648
:101AE000E4F7ECFA05A92046E4F7E8FA10220DF134
:101AF00015010DF1010004F005FD0AB010BD012A29
:101B000006D0022A07D072B940886388C01AF4E769
:101B100040686368FAE71022611C01300AB0BDE832
:101B2000104004F0EFBC6FF01500E6E7042A0AD07D
:101B3000102A0DD0022A4FF0000315D103700B8834
:101B4000438001207047012303700B684360F8E76E
:101B5000022300F8013B01F1100351F8042B40F877
:101B6000042B9942F9D1ECE718467047012310B5D0
:101B70000621044600F8013BF5F7ACFB18B9A37940
:101B800063F03F03A37110BD0B6803608B888380F3
:101B90008B798371037823F0020303707047007818
:101BA000C0F3400070470F2807D80D280BD8052830
:101BB00008BF032018BF02207047132803D01A283B
:101BC00008BF0120F6E7012070477047D0F8B83011
:101BD00083B15A7BD1070DD5D2060DD51B7B102BB7
:101BE00014BF032304234372807A98428CBF0020E1
:101BF000012070470223F6E70323F4E710B50346FC
:101C0000BFF35B8F53E8000F40EA010243E8002472
:101C1000002CF7D1BFF35B8F10BD0B46014618783F
:101C2000E4F7E4BA70B5C5682E78B5F8010076B966
:101C30000F21E6F78BF9044648B1EB780373314680
:101C4000E6F7C2F82046BDE8704000F043BE70BD24
:101C500008B5C3680121B3F80100E6F777F918B1B8
:101C6000BDE8084000F036BE08BD01210C3003F08D
:101C7000DBB870B5C56801212888E6F767F9044626
:101C800090B16E88EA88A9882B89A0F8C230A0F8A4
:101C9000BC60A0F8BE10A0F8C020E6F7EDF9204621
:101CA000BDE8704000F016BE70BD0B6803608B8805
:101CB000838070470B6803608B8883808B79837186
:101CC000704738B5C5680121B5F80100E6F73EF95F
:101CD000044698B12B783BB9D5F80330C0F8AD3045
:101CE000D5F80730C0F8B130201D4FF48051FFF710
:101CF00085FF2046BDE8384000F0ECBD38BD30B46B
:101D000002EBC303044608469A4201D130BC704737
:101D1000114611F8085BA54206D1018A5378994211
:101D2000F4D330BC536818470A46EDE7BFF35B8F26
:101D300050E8003F0B4040E80032002AF8D1BFF3E2
:101D40005B8F70477047C0F307231070000E53700D
:101D5000D0700023C1F30720090E937013715071E6
:101D60009371D17170472DE9F843C7683A78012320
:101D700003EB8203028A93425FD9BDE8F88363696B
:101D8000002B33D182F31188BFF36F8F204600F010
:101D9000A1FD01353B789D42EFDA07EB85030F216A
:101DA000B3F80100B3F80360E6F7D0F80446002862
:101DB000EFD000F12809002EE8D04FF02003EFF318
:101DC000118283F31288BFF36F8FE369002BD6D0A3
:101DD000013BE36182F31188BFF36F8F2046E5F783
:101DE00019FF013EFCF7B8F8B6B2E4E7A16918683C
:101DF00060618B4208BFA06182F31188BFF36F8FCF
:101E00004FF02002EFF3118182F31288BFF36F8F3E
:101E1000DA68E261C3F80C80C3F80080626A4AB9EC
:101E2000C4E9083381F31188BFF36F8F4846FCF78C
:101E300031FAD3E713606362F4E70025A846A9E707
:101E400073B5C5680121B5F80100E6F77FF80446CF
:101E500000284ED02B781A2B00F1040619D1C37834
:101E6000012B2AD14FF480613046FFF7C7FE4205AF
:101E70000FD4D4F8A03000936946D4F8A830019369
:101E80002046E6F703FC204602B0BDE8704000F0B3
:101E900021BD2B788BB9B5F80330A4F89E30B5F886
:101EA0000530A4F8A430B5F80730A4F8A6306FF4D4
:101EB00080713046FFF73AFF17E0BFF35B8F63682E
:101EC000BFF35B8FDB05F2D52B78202BEFD194F895
:101ED000AC30002BEBD0013B84F8AC304FF4203217
:101EE000002304F15800FCF73DFA2046E6F780F89D
:101EF000C9E702B070BDF0B5C5682F8887B0012171
:101F0000B8B2E6F723F8064658B302ACD5F802207B
:101F1000D5F8063001946989009102F0D5FB10B321
:101F2000122142F21A00E4F71DFB0546B0B112215E
:101F30000C3002F052FF0346224623F8027B06AF24
:101F4000144603CCBC4218605960224603F10803D2
:101F5000F6D1294642F21A00E4F73EFB304600F083
:101F6000B9FC07B0F0BD022142F21B00E4F7FAFA17
:101F700004460028F2D002210C3002F02EFF214648
:101F8000078042F21B00E7E770B506460D4642F2B5
:101F900021000321E4F7E6FA044660B103210C3086
:101FA00002F01BFF06808570214642F22100BDE849
:101FB0007040E4F711BB70BD73B5C368D9789A78E7
:101FC0001E8842EA0122ADF8002059791A7942EAC6
:101FD0000122ADF80220D9799A7942EA0122ADF8BE
:101FE00004201A7A5B7AB4B242EA03230121204624
:101FF000ADF80630E5F7AAFF054628B902212046CC
:10200000FFF7C2FF02B070BD6946E6F757F838B96E
:102010001E212046FFF7B8FF284600F05BFCF1E7E1
:102020000E2142F22000E4F79DFA04460028F3D086
:102030000E210C3002F0D1FE00230680C0F80A30D9
:10204000BDF800304380BDF802308380BDF8043015
:10205000C380BDF806300381214642F22000E4F738
:10206000BBFAD9E770B506460D4640F2064003219B
:10207000E4F778FA044668B103210C3002F0ADFEB3
:102080000680857021460022BDE8704040F206407F
:10209000E4F7C4BA6FF0680070BD2DE9F0478146DF
:1020A000884642F2320007219DF820A017461E46BE
:1020B000E4F758FA0546A0B107210C3002F08DFE76
:1020C000B9F80030038080F80280C7700671A0F86C
:1020D00005A029460022BDE8F04742F23200E4F7AD
:1020E0009DBA6FF06800BDE8F087C068E4F72EBBCA
:1020F00010B503884288934219D8052B17D9B2F539
:10210000486F14D88388B3F5FA7F10D2C088A0F145
:102110000A0189B240F67644A14208D801339BB245
:102120005343B3EB800F34BF0120002010BD0020CB
:10213000FCE738B5C3680F21B3F801001D78E5F757
:1021400005FF044620B365B12846E4F749FC29465B
:1021500002462046E6F71AF82046BDE8384000F06F
:10216000B9BB8378012BEFD102F087FC2046FFF743
:102170002DFD0028E8D10520E4F732FC05210246B8
:102180002046E6F703F80521204600F0EAFBE3E7E6
:1021900038BD70B5C6680F21B6F801003578E5F78F
:1021A000D5FE044668B365B12846E4F719FC294614
:1021B00002462046E5F7EAFF2046BDE8704000F001
:1021C00089BB8278F378C372012A05D00020E4F736
:1021D00007FC00210246ECE70BB102F04EFC204662
:1021E000FFF7F4FC0028F1D10520E4F7F9FB052105
:1021F00002462046E5F7CAFF0521204600F0B1FB64
:10220000DAE770BDE3F758BD40F2C130704708B55A
:10221000E9F79AFB18B1C089003818BF012008BD42
:1022200070B54FF0FF320D464FF0FF3300210646E8
:10223000E3F7B0FF022104460C3002F0CEFD067039
:102240004570204670BD033138B5C9B205460E2031
:10225000FFF7E6FF032104460C3002F0BEFD012328
:102260000370A0F80150204638BD70B505460E46F3
:102270000F200421FFF7D4FF042104460C3002F0A4
:10228000ACFD0122067042704580204670BD08B545
:10229000072204F037F9B0FA80F0400908BDBFF317
:1022A0005B8F0068BFF35B8F70470B6803608B88A0
:1022B000838070470B6803608B8883808B79837180
:1022C0007047F8B50F46144630BB272142F227006D
:1022D000E4F748F9054610B327210C3002F07DFDE4
:1022E0003946FFF7E7FF06462246C31D04F11001F9
:1022F00052F8040B43F8040B8A42F9D11022002152
:1023000006F1170004F06EF929460022BDE8F840F6
:1023100042F22700E4F782B96FF01500F8BD6FF0C4
:102320006800FBE7037A5B07024605D501462A32BF
:1023300011F8010BFFF7C5BF704738B501210546FD
:1023400042F22D00E4F70EF9044658B129460C304C
:1023500002F052FD21460022BDE8384042F22D0035
:10236000E4F75CB96FF0680038BD10B400F11003F9
:10237000BFF35B8F53E8002F22F4004143E80014C1
:10238000002CF7D1BFF35B8F130403D510BC0121E0
:1023900000F0D7B910BC70472DE9F041D1F80480A6
:1023A00086B004460D46B8F1000F1DD1037A5B07D5
:1023B0001AD50E68411C701CFFF769FF2A361622D9
:1023C00041460746684604F00DF91022694630463A
:1023D00004F098F830B1102204F12A01304604F0DC
:1023E00091F800B107B16C6006B0BDE8F08100F172
:1023F000100208B503461046FFF751FF010611D53C
:10240000BFF35B8F52E8000F40F4004042E8000148
:102410000029F7D1BFF35B8F18460021BDE80840C3
:1024200000F08FB908BD10B50C4630B919B1E9F705
:1024300037FA00B1441C204610BD0024FBE718B158
:1024400011B10846E4F77EBC6FF01500704713B574
:10245000044680B106216846F4F73CFF48B99DF870
:102460000530694603F03F0320468DF80530FFF73D
:10247000E6FF02B010BD6FF01500FAE7003818BF94
:1024800001207047037AD90704D523F001030372B2
:10249000E4F7AABC990704D523F002030372E4F71A
:1024A00039BD704700207047034610F4004F0CBF41
:1024B00007200620DA0348BF00F005009B0348BF51
:1024C00000F0FB007047BFF35B8F0068BFF35B8FCA
:1024D000704710B50346BFF35B8F53E8000F00EA67
:1024E000010243E80024002CF7D1BFF35B8F10BD3D
:1024F0000B6803608B8883808B79837170472DE92B
:10250000F74F0C46202100909246E4F72BF8054641
:10251000002850D020210C3002F05FFC2022002146
:10252000814604F05FF809F1010B04EBCA0A0026AA
:10253000D4F800800023626893420CD30834A2458B
:10254000F6D1009889F800600022294603B0BDE862
:10255000F04FE4F763B898F8012098F800C0B01C79
:1025600011181F2908D9BCF1090FC0F11F021AD197
:10257000002A18DD4FF0080CD7B2791C0BF80610B2
:10258000711CC9B25BFA80F00BF801C0D8F80410D6
:102590000193023703F0FEFF019B3744FEB2013383
:1025A00008F10808C7E72846F7F726FE6FF0150080
:1025B00003B0BDE8F08F6FF06800F9E7012310B4B5
:1025C00003FA01F1044662B1BFF35B8F54E8003FA8
:1025D0000B4344E80032002AF8D1BFF35B8F10BCF4
:1025E000704710BCC943FFF774BF2DE9F04F87B0A7
:1025F00005469DF84860DDF840909DF844A00C46E3
:1026000090460021102202A81F4603F0EBFFEEB90E
:10261000CDE90248012202A942F20800FFF76FFF4C
:10262000044678B9BAF1000F3ED11035BFF35B8F85
:1026300055E8003F43F0040345E80032002AF7D193
:10264000BFF35B8F204607B0BDE8F08FE4F726FBB1
:102650008346E4B937BB5846DDF7CEFE0923012E89
:10266000CDE901B48DF800308DF80100CDF80C8073
:10267000D0D1CDF810D005960222CCE714F8332043
:10268000083A012A25D901339845F7D1E2E700231A
:10269000FAE717F83320083A012A1AD90133994585
:1026A000F7D1D8E70023FAE7022E4FF0010208BF66
:1026B000059202A908BF324642F2090008BFCDF8D0
:1026C00010D0CDE90279FFF71AFF0028ADD00446FB
:1026D000B8E76FF01504B5E7436813F008000AD0B7
:1026E0005A0307D403F4C063B3F5806F14BF02200C
:1026F000012070470120704770B5064686B00D4630
:1027000042F20A000121E3F72DFF0446B0B10C307C
:1027100095B1012102F070FB06F1100203A92046D9
:1027200000950723E3F70CFF0022214642F20A003E
:10273000E3F774FF06B070BD2946EBE76FF0680061
:10274000F8E7FFF7D9BF183003F081BBE4F78ABF81
:10275000036800220BB9184670478B4210D10B68F2
:1027600042B942680360914200D1436000230B608C
:102770000120704713604368994208BF4260F5E743
:102780001A461B68E6E710B50346BFF35B8F53E8B4
:10279000000F00EA010243E80024002CF7D1BFF348
:1027A0005B8F10BD2838E5F73DB910B504460069C8
:1027B00018B1F7F721FD0023236110BD2DE9F04189
:1027C0000446002704F1380600230022304602F0B8
:1027D000CAFA034650B92046FFF7E7FF04F1580054
:1027E0000022BDE8F0410023FBF7F0BD9D699F6129
:1027F000F7F702FD002DE7D029462046E5F742F91C
:10280000E0E770B5164604460D46E5F70BF9012ED4
:1028100017D0022E17D1236913B12046FFF7C5FF49
:10282000256121690A8A012A37D9CB681B880433BC
:102830009BB29A4231D328D92046BDE87040FFF7B9
:10284000B4BF206918B92046FFF7AFFF01E02E8A18
:1028500026B92846BDE87040F7F7CEBC0C3002F030
:10286000F7FA864207D921690022204600F0F6F9DE
:1028700000232361EDE720692A8AE9680C3002F021
:10288000B2FA2846F7F7B8FCCBE7002323612046CD
:102890000122BDE8704000F0E1B970BD10B5BFF392
:1028A0005B8FD0F8C430BFF35B8F00F1C4027BB103
:1028B000BFF35B8F591C52E8004F9C4204D142E8A1
:1028C000001CBCF1000FF6D1BFF35B8FE7D110BD48
:1028D0001846FCE700F1C403BFF35B8F53E8001F09
:1028E000013943E80012002AF8D1BFF35B8F428818
:1028F00040F201139A4208D1BFF35B8FD0F8C43085
:10290000BFF35B8F0BB9E4F7E9BE70472DE9F843DD
:1029100007460E46904600244FF0C809B44203D142
:1029200000231846BDE8F88309FB0470FFF7B6FFE3
:10293000034658B1457B012D02D0073D012D03D838
:102940001A884245EDD01846FFF7C4FF0134E5E789
:1029500010B50446E5F74CFE2046BDE81040E5F70B
:1029600043B810B5437B023B0446062B16D8DFE87C
:1029700003F004151515090B090001730021204609
:10298000E5F722FA002010BD0088FFF76BFB002856
:10299000F9D1637B072BF5D10821F0E76FF07F00B9
:1029A000F1E710B50446D0F8B80028B9207A04F150
:1029B0008801E8F7C9FF38B1E278C3892AB913F072
:1029C000210F14BF0120002010BD13F0240FF8E7E1
:1029D00038B5437B072B044626D10B0601F07F0553
:1029E00013D5BFF35B8F031D53E8001F41F4006153
:1029F00043E80012002AF7D1BFF35B8FA57220468F
:102A0000E8F728FB68B9002038BD437AAB42FAD218
:102A1000837AAB42F7D26FF400610430FFF7B3FE64
:102A2000ECE7637AA372EFE76FF07F00ECE7407AA0
:102A3000704738B5037A8B420446154615D100F12C
:102A400088010722284603F05DFD80B1E378072264
:102A500043B904F19601284603F054FDB0FA80F022
:102A6000400938BD04F18F01F5E70020F9E70120A6
:102A7000F7E708B5E5F7E4FB10B1FFF72BFF0120FE
:102A800008BD88307047F8B507460D4642F213007E
:102A90000E21E3F767FD0646D0B10E210C3002F09F
:102AA0009CF90E220446002103F09CFD3B88238004
:102AB0002B8863806B88A380AB88E380EB882381BD
:102AC00031460022BDE8F84042F21300E3F7A6BD0C
:102AD0006FF06800F8BD7047F8B507460E4615461A
:102AE00000234FF4803204210020E5F76FFA0446FA
:102AF00030B104210C3002F070F907704670458047
:102B00002046F8BD704770B5D0E90035044623B1C2
:102B10006B6803B1984700232360E3680BB120463C
:102B200098472B6A1BB12046BDE87040184770BD1E
:102B300038B5006D30B150F8084904B1083CFFF7D2
:102B4000E2FF04B938BDA5682DB12046083DFFF766
:102B5000DAFF2C46F7E72046BDE83840FFF7D3BF41
:102B600038B5036D0D46BBB1184650F8084904B19D
:102B7000083C53F8043C9B680BB1294698475CB16C
:102B80002046A468436824B19B68083C002BF4D11C
:102B9000F6E79B68002BF0D138BD0431E5F716BA93
:102BA0002DE9F041144605460F4602F10C000421C0
:102BB0001E46DDF8188002F027F9228A4780043A81
:102BC00002804346324621462846BDE8F041E5F7FB
:102BD0005FB837B50B8A032B05460C4627D904216D
:102BE00004F10C0002F020F9238A42889A421ED197
:102BF0004178E1B10378012B19D0132B17D00222B1
:102C000001202D68FFF768FF044680B102210C30D7
:102C100002F0E3F80023037043702246009305217D
:102C20002846FFF7BDFF10B12046F7F7E5FA002070
:102C300003B030BD006D30B1838B8B42A0F1080032
:102C400001D08068F7E77047006D30B183898B420F
:102C5000A0F1080001D08068F7E7704738B50B8A0B
:102C6000032B05460C4604D82046BDE83840F7F74C
:102C7000C3BA042104F10C0002F0D6F841882846BA
:102C8000FFF7E2FF0028EFD0436821465B699847D1
:102C9000EAE770470346006828B1596802681A607D
:102CA000884208BF5A6070470346002003B9704746
:102CB0001A8A5B681044F9E710B5D46823780231AA
:102CC00013B92170012010BD8B42FBD0038A023B57
:102CD000038200201061F6E70620704708B5437BA9
:102CE000072B01D0002008BD0421FFF7ADFF00280D
:102CF000F8D0BFF35B8F036BBFF35B8F5B07F1D53E
:102D000050F8040CEFE773B51446014605464FF43E
:102D10009572206801F031F8207500BB237AB3B1B9
:102D2000A3F11802534253419B000193638A00931D
:102D3000AE68238AE26820682946B047002808DB8D
:102D4000238A98420ED100232375012008E0022334
:102D5000EBE710F1FF0F05D34042C0B22075002011
:102D600002B070BD0E20F9E71FB5CDE901230023A5
:102D700000931A46E6F774FF05B05DF804FB2DE9F1
:102D8000F04F91B0166880460F46002542F60103C9
:102D90000068D6F804908DF82C500BA91446ADF8B5
:102DA0002E30FEF795FE002800F089804FF4205366
:102DB000D8F800008DF82C500BA9ADF82E30FEF796
:102DC00087FE38B1A3681BB15A88BA4200D25F802F
:102DD00001200EE061680846FFF766FF728B738D75
:102DE0009A4294BFC0EB0200C0EB0300032803D853
:102DF000002011B0BDE8F08F084601F0BCFF054689
:102E00006068FFF751FF728B738D05F10C0B9A42CE
:102E100094BFC0EB020AC0EB030A584602F018F850
:102E2000824544D26068FFF73FFF728D738B9A42F0
:102E300094BFC0EB0200C0EB030070B96368987ADE
:102E4000F7F72CF90022002301F088FF054600283F
:102E5000CED00146606801F09FFF00230093D8F8B0
:102E60000460102302AA41464846B047061E26DBEE
:102E7000227CE068B2421ED001460BA8FEF756FE47
:102E8000E8B1F2B202A906A8FEF750FEB8B106A951
:102E90000BA8FEF71DFE90B900236374042105F111
:102EA0000C0001F09AFFA0600780A3688FE75846E6
:102EB00001F0CEFFC1E702A903F024FBEBE70023FA
:102EC000A36085E770B405686A6A52B3136803B1FA
:102ED000A03BA2F1A0040022114600E0A03B8442E6
:102EE00007D0668D648BB14238BF3146A24238BFED
:102EF00022461C462BB1D3F8A030002BEED18442E1
:102F0000EFD1438D408B8B4201D890420BD9824246
:102F100038BF02469942286838BF194670BCE7F7A7
:102F2000D1BA1146EDE770BC7047D0680378043120
:102F300013B90170012070478B42FBD091680B8A56
:102F40000020043B0B8210617047F8B59368166847
:102F500005460F46144663B9506801210C3001F054
:102F60003CFFA0602B681B78002B14BF02230123B9
:102F70000370A3681B78012B03D0022B1FD0002005
:102F80001CE02B681B78002BF9D1606804210C3001
:102F900001F023FFE06007802A68E36852885A80C6
:102FA0006168728D738B088A9A4294BFC0EB0200ED
:102FB000C0EB0300042894BF00200120F8BD2B685B
:102FC0001B78022BDBD1606812210C3001F005FF69
:102FD000E06007802B68E268591C0232113351F817
:102FE000040B42F8040B9942F9D16168728D738B1E
:102FF000088A9A4294BFC0EB0200C0EB030012287B
:10300000D9E72DE9F04F044685B010469046994621
:10301000FFF74AFE638B628D934228BF13468342BB
:103020008B4640F2938063680393404601F0A3FE11
:103030004FF0000A06464046FFF736FE628B638D6E
:1030400006F10C079A4294BFC0EB0205C0EB0305E2
:10305000384601F0FDFE854217D24046FFF724FEB8
:10306000628B638D9A4294BFC0EB0205C0EB0305EF
:103070008DBB98F80A00F7F711F80022002301F041
:103080006DFE064630B9574636E0384601F0E0FEA0
:103090000546EDE70146404601F07EFE4046FFF75B
:1030A00003FE628D638B06F10C079A4294BFC0EB5E
:1030B0000205C0EB0305384601F0CAFE85421FD267
:1030C0004046FFF7F1FD628D638B9A4294BFC0EBDF
:1030D0000205C0EB0305F168328ACDF80090DBF8F9
:1030E000047003980A44ABB25946B847071E0CDA7D
:1030F000BAF1000F18BF5746384605B0BDE8F08F4B
:10310000384601F0A5FE0546E5E70E9BB3B9394602
:1031100006F10C0001F061FE4046FFF7C5FD638D2E
:10312000628B934228BF1346B9448342BA441FFAC4
:1031300089F9A8D9AF423FF47EAFA4E70F9A0E9B5E
:103140003946304698470028E1D19CE70027D3E76D
:103150000368002203B970478B420FD10B683AB95C
:1031600042680360914200D1436000230B607047C6
:1031700013604368994208BF4260F6E71A461B682D
:10318000E8E701238B40DB43BFF35B8F50E8002F60
:103190001A4040E800210029F8D1BFF35B8F704747
:1031A0000620704710B5012303FA01F1BFF35B8FCE
:1031B00050E8003F43EA010240E80024002CF7D128
:1031C000BFF35B8F194214BF0120002010BD73B5FF
:1031D0001668054600237068137314462946952225
:1031E00000F0CBFD207380B9CDE900002946A3880B
:1031F000A2683046FFF705FF002809DA10F1FF0F3B
:1032000026BF4042C0B20E202073002002B070BD25
:103210000120FBE72DE9F34116680746002370689B
:10322000137314463946952200F0A7FD0546207316
:1032300008BBA068718D728B038A914294BFC3EB67
:103240000103C3EB0203012B15DD02210C3001F059
:10325000C4FDCDE900558046A388A26839463046B2
:10326000FFF7CFFE031E0ADA13F1FF0F26BF5B4202
:10327000DBB20E232373002002B0BDE8F081A8F872
:1032800000300120F8E7F8B504468868FFF70CFD28
:10329000638D628B934228BF134683420D460BD346
:1032A000A1638F6800268E6020463946E5F716FC3C
:1032B00008B1AF60A663F8BD6FF07900FBE738B5E1
:1032C000BFF35B8F0B68BFF35B8FDB07054617D53A
:1032D00050F8040CA0B16B6B93B90430FFF7DAFC23
:1032E000044668B10146281FFFF7CDFF002807DA22
:1032F00055F8043C5A6822609A685C6002B99C6088
:1033000038BD2DE9F041446A07463CB354F8A06942
:1033100006B1A03E00231D4607F1040801E0344633
:103320001646A26B9AB905B98BB94046FFF7B2FCB5
:10333000054658B101462046FFF7A5FF00280DDAE3
:103340007B682B60BB687D6003B9BD6023462EB1EE
:10335000D6F8A020002AE2D0A03AE0E7BDE8F0814C
:1033600070B500220446002308460E4601F0FBFC1F
:10337000054658B101462046E5F7B0FB044618B1B2
:103380002946304602F080FC204670BD6FF00104F3
:10339000FAE7F8B550F8044C0546071F0421303011
:1033A000FFF7EFFE04B36B6B8BB963687BB1201D35
:1033B000FFF770FC014606463846FFF764FF002819
:1033C00012DA63683360A368666003B9A66005F12A
:1033D00038013846FFF7C4FF30B104F10C0138461C
:1033E000BDE8F840FFF7BCBFF8BD38B504460D4650
:1033F000E5F774FB30B1294604F13C00BDE83840E4
:1034000001F0B3BC38BD2DE9F041884617460121D3
:10341000042205461E46E5F745FA044670B104212C
:103420000C3001F0DAFC80F80080A0F80170C67062
:1034300021462846BDE8F041FFF7D7BFBDE8F0813F
:1034400037B50C46054601F10C0001F0F5FC228A67
:103450000192E26800920346132212212846E5F702
:103460000DFC03B030BD37B50C46054601F10C002C
:1034700001F0E2FC228A0192E268009200220346F7
:1034800011462846E5F7FAFB03B030BD08688368AB
:103490009B690BB104301847704710B50C460AB948
:1034A000FFF7F4FF2046BDE81040E5F761B92DE9CC
:1034B000F84306460D46144622B1BDE8F8430846D7
:1034C000E5F756B9FFF7E2FFAF68B5F80480D5F825
:1034D0000C902846E5F74CF92FB9BDE8F88349462A
:1034E0003046B8470134A3B24345F8D3F5E710B5E9
:1034F0000C460AB9FFF7CAFF2068836B2BB14FF463
:10350000702200237030FAF761FF2046BDE81040BA
:10351000E5F72EB910B50C460AB9FFF7B7FF2068DA
:1035200001213430FFF72DFE2046BDE81040E5F7BD
:103530001FB910B50C460AB9FFF7A8FF2068002193
:103540003430FFF71EFE2046BDE81040E5F710B905
:1035500070B50E461546FFF7C1FB78B1436A6BB1F3
:10356000184650F8A03903B1A03B691C428B448D2A
:10357000A24228BF2246914202D93BB9002070BD29
:103580002A463146BDE87040E5F78CB9D3F8A04033
:1035900004B1A03C18462346E8E730B4438D448B81
:1035A000A34202F1010528BF23469D4202D830BC48
:1035B000E5F778B9002030BC704707B5CA681388B2
:1035C000528800920C210D22E5F7E2FC03B05DF871
:1035D00004FB07B5CB6800221B8800920A210B224E
:1035E000E5F7D6FC03B05DF804FBF8B5CB681F889F
:1035F000BBB2162B05461AD902220321FFF7CDFFD5
:103600000646B0B102210C3001F0E7FB00246FF058
:1036100008030370447031462846FFF7E6FEF7239F
:1036200028466B836F85FFF74DFC2046F8BD0420CC
:10363000FCE70E20FAE70A8AC9680023E5F752BEC4
:1036400070B5064650F8043C56F804590446002B61
:1036500036D039B1436B002B32D01B7CDA072FD523
:10366000052320E02846E6F741FF6B7A012B27D09F
:10367000656B2DB32B7CDB0722D5EB68002BEFD0DD
:103680006A69697C3046E5F70DF9044650B1D5E921
:103690000512EB68984768B1A069E5F769F820461C
:1036A000F6F7AAFD0E23002230461146BDE8704011
:1036B000E5F718BE21463046E5F710FA0028EBD1B1
:1036C00070BD70B50E46FFF709FB044640B9B069FE
:1036D000E5F74EF83046F6F78FFD6FF07F0070BDCE
:1036E00000F10C052846314601F03FFB606A38B115
:1036F00050F8A04904B1A03C2946FFF731FE20B99B
:103700000020ECE71C466FF00100002CF8D0D4F844
:10371000A03023B90230F5D020461C46ECE7A03B90
:10372000F8E710B50C46FFF7D9FA60B10023236023
:1037300083682BB9C0E90144FFF7E3FD002010BD09
:103740001C608460F8E76FF07F00F8E701207047A5
:1037500010B5FFF7C3FA50B1446A44B1A03C04F17C
:1037600034000521FFF70DFDD4F8A040F5E710BDAA
:1037700008B50421FFF768FA30B1BFF35B8F006B27
:10378000BFF35B8FC0F3401008BD8069C0E902122F
:1037900001228280037470471060002070470B463E
:1037A00009895A8A914238BF11469A8B914238BF93
:1037B0001146DA8B8A4203D0D9831B6A03B11847BA
:1037C000704710B5029CA3680A460BB12146984782
:1037D000A37DE268013BDBB2A37522B11BB9204691
:1037E000BDE81040104710BD106091800020704768
:1037F00000207047F0B507683D7889B0064614464A
:10380000DDB97B88B3F5245F04D010D8A3F520532D
:10381000032B12D8ADF80A1002220DF10A0120463E
:10382000FDF7B6FF68B96FF01502A26506E003F573
:103830005643FF339BB2042B1ED90125284609B0FD
:10384000F0BD7B88ADF80A3002220DF10A01204656
:10385000FDF79EFF0028E6D00020009003AA7768BD
:1038600013233146B847021EDFDB03A92046FDF7CC
:103870008FFF0028E1D1D6E7ADF80A1002220DF142
:103880000A012046FDF784FF0028CCD07B88ADF8E4
:103890000A3002220DF10A01E8E708B5072202F01A
:1038A00031FEB0FA80F0400908BD2DE9F041044630
:1038B0000F469046461C002516F8013C434507D1AB
:1038C00039463046FFF7E9FF10B16019BDE8F081D5
:1038D0000A351E2D06F10A06EED10020F6E710B5D6
:1038E0000346BFF35B8F53E8000F40EA010243E851
:1038F0000024002CF7D1BFF35B8F10BD10B5034639
:10390000BFF35B8F53E8000F00EA010243E8002495
:10391000002CF7D1BFF35B8F10BDBFF35B8F006846
:10392000BFF35B8F70470B6803608B8883808B7954
:10393000837170470023036043608360704710B554
:10394000E5F7F4FD044638B1014611F8010BE2F742
:10395000FDFA2046FFF7EEFF002010BD38B500F15C
:10396000880504462946007AFEF751FC034629469D
:10397000207A1BB1BDE83840FFF7E1BFE5F7D6FD7F
:1039800018B1BDE83840FFF7D5BF38BD022A10B5E1
:1039900008D1002300F188011A46007AE5F7A2FE5B
:1039A000022010BDFFF7DAFFFAE738B5BDF8104086
:1039B000944215460AD3A41A8C42A8BF0C46A4B25E
:1039C0002246591902F0E6FD204638BD6FF0060484
:1039D000FAE730B585B0C96814461D46E5F7E4FD41
:1039E00000B10089ADF80E0002230093BDF820203D
:1039F0000DF10E0329462046FFF7D7FF05B030BD75
:103A00001FB50C461946E3681C781046BDF818200F
:103A10003CB110240133069404B0BDE81040FFF718
:103A2000C4BF5B88ADF80E30022300930DF10E0386
:103A3000FFF7BBFF04B010BD30B585B01D460023B5
:103A400014468DF80C30E5F78DFD10B1037A8DF832
:103A50000C3001230093BDF8202003AB29462046FB
:103A6000FFF7A3FF05B030BD2DE9F04114461D4618
:103A7000BDF81870E3F712F90646DCF7BDFC80B21A
:103A8000069033463A4629462046BDE8F041FFF706
:103A90008CBF30B585B014461D46FEF7B5FB02233A
:103AA000ADF80E000093BDF820200DF10E0329465D
:103AB0002046FFF77AFF05B030BD37B504460D4606
:103AC000E5F7FCFC024688B1037A8DF804300C302F
:103AD000FFF723FF00F001008DF80500022301AA83
:103AE00029462046E2F73AFA03B030BD0346F7E72D
:103AF00008B50C3029B10121FFF7F1FEC0430840A1
:103B000008BD6FF00101FFF7F9FE00F00100F7E7D3
:103B100010B50446FFF7ECFF38B121460122BDE89D
:103B2000104011F8010BE5F75BBD10BD2DE9F04128
:103B30001F46BDF81830012B064690462DD83B4451
:103B4000012B3D462CDCE5F70DFD044618B9E5F7E1
:103B500009FD044638B397B1217A98F80020002374
:103B600021FA03F0C70703D522FA03F0C0071DD5D9
:103B70000133032BF4D102F007021143217206F145
:103B80008801601CFFF7CFFE337A237001212046A5
:103B9000FFF7BEFF2846BDE8F0816FF00605F9E7A4
:103BA0006FF00C05F6E76FF01005F3E76FF0120504
:103BB000F0E770B504461546FFF7C8FD48B120464A
:103BC000E5F7D0FC28B1037ADB0702D50121FFF726
:103BD0009FFF85B9207A04F18801E5F7A7FC02462A
:103BE00048B101468560BDE8704011F8010B04231F
:103BF0000832E2F79DB970BD2DE9FF4188461646AF
:103C00001F46044628B96FF01505284604B0BDE8E4
:103C1000F08102A9FDF734FF05460028F3D101A980
:103C20002046FCF743FC0198D0B902A90020E5F733
:103C300045FC044648B9E5F795FC044678B30023F3
:103C400000F8013B02A9FFF76EFEB8F1000F22D089
:103C5000022269463846B047002808DA0546D4E70C
:103C60000A222946FBF7DCF90028DED0CBE79DF8D5
:103C700000302372022804D000212046FFF748FFBD
:103C8000C3E79DF801100129F6D801F00101204693
:103C9000FFF72EFFB9E72046E5F71CFEB5E76FF00A
:103CA0000B05B2E710B5BDF80810BDF810408C4206
:103CB00010460BD3641A9C42A8BF1C46039BA4B2B7
:103CC0002246194402F066FC204610BD6FF006043F
:103CD000FAE713B5044610B9002002B010BD002366
:103CE0008DF80430006842F6030301A9ADF80630F0
:103CF000FDF7EEFE0028EFD1E36898880028ECD1AC
:103D00002046E5F77DFF013080B2E6E770B5CC686C
:103D100088B008461E46A3798DF80C301546FFF78B
:103D2000D8FFADF80D00246823786BB96388ADF82F
:103D30000F3005230093BDF8302003AB31462846F1
:103D4000FFF733FE08B070BD631C0DF10F02113494
:103D500053F8041B42F8041BA342F9D11323E9E7EB
:103D60001FB5CDE90123002300931A46E5F778FF3C
:103D700005B05DF804FBE6F73BB838B5D4074B8ACD
:103D8000054604D513F0950F2BD0486848B390072B
:103D900004D513F4957F26D0896821B302EA030481
:103DA00014F03C0F0DD0EB7A2BB92846FEF7F9FD45
:103DB000D8B9052038BD14F0300F04D114F4C07FF9
:103DC00007D10020F6E72846FEF731FE0228F5D895
:103DD000EFE7D5F8B830002BEBD05B7BDB06E8D5FE
:103DE000EFE70220E6E70320E4E70F20E2E72DE912
:103DF000FF41437B072B06460C46174610D1002394
:103E00008DF80C30206842F6030303A9ADF80E309C
:103E1000FDF75EFE60B9E3689B7913F0300F03D1C4
:103E2000002004B0BDE8F0812046E6F777F80446AC
:103E3000002320688DF80C3003A942F60213ADF878
:103E40000E30FDF745FE18B12046E6F767F8044648
:103E5000002542F6021820688DF800506946ADF83A
:103E60000280FDF735FEF0B9002320688DF80C3094
:103E700003A942F60213ADF80E30FDF729FE002823
:103E8000CED1E5686C1C1F3514F8011C2246304663
:103E9000FEF7CFFD18B1B4F807301F42C1D10A3484
:103EA000AC42F1D1BCE720688DF8045042F6030320
:103EB00001A9ADF80630FDF70BFE0028D4D020682C
:103EC0008DF808504FF4205302A9ADF80A30FDF7E1
:103ED000FFFD0028C8D020688DF80C5042F6010381
:103EE00003A9ADF80E30FDF7F3FD0028BCD0204645
:103EF000E6F714F804460028ADD191E72DE9F84320
:103F000014468846942261680646FFF736FF58BB80
:103F1000616801223046FFF76AFF48B3A2891B217E
:103F200002323046FFF714FB054620B300F10C09BE
:103F30000221484600F051FF0746484627F8028B09
:103F4000A18900F04AFFA289A168384602F022FB4D
:103F5000D4E9041228460123FFF717FC294630460E
:103F6000BDE8F843FFF7ADBB4FF0FF30BDE8F88385
:103F70006FF01500FAE76FF00B00F7E72DE9F0415D
:103F800005468846E5F7EEFA0446E0B1037ADB071A
:103F900019D500F10C073846FFF7BFFC10F00106F9
:103FA00011D1B8F1000F0FD06FF002013846FFF7C2
:103FB000A5FC10F0020F284609D0FFF7C9FB01212C
:103FC0002046FFF7A5FD01263046BDE8F081FFF74A
:103FD000BDFB0028F8D02846FFF7CAFB0028F3D025
:103FE0006FF002013846FFF789FC2846E5E7F8B58F
:103FF00006460F46E5F77EFA394604463046FEF798
:1040000006F968B364B304F108056FF001012846AE
:10401000FFF774FCC20703D539463046E6F77EFA4F
:104020006FF002012846FFF769FC830703D5394684
:104030003046FFF742FD2846FFF76FFC80B9234664
:1040400003F8010BC4F80100C3F80300BFF35B8F52
:1040500055E8003F45E80002002AF9D1BFF35B8F25
:10406000F8BD38B5A0F14705441C15F8010C2946E8
:104070000C35FFF7BCFFA542F7D138BD38B5044673
:1040800059B100F188052946007AE6F747FA207A07
:104090002946BDE83840FFF710BD38BD07207047FE
:1040A00008B50621FEF7D0FD00B1EC3808BDBFF31E
:1040B0005B8F0068BFF35B8F084100F00100704721
:1040C00010B50346D9B1C88910F0240F17D01A7D56
:1040D0005C7B097BA24228BF2246914201D9002085
:1040E00010BD820604D4187A003818BF0120F7E703
:1040F0000521181DFFF7DBFF0028F4D1EFE70120B1
:10410000EEE701238B40DB43BFF35B8F50E8002FCA
:104110001A4040E800210029F8D1BFF35B8F7047B7
:104120000B6803608B8883808B79837170470720CD
:10413000704737B513460022009204460D460A46E2
:10414000D0F8EC000621FEF72BFD28B1284603B07D
:10415000BDE83040F6F750B84FF47022002304F564
:10416000907003B0BDE83040FAF730B901238B40BE
:10417000BFF35B8F50E8002F1A4340E8002100296D
:10418000F8D1BFF35B8F704708B50E21FFF7EEFF44
:10419000002008BD38B505460B4604300D21FFF759
:1041A00086FFA0B1DC68D5F8EC300220197A03F163
:1041B000880200F0F3FC80B1224600F12A0304F1EA
:1041C000100152F8040B43F8040B8A42F9D1284637
:1041D0000921FFF7CBFF002038BD0820FCE738B5E8
:1041E00005460B4604300D21FFF761FFA0B1DC68E6
:1041F000D5F8EC300420197A03F1880200F0CEFCE7
:1042000080B1224600F11A0304F1100152F8040BA8
:1042100043F8040B8A42F9D128460721FFF7A6FF8D
:10422000002038BD0820FCE770B5051D0E46284665
:104230000421FFF73CFF68B100220021002308465B
:10424000FEF7ABFC044640B904212846FFF78EFF79
:10425000204670BD4FF47022EFE701210C3000F0D2
:10426000BCFD0670F4E738B502210446FFF7DCFF19
:10427000054680B106210C3000F0AFFDD4F81130B6
:104280000360B4F815308380002220462946FFF7EA
:1042900050FF002038BD0820FCE738B50421044653
:1042A000FFF7C2FF0546A0B110210C3000F095FDCC
:1042B00004F1270304F1370253F8041B40F8041BF0
:1042C0009342F9D1204600222946FFF732FF002011
:1042D00038BD0820FCE72DE9F04790B004460CAD4E
:1042E00010220021284602F07DF9237A052B1ED8E2
:1042F000DFE803F0060303061D21D4F8D8300C9341
:10430000D4F8EC3004F1470204F1C707CDE901729B
:1043100004F1370803F1960204F1270900928F3364
:104320004A46414604F19700E7F7A8FB98B10820F8
:1043300010B0BDE8F087D4F8E430002BE0D02E4672
:1043400003F1100718685968324603C20833BB42AC
:104350001646F7D1D4E7D4F8EC3003F18F02963348
:1043600008AE019304F111030292009303962B46C9
:1043700042464946384600F09BFC0028D7D1237AB4
:10438000052B0FD1D4F8E010002949D00B46AC46DC
:1043900001F1100E18685968624603C2083373456C
:1043A0009446F7D1D4F8EC3003F196028F330DF137
:1043B000100A019304F10A0302920093CDF80CA0B5
:1043C0002B464A464146384600F072FC0028AED1E2
:1043D0001022514604F1B70002F094F828BB0D21D9
:1043E0002046FFF721FF07460028A0D010210C30FF
:1043F00000F0F3FC32460346164603CEAE42186088
:104400005960324603F10803F6D1002239462046AE
:10441000FFF78FFE201D0121FFF7A8FE002087E790
:104420001022284602F0DEF8BCE70B2080E770B5CA
:10443000D0F8EC30DB78012B044619D1CD68061D8D
:1044400010213046FFF75DFE2B4604F1B70205F15F
:10445000100153F8040B42F8040B8B42F9D10721E9
:104460003046FFF724FE28B109213046FFF77EFED3
:10447000002070BD0A213046FFF719FE0028F3D155
:104480002046BDE87040FFF726BF0720704730B5D3
:10449000012303FA01F1CA43BFF35B8F50E8003FE9
:1044A00003EA020440E80045002DF7D1BFF35B8F1B
:1044B000194214BF0120002030BD38B500F1880436
:1044C0000D4607220968204602F01CF828B96968E1
:1044D0002046BDE83840FFF723BE38BD38B5044656
:1044E000031D0025BFF35B8F53E8002F43E8005105
:1044F0000029F9D1BFF35B8F04F5907001F0A7FCA0
:104500002572BFF35B8F54E8003F44E80052002A55
:10451000F9D1BFF35B8F20460121BDE83840FFF79A
:1045200025BEF0B589B0DDE90E67054630788DF817
:10453000000038788DF801001068CDF802009088EE
:104540009279109C8DF808201A68CDF809209A8875
:104550009B79ADF80600ADF80D208DF80F3001F114
:10456000100C2246684611F8013B10F801EB61453A
:1045700083EA0E0302F8013BF5D122462146284684
:10458000F2F7AAFE034628BBB7F80520ADF81420C1
:10459000D6F80120D7F80100CDF81620B6F805208E
:1045A00004900793ADF81A2004F11000234604A9E3
:1045B00013F8012B11F8016B834282EA060203F81B
:1045C000012CF5D122462146284609B0BDE8F0402D
:1045D000F2F782BE09B0F0BDF0B5071D85B0044604
:1045E0000A213846FFF763FD88BB04212046FFF708
:1045F000BDFD0321D4F8EC60FFF716FE0546C0B1FF
:1046000010210C3000F0E9FB06F196038F36029082
:104610000193009604F1100304F1090204F127014B
:1046200004F14700FFF77DFF064628B12846F5F75D
:10463000E3FD082005B0F0BD024629462046FFF7FD
:1046400078FD31463846FFF75CFD0020F2E7002197
:104650003846FFF78BFDF8E770B5061DCD680446B8
:104660000B213046FFF74DFD2B4604F1170205F1F3
:10467000100153F8040B42F8040B8B42F9D10521C9
:104680003046FFF714FD20B92046BDE87040FFF723
:10469000A3BF237A012B09D0022B13D1204604217A
:1046A000FFF764FDBDE87040E6F796B80A21304692
:1046B000FFF7FDFC0028F1D030460021FFF756FD42
:1046C000002070BD0820FCE72DE9F7430B9FCDE9E2
:1046D00000230446FFF7E4FC0546002800F085802F
:1046E000BDF82880061DB8F1000F2AD1DDE900329F
:1046F000134326D103213046FFF7D9FC002858D0B8
:1047000001213046FFF7D3FC002852D02C7D6B7B73
:104710009C4228BF1C46224605F14701384601F05D
:1047200039FF0F2C05D8C4F110020021381901F00F
:1047300059FF30460121FFF719FD012003B0BDE804
:10474000F083D4F8B830BBB904F18809217A4A461D
:104750002020E7F781F8C4F8B80030B9217A4A463A
:104760000120E7F779F8C4F8B800B8F1000F03D1D9
:10477000DDE90032134320D0D4F8B880B8F1000F3F
:1047800026D0B8F80E30DB0722D50822694608F19A
:10479000400001F0B7FED8B902220AA908F148008A
:1047A00001F0B0FEA0B998F80C4008F14A01224689
:1047B000B4E7D4F8B830002BC6D0D4F8B81000292C
:1047C000DAD0CB899A06D7D50C7B1A312246A5E7D9
:1047D0000F213046FFF76BFC20B102220621204654
:1047E000E3F7D4FC2846FFF779FE0020A6E76FF038
:1047F00085007047031DF7B506460F46184602218F
:10480000FFF755FC044620B1B6F8E840B4FA84F44A
:10481000640903211846FFF74AFC60B13946304667
:10482000E6F7DEFC05219CB1D6F8EC00FEF799F81E
:10483000002003B0F0BD01211846FFF738FC002826
:10484000ECD10F211846FFF732FC0028E6D1E9E74A
:104850003046FFF7E9FC054690B101210C3000F02D
:10486000BCFA07700094D6F8EC0023462A460621CD
:10487000FEF796F90028DBD02846F5F7BDFCD7E710
:104880006FF06800D5E770B504460820E5F71AFF19
:104890000546E0B1061D08213046FFF732FCBCB3E7
:1048A0000721FFF72EFC234605F1970204F12001B2
:1048B00053F8040B42F8040B8B42F9D10A2130461D
:1048C000FFF7F5FB70B109213046FFF74FFC0720D9
:1048D000E5F7F8FE0446E8B1E5F768FF0146C8B120
:1048E000204612E010213046FFF7E1FB09210028A5
:1048F000EAD13046FFF7DBFB0028E8D02846FFF777
:10490000EAFC01460028E2D02846FFF773FFDEE705
:104910000B21F9E770BD70B50B46D0F8EC6004468A
:104920000D210430FFF7C3FB80B1317ADD6806F159
:104930008802042000F032F908B32A4632F8023B1C
:104940000383D5F8023003615368436194F8E9307A
:1049500023F0010284F8E9209A0708D508212046AF
:10496000FFF704FCB4F8E81029B1002070BD5B0724
:10497000F8D50A21F3E72046E6F732FCF5E70820F0
:10498000F4E72DE9F0410E460446D0F8EC80E5F757
:10499000ADFEF768261D05460A213046FFF777FD74
:1049A00038B16DB920463978E6F71AFC0020BDE829
:1049B000F0810B213046FFF76AFD0028F1D1F1E7C5
:1049C0002B69002BEED040469847EBE770B50446C4
:1049D000A0F1EC0650F8343BE83CD3F8B85001F0B5
:1049E00036FA03212046FFF762FBA0B108213046CA
:1049F000E6F7F6FB3DB1EB8913B16B7B9B0702D564
:104A0000284600F0DFF830464FF4AC72BDE8704045
:104A1000002101F0E7BD01212046FFF748FB0028F7
:104A2000E4D10F212046FFF742FB0028DED1E1E769
:104A300010B508210446A0F59070E6F7D1FBA4F567
:104A40008E700421BDE81040FFF790BB08B59AB9FD
:104A50008378012B10D10621FEF7ECF810F8043C06
:104A600023F0010300F8043C30F8041C21B9BDE830
:104A70000840EC38E6F7B4BB08BD70B50446FFF754
:104A80000FFB0546002863D0061D03213046FFF7C3
:104A90000EFB00285CD0D4F8B80008B100F092F802
:104AA000207A04F18801E6F715FEC4F8B80028B9A9
:104AB00028460821BDE87040FFF79CBE0E21304615
:104AC000FFF7F5FA28B1D4F8B820537B43F002037E
:104AD00053732A7AD4F8B810032A4B7B39D8002AAA
:104AE0003ED0D4F8B820537B43F0010353732B7DA1
:104AF000697BD4F8B8208B4228BF0B46137305217D
:104B00003046FFF7D4FAD4F8B8305A7B88B342F075
:104B100010025A730D213046FFF7C9FAC0B1D4F81C
:104B2000B800202100F04AF8D4F8B83005F1470267
:104B30001A33573552F8041B43F8041BAA42F9D123
:104B4000D4F8B820002313615361D4F8B82013833C
:104B500070BD053A012A03D843F020034B73C0E728
:104B600023F020034B73D4F8B820537B23F00103C8
:104B7000BCE722F010025A73EAE708B5072201F0F9
:104B8000C1FCB0FA80F0400908BDE2F72DB90B680E
:104B900003608B8883808B798371704770B504467E
:104BA0000D461646E6F758FE38B931462846E6F770
:104BB00091FD10B1C3891C43C48170BDC3891943E1
:104BC000C181704710B5037A5B07044601D5E2F74F
:104BD000A1F9214611F8010BE1F740FA20466022C5
:104BE000BDE81040002101F0FDBC014602465423FF
:104BF00011F8010B0C32E1F723BA531E1944024499
:104C000011F8013900F8013B9042F9D1704710B515
:104C1000431E00F11002073013F8011F12F8014D76
:104C20001C7083421170F7D110BD70B5C2B00D4633
:104C30001646014616AA68461C46FCF77EFD18B9C2
:104C40006FF0040042B070BD324629466846FCF75A
:104C50009FFD0028F4D069462046FCF703FE00289B
:104C6000EED00020EEE7F0B597B014460E462022B5
:104C7000014605A81D461C9FFFF7BFFF20223146B5
:104C80000DA8FFF7BAFF2146102201A88DF8545055
:104C9000FFF7B3FF3B46412205A901A8FFF7C5FF77
:104CA000044610B93846FFF7B2FF204617B0F0BDF2
:104CB0002DE9F04397B00446164605A810221D467C
:104CC000DDE91F98219FFFF798FF1022314609A8C0
:104CD000FFF793FF102229460DA8FFF78EFF1E99BC
:104CE000032211A8FFF789FF4946D9F8010011F8FE
:104CF000013B8DF8473012908B88ADF84C3006227E
:104D000012A8FFF77AFF4146062211F8013B8DF801
:104D10004E30D8F80130CDF84F300DF14F008B8870
:104D2000ADF85330FFF769FF2146102201A8FFF7C5
:104D300064FF3B46412205A901A8FFF776FF044620
:104D400010B93846FFF763FF204617B0BDE8F0837F
:104D50007047002303824369C3607047416A496812
:104D60000968F5F7CBB9F9F7C3B800F082BF027A4A
:104D7000013202727047034618465B68002BFBD174
:104D80007047426810B52AB10B461C465B68002B81
:104D9000FBD16260416010BD10B5044620B90B7AAA
:104DA00001330B72084610BD034618465B68002BA2
:104DB000FBD1FFF7E6FF2046F5E710B508B14B68D9
:104DC00043604C68002308464B60F5F715FA20460F
:104DD00010BD83680B4403607047838802681944E0
:104DE0008180D018704730B484880568A318838008
:104DF000281930BC01F0CEBB10B5838802685C1C5A
:104E00008480D154D01810BD034600689A88401A97
:104E100011441860998070478288521A0346828034
:104E20000068084418607047034600689A88521A60
:104E300001449A801960704710B503681C880221EC
:104E4000FFF7EAFF204610BD02688068101A70471D
:104E50008388C2888168D21A03685B1AD01A7047A7
:104E600010B403460838BFF35B8F50E8002F511C85
:104E700040E80014002CF8D1BFF35B8F12B910BCCE
:104E8000F5F702BA6FF00F0210BC9A66704703691B
:104E9000C9B20C2201FB0233186C00F00700704706
:104EA0004FF02003EFF3118283F31288BFF36F8F6B
:104EB000036803F0C00343F00203036082F3118828
:104EC000BFF36F8F704770B5C9B203694FF020040C
:104ED000EFF3118584F31288BFF36F8F0C2606FB66
:104EE0000134246C14F0C00408D0A24206D085F32B
:104EF0001188BFF36F8F4FF0FF3070BD06FB013399
:104F000001221A6485F31188BFF36F8F436803EBA6
:104F1000C1035B6898470020EFE78022FFF7D3BF0B
:104F2000F8B5069F0469C9B24FF02005EFF311866A
:104F300085F31288BFF36F8F0C2505FB0144256CA8
:104F400005F0070CBCF1010F0CD1276486F3118822
:104F5000BFF36F8FC4E90E23436853F8313098478D
:104F60000020F8BD05F0C005AF4286F31188BFF3FD
:104F70006F8F0CBF6FF077004FF0FF30F1E713B584
:104F800080240094FFF7CCFF02B010BD10B400697C
:104F9000CBB21C2403FB0400002110BC10470020EE
:104FA00000F064BB1046F8F7D7BF08B5F5F77CFDF5
:104FB000BDE80840002000F091BBF5F7C5BC00201B
:104FC000704738B50C461546E1F75CFE28B1294616
:104FD0002046BDE83840E1F78DBB6FF00A0038BDD0
:104FE00018B901F13000F8F7B7BF70474FF0FF3242
:104FF0004FF0FF331830F8F7D5BF4FF0FF324FF0C6
:10500000FF33F8F7CFBF1830F8F7A6BF73B54C6879
:10501000054664B3D4E90043886850B3D0E9006022
:1050200040B33BB3984228D10133092B25D88DF8E2
:10503000013040F2011309782869ADF802300023ED
:105040008DF804308DF800108DF80520FFF7CEFFA5
:10505000214632466846F8F799FA04462869FFF770
:10506000D2FF204602B0BDE87040F5F783BE23466C
:10507000D2E7064601330344D7E76FF0150002B0CC
:1050800070BD1FB5002291420CBF0623042301A965
:10509000CDE9012203928DF80430FFF7B7FF002815
:1050A00018BF6FF0040005B05DF804FB7FB5FF2367
:1050B0008DF803300DF10303002201930123CDE9A4
:1050C000023205238DF80C3003A901AB049205933D
:1050D000FFF79CFF0028A8BF9DF8030007B05DF80C
:1050E00004FB38B505460C4600F052FB002D07DBEB
:1050F000A84205D9401B84428CBF0020012038BD46
:105100000020FCE770B50D462846194616461C4699
:10511000FFF7E7FF38B124B122462946304601F0B7
:1051200039FA002070BD6FF01500FBE7F7B51C469B
:105130001646002382682360A36013690D4601AA06
:1051400069469847019B5A1E01921BB96FF01500E2
:1051500003B0F0BD0098A26847682168676085B910
:10516000B31AD0F800C0634528BF63461A4403FB56
:1051700007112160A26002689A4206D808300090A8
:10518000E0E76B1AB3FBF7F3EBE70020E0E7134629
:105190000022FFF7CBBF2DE9F047836886B01B697B
:1051A0008846914601A902AA98470024A2462546AE
:1051B000029BAB4202D806B0BDE8F087019F07EB27
:1051C000C50700267B6804933A68B2420AEB0603DF
:1051D00002D801359A46EBE703940593494603A8A4
:1051E000C0470028E7D0049B01361C44ECE7436825
:1051F0005B68D3F810350B600020704743685B682C
:1052000002EA010021EA0201C3F80805C3F80C15FF
:105210000020704743685B680020C3F8081570479A
:1052200043685B680020C3F80C15704743685A68F0
:10523000D2F8043521EA03000B40C2F80805C2F891
:105240000C350020704710B503695868F8B18842E2
:1052500019D19C6808685860A14200D1986000206C
:1052600008602AB15A680A609A68596002B9996060
:10527000002010E0814206D10868206098688142D1
:10528000EDD19C60EBE7044600680028F2D1002ACB
:10529000E8D16FF0150010BD10B44368186888425B
:1052A00017D9642A15D85B6803EBC10453F83100A1
:1052B00023790121994003691B68194203D122B95E
:1052C00083681B6903E0002AFAD18368DB6810BC9D
:1052D00018476FF0150010BC70476422FFF7DCBF61
:1052E0000022FFF7D9BF2DE9F04147683B6873B151
:1052F0000024204601263B689C420AD248B97D68BA
:1053000055F8340005EBC40800F030FB18B96FF015
:105310001200BDE8F08155F8340098F80410B8F890
:105320000630D0F810C0D0F80880DCF80050DA075A
:1053300054BF43F4B01383F4D01323F4801206FA5D
:1053400001FEDB074CBF45EA0E0525EA0E05CCF849
:105350000050D8F8003098470134CCE773B5456861
:105360002868884206D9D31804D24FF47A74A3FB74
:10537000040313B16FF0150010E0A2FB0432002A01
:10538000F8D16D680E0105EB011163438A89009223
:10539000496804FB00F2A859DCF71EFD02B070BD9D
:1053A0002DE9F341436815461A688A4219D9642DDC
:1053B00017D85F6807EB01144FEA0118A66864224A
:1053C0000023A5FB0601DAF79BFEA28900920346A3
:1053D000616857F808003246DCF7FEFC02B0BDE811
:1053E000F0816FF01500F9E76422FFF7D9BF0022C2
:1053F000FFF7D6BF38B545682B687BB96FF0120050
:1054000038BD6A682301D05800F0B0FA0028F5D002
:1054100001342B689C42F4DB0020F1E70024F8E71C
:1054200030B543681360057A446804EBC504A342B1
:1054300002D36FF0010030BD5C798C4201D008339B
:10544000F0E70020F7E7F7B5BDF820C0456804692C
:1054500003290CF0010C34D8A87F01284FF0010675
:1054600004BF5B0852088E40002B5DD09A422BD9B6
:105470002768207BBA4210D0B04322D11746B7F537
:10548000004F19D2226060732A6895F81EE0C2F8B6
:105490000C05C2F804E5C2F80875627BD3409BB2E4
:1054A000BCF1000F01D143F4004304EB41018B80B8
:1054B000237B334323732DE0013008284FEA57073D
:1054C000DDD16FF015004CE04B00234401F5AC71C9
:1054D000BCF1000F11D047F6FF729A802B6853F889
:1054E0002130002B11DB01A80193F6F797FA019AFE
:1054F00001239340C0F80C3507E04FF6FF729A8005
:105500002B6853F82130002B1BDA217B21EA06019E
:10551000217301B3A37B33BB0023012205F12801D2
:105520002846F7F741FD1BE04A00224401F5AC7123
:10553000BCF1000F01D09380E2E74FF40043938069
:10554000CCE701A80193F6F769FA019A0123934089
:10555000C0F80835D9E72846F7F764FD0123A3739F
:10556000002003B0F0BD0023A373284600F07AF9B1
:105570000028FAD0D0E710B503690888012814D1B3
:1055800048883A2801D023280FD14FF02004EFF3A8
:10559000118084F31288BFF36F8FC3E9012180F378
:1055A0001188BFF36F8F002010BD6FF08500FBE7FF
:1055B0001FB504AC04E9070018691C46BDF80430A7
:1055C000B3F5827F15D1F6F7A1FA4FF02003EFF380
:1055D000118283F31288BFF36F8FD0E9013182F318
:1055E0001188BFF36F8F23B1204604B0BDE810408F
:1055F000184704B010BD13B503463A2940681C692A
:1056000001D023290AD101AA694600F091F9204668
:105610000099F6F77BFA002002B010BD6FF085000C
:10562000FAE7002201211220DFF7DABF00F1500370
:105630009B009BB203F1804303F5883300221A607C
:105640001B68704708B5F6F7FDFB08BD004700F082
:1056500088B908B50020DFF7B5FF08B9DFF790FF7C
:105660004FF080430022C3F8182508BD08B510B1DB
:10567000012828D008BD4FF08043D3F81814D3F880
:105680001824C90313D5900702D00020F6F7D2FEE4
:105690004FF080430022C3F81825C3F80421D3F843
:1056A00004210222C3F8042301229A60E2E7D3F81E
:1056B0001424D107ECD5D3F81C249207E5D102229B
:1056C000C3F80423D6E74FF080430022C3F800213B
:1056D000D3F80021C3F804031860CBE7F6F7AABE9D
:1056E000F7B5019001A8DDE9084716461D46F6F713
:1056F00085FF019BB6F1000C18BF4FF0010C00EBC9
:1057000083000B1E18BF0123002D43EA4C0314BF76
:105710004FF00C0C4FF0000C002C43EA0C0314BFAC
:105720004FF4E06C4FF0000C002F43EA0C03D0F86C
:10573000002714BF4FF4403C4FF0000C43EA0C0329
:1057400022EA030301B109780EB1367876001943D5
:105750000DB12D78AD0031430CB1247824022943DA
:105760000FB13F783F040C433C43C0F8004703B0FF
:10577000F0BD1FB50DF10F03019300238DF80F103D
:1057800000931A461946FFF7ABFF05B05DF804FB1E
:105790004FF080531A695869504370474FF0805357
:1057A000186970474FF080535869704710B502244C
:1057B0000C724A72096879B112F0040F0CBF822191
:1057C0009221140748BF41F02001D406046848BF65
:1057D00021F08001C4F800139B001206006803F159
:1057E00008035BBF0122C250C018002010BD30B5B5
:1057F000A2F58075AD080124AC400C4207D0815859
:1058000029B10021815082581A6822431A6030BDA4
:1058100013B500230C4601934FF4887201ABFFF7D8
:10582000E6FF21464FF48A72FFF7E1FF21464FF46D
:105830008E72FFF7DCFF21464FF48272FFF7D7FF2D
:1058400021464FF48472FFF7D2FF21464FF486724F
:10585000FFF7CDFF4FF48C722146FFF7C8FF019888
:1058600002B010BDF7F7E6BA2DE9F8434B7E0646C5
:105870000C4648684BB9F7F7F3FBA068F7F7F0FB65
:10588000E068431C01D0F7F7EBFBD4E9031EA77EC9
:10589000336894F8008094F814C094F80190627D05
:1058A000B1F1FF3FD4E90150C3F80895C3F8108562
:1058B0001CBFC3F840E5C3F804C52FB9C3F8205591
:1058C000C3F82405C3F81C1502B10122C3F828252A
:1058D000E37D35687BB9A27D12BB04240023C5F8A3
:1058E000083145F30730D5F80831DFF749FEC5F830
:1058F0000443BDE8F883D5F8003243F00103C5F84E
:105900000032A37D35688BB10023C5F80031D5F88E
:10591000003107240023C5F80431D5F80431DDE750
:10592000C5F80031D5F800310524D7E70624F1E7A2
:1059300010B5036801249C600368D3F8180508605B
:10594000D3F84835136010BD0021F7F7D7BC022308
:10595000F7F72EBC0323F7F72BBC00210220F7F743
:10596000D9BE08B1E0F734B87047704740B1C3689A
:10597000587810F001001EBF1878B0FA80F0400986
:1059800070474FF02002EFF3118382F31288BFF3C8
:105990006F8FFEE708B5FFF7F4FF00F023BE00F0BD
:1059A000F9BD10B400F10C04C0E9034410BCFAF7CF
:1059B000F3B82DE9F04F87B0DDE9106705463B46A7
:1059C000914604A83246884600F0C1FBDDE9043464
:1059D00005F1140ACDE902344FF02003EFF31184EE
:1059E00083F31288BFF36F8F05F10C0B4A464146D3
:1059F0002846FAF769F830B184F31188BFF36F8F46
:105A000007B0BDE8F08F3E43F6D0DDE9022304A8DD
:105A100000F0C1FBDDE904675A46CDE90067214685
:105A20005046F8F71BFE4FF02003EFF3118483F389
:105A30001288BFF36F8FD9E738B504464FF02003C3
:105A4000EFF3118583F31288BFF36F8FFAF704F831
:105A500004F10C0000F02CFB30B1294604F11400D5
:105A6000BDE83840F8F75EBE85F31188BFF36F8F4D
:105A700038BD82684369134313F003030CD1C3603C
:105A80000169994201D800207047C16811604169DD
:105A9000C26001330A44F3E76FF015007047F8B5B0
:105AA00004460D464FF02003EFF3118683F312886E
:105AB000BFF36F8FC7686FB900F0B0FA50B1C76716
:105AC000456100F04CFA314604F10800BDE8F840A9
:105AD000F8F728BEE3682B60A369E560013BA3618A
:105AE00086F31188BFF36F8FF8BDEFF305800038A0
:105AF00018BF012070476FF057007047F8F724BEB9
:105B000008B54FF02002EFF3118382F31288BFF340
:105B10006F8FDFF7F5FDF4E790F90E308B4201D07F
:105B2000F8F7BABD0020704703460020C3E9020021
:105B3000C3E9003370472DE9F843994604469DF8C0
:105B400020300D46904600F108064FF02002EFF39A
:105B5000118782F31288BFF36F8F03B14568304617
:105B600000F05CFA58B10023C367C0F8148000F05D
:105B7000F6F930463946F8F7D5FD00200CE0B9F1CA
:105B8000000F1BD00821F9F701FA38B987F3118803
:105B9000BFF36F8F6FF00B00BDE8F8830122C0F8F0
:105BA00004800260016801F003015DB922680A43C4
:105BB0000260626820606AB960600BE0C8F800901B
:105BC0004046EFE72A68032A10D80160616839B9B6
:105BD000C4E90000042104F1100000F046FCC8E70D
:105BE0000A6802F0030202430A60E5E722F00302BA
:105BF0000A4302602A6802F0030240EA02032B60B3
:105C0000E8E710B5044630B10268930703D0446852
:105C100009B100F05DFC204610BD0023C0E900334F
:105C200000F10803C0E9023300F11003C0E90433B6
:105C3000704770B5044600F108054FF02003EFF3FC
:105C4000118683F31288BFF36F8F284600F0E6F9C0
:105C500020B10022C267426100F081F904F1100016
:105C6000082100F002FC31462846BDE87040F8F7F4
:105C700059BD07B50123009300230A461946FFF7D3
:105C80005AFF03B05DF804FB07B500230A460093F2
:105C90001946FFF750FF03B05DF804FB00680021D0
:105CA000FFF7AFBF5AB18A4209D300F11003C0E930
:105CB0000212C0E90000C0E90433002070476FF011
:105CC00015007047026801238B4022EA030303603A
:105CD00022FA01F000F00100704710B503210446DC
:105CE0000C30FFF7EFFF30B104F1100000F013FAB1
:105CF000B0FA80F0400910BD20B100221146883072
:105D000000F0E6B9704770B5C368C3F340069B075F
:105D1000044616D4856802210C30FFF7D3FF80B10A
:105D2000D5F880206AB194421DD122689EB9D5F879
:105D30008430C5F880209C4201D1C5F8842000231E
:105D40002360E36813F00F001EBF43F00203E3601B
:105D500040F0020070BD3260D5F88420944208BF44
:105D6000C5F88460EBE716461268DBE773B50446B6
:105D70004FF02003EFF3118583F31288BFF36F8F89
:105D80000023A0F11006032104380193FFF79AFFC6
:105D900028B1A369019301A93046F8F721FA85F3E8
:105DA0001188BFF36F8F02B070BD38B504460D4641
:105DB0001022002100F016FC656038BD4FF0200273
:105DC000EFF3118382F31288BFF36F8FC06800F086
:105DD0000F0083F31188BFF36F8F704713B50190E5
:105DE00008464FF02003EFF3118483F31288BFF3CA
:105DF0006F8F01A9F8F7F4F984F31188BFF36F8F5F
:105E000002B010BD10B5FFF7E9FF041E09DD4FF029
:105E10002003EFF3118083F31288BFF36F8F00F03C
:105E200031F9204610BD08B5A022002100F0DAFBB0
:105E300008BD38B5302204460D46002100F0D2FBE3
:105E40004FF480736560E36038BDFFF7B7BF38B5C6
:105E500004464FF02003EFF3118583F31288BFF35C
:105E60006F8FFFF73AFF2046FFF74DFF85F311884C
:105E7000BFF36F8F38BDF8B504460D464FF02003D1
:105E8000EFF3118683F31288BFF36F8FC36803F0BB
:105E90000F03002B14BF0127002705D186F31188BB
:105EA000BFF36F8F3846F8BDFFF717FF2046FFF7A7
:105EB0002AFF29462046F8F775F986F31188BFF3C3
:105EC0006F8F0028EED04FF0FF324FF0FF3305F117
:105ED0000800F8F767F8E5E7D0E9003213605A6088
:105EE0000023C0E90033704708B5FFF7F5FF437B97
:105EF00023F0020343730023836008BD90F90E3042
:105F000091F90E00834214BFC01A0020704738B5C3
:105F100004460D46F8F742FB637B43F002036373CC
:105F2000E5B1A5602B689D4209D16B68C4E90053B7
:105F30001C606C6012E06A689342F6D01B68002B0C
:105F4000F3D094F90E2093F90E108A42F3D09142C7
:105F5000F1DD5A68C4E9003214605C6038BD10B5E8
:105F60004FF02003EFF3118483F31288BFF36F8F98
:105F7000F8F7E0FA84F31188BFF36F8F10BD08B50E
:105F80004FF02002EFF3118182F31288BFF36F8F7D
:105F900083680BB1FFF7A8FF81F31188BFF36F8F00
:105FA00008BD38B504464FF02003EFF3118583F3A5
:105FB0001288BFF36F8F437B13F0280F0BD18368D8
:105FC0000BB1FFF791FF637B51B903F0FB036373E0
:105FD0002046F8F7AFFA85F31188BFF36F8F38BD0D
:105FE00003F0EB03F3E701211838FFF7DABF08B538
:105FF00003464FF02002EFF3118182F31288BFF3C2
:106000006F8F0068834207D008B1FFF76DFF81F3FF
:106010001188BFF36F8F08BD0020F8E738B54FF047
:106020002003EFF3118583F31288BFF36F8F0468A9
:10603000A0420DD034B12046FFF756FF04F11800FE
:1060400000F069F885F31188BFF36F8F204638BDE3
:106050000024F7E710B501464FF02003EFF3118459
:1060600083F31288BFF36F8F83680BB1FFF73CFF98
:1060700084F31188BFF36F8FBDE8104001F1180061
:1060800000F049B8034620B9EFF305820AB9DFF7FB
:106090001BBA83F31188BFF36F8F70474FF0200353
:1060A000EFF3118083F31288BFF36F8FFFF7EABF1E
:1060B00038B5054600202C68A54200D004B938BD8B
:1060C0002046FFF7C7FF2046FFF749FF0120F2E710
:1060D00038B54FF02003EFF3118583F31288BFF337
:1060E0006F8F0468A04212D09CB1E16762612046C4
:1060F000FFF7FAFE04F1180000F00DF82046F8F75B
:1061000019FA012085F31188BFF36F8F38BD002085
:10611000F8E72046F6E710B54FF02002EFF31184C0
:1061200082F31288BFF36F8F03683BB1F8F7ECFC82
:10613000002084F31188BFF36F8F10BD6FF015003E
:10614000F7E708B5F8F7DCFD08BDF8F7D9BDB3F1FE
:10615000FF3F08BFB2F1FF3F70B504461D4616462B
:1061600013D01A4315D06FF00102921B4FF0FF338A
:1061700063EB0501002904DAF8F7C2FD821941EB4F
:106180000501C4E90021204670BD4FF0FF321146E1
:10619000F7E70022FBE7B3F1FF3F08BFB2F1FF3F93
:1061A000F8B5074616461C4610D054EA020311D033
:1061B000F8F7A6FDB0420A46A14103460AD2F31AF7
:1061C00064EB0204C7E900343846F8BD4FF0FF33F2
:1061D0001C46F7E70023FBE710B50446FFF79BFFDB
:1061E000B0B9636A0BB12046984704F11800FFF775
:1061F000FEFE68B1FFF7B3FE4FF02003EFF311800E
:1062000083F31288BFF36F8FBDE81040FFF73ABFEA
:1062100010BD1423F0B503FB010000244FF48B766E
:1062200001B9F0BD10F8073C40F80C4C03F03F03F7
:10623000082BA0F114070CD826FA03F3DB0708D5C6
:1062400050F8143C2BB150F8105C2B605D6040E9B5
:10625000054482F31188BFF36F8F4FF02003EFF3F3
:10626000118283F31288BFF36F8F01393846D7E765
:10627000F8B50D46D0E900138842044605D163689D
:10628000C5E900431D6065601DE0002BF7D09868EC
:1062900000B16038A2F160073946FFF72FFE0028F1
:1062A000EDDC2668B442EAD0002EE8D0B16801B136
:1062B00060393846FFF722FE002805DD7368C5E91E
:1062C00000631D607560F8BD63689E42D7D0366874
:1062D000EAE72DE9F84F00258B4614461F46824613
:1062E0002E46A8465D4502DB3046BDE8F88F4FF0EC
:1062F0002003EFF3118983F31288BFF36F8F9AF8AD
:106300000D3003F03F03013B072B0FD8DFE803F00C
:106310001E040E0A0E0E0E25DAF810309B682BB103
:10632000022320E0DAF810301B688BBB47BB2378D0
:1063300033B39AF80D3003F03F03013B072B30D8FD
:10634000DFE803F033282F282F2F2F38DAF810300A
:106350009B68002BEAD0012305E0DAF810301B6AB5
:10636000002BE3D01023DAF80C20CAF80880C2F31F
:1063700086310B4363F39432CAF80C2084F8008012
:1063800089F31188BFF36F8F01350AF1140AA9E769
:106390000423E8E7DAF81000224651461030FFF7F0
:1063A00067FFCAF808400136EAE7DAF8100022462B
:1063B0005146F4E7DAF81000224651462430EEE761
:1063C0002DE9F041846805460E46ECB16378012B57
:1063D00025D114F8533C9A0714D5A4F16007384628
:1063E000FFF738FE082E0CBF6FF003030023E361B4
:1063F00014F8533CDB0605D154F8483C13B9384631
:10640000FFF7ADFD00232370EB68C3F3863216431C
:10641000002066F39433A860EB60BDE8F081022BA6
:10642000F0D12378002BEDD054F8048CB8F1000F94
:10643000E8D004F11400FFF76EFEA4F11407002366
:10644000E36239464046FFF7C9FCDBE710B5520569
:10645000090201F47C5102F400120A43017B00247A
:106460000A43C0E90323846010BD10B503464FF012
:106470002002EFF3118482F31288BFF36F8F00685C
:10648000834208D0D0E9003213605A600023C0E98B
:106490000033FFF795FF84F31188BFF36F8F10BDB2
:1064A0000023C0E90000836070470432D3B504467E
:1064B00008D200260027CDE9006741F00401FFF76C
:1064C00078FA10B9002002B0D0BD40F8044BFAE7CA
:1064D00020B1011F50F8040CFFF7AEBA70479A4282
:1064E00008B501D9DFF734FA814204D88B189842F5
:1064F000F8D3814202D183189942F3D3BDE8084012
:1065000000F048B810B501390244904201D1002092
:1065100005E0037811F8014FA34201D0181B10BD0C
:106520000130F2E710B56AB10139841810F8012B77
:1065300011F8013F9A4203D1A04201D0002AF5D1BF
:10654000D01A10BD1046FCE710B5024601448A423D
:10655000134603D01C780132002CF8D1181A10BD54
:10656000F0B5C2F137050446EDB202F01F0208464D
:10657000B4FBF2F602FB1641CBB2092988BF5B19C6
:10658000274688BFDBB23033BA4200F8013B3446BD
:10659000EED9F0BD0A44914200F1FF3300D17047BB
:1065A00010B511F8014B03F8014F9142F9D110BD1C
:1065B000884210B501EB020402D98442234607D871
:1065C000431EA14208D011F8012B03F8012FF8E770
:1065D000024401468A4200D110BD13F8014D02F871
:1065E000014DF7E702440346934200D1704703F898
:1065F000011BF9E7D1E9043293421EBF5A1C0A611C
:106600001870704701480068704700003C22002065
:08661000249BFD7F0100000046
:106618008D59000000000000BDA60100D8660200E8
:1066280011DA01000000000035DA01000000000066
:10663800ADB6010000670200ADB60100EC660200CD
:10664800BF4F02002867020091AC010014670200E6
:10665800B9BF010000000000755A000000000000EA
:10666800695900000000000039E001000000000046
:1066780061AF01003C67020001A5010050670200FC
:106688004DBA0100786702001DB30100646702007B
:106698006D6000000000000025E800000000000018
:1066A800E75202008C670200F5530200A06702005F
:1066B800F5530200B4670200ADBB0100C8670200D1
:1066C80019BD0100DC67020053040200000000004D
:1066D800ADA702004C8602005C860200BE0C0020BA
:1066E8008449002002A80200288702004887020087
:1066F800C80C00206C4A002010A80200388702004D
:1067080048870200CA0C0020784A0020BCA7020073
:106718000000000078860200C00C0020F849002024
:10672800CCA702000000000080860200C20C0020F6
:1067380000000000DBA7020090860200F08602003D
:10674800C40C00209C090020A0A702000000000043
:1067580034860200BC0C002000000000E8A70200FC
:10676800000000000C870200C60C0020000000009A
:106778002FA80200FC87020050880200D20C0020DB
:10678800844A002022A802006C8702009487020035
:10679800CC0C0020000000001EA80200B0870200F8
:1067A800E0870200CE0C00200000000027A80200AD
:1067B800C8870200E0870200D00C0020000000001B
:1067C8003CA80200000A002074880200D40C0020B3
:1067D800944A00204AA802000000000090880200A5
:0867E800D60C0020A04A00209D
:1067F00079C501004D56020000000000E9180200B2
:1068000000000000E918020000000000E918020082
:1068100000000000E918020000000000E918020072
:10682000F9CB01004D5602005067020045A501005A
:1068300000000000E918020000000000E918020052
:1068400000000000E9180200000000005D74010073
:10685000DC67020089BC0100F849002001AD01009D
:1068600000000000E918020000000000E918020022
:1068700000000000E91802000000000049C001000B
:10688000FDD001004D56020000000000E918020092
:1068900000000000E918020000000000E9180200F2
:1068A00000000000E918020000000000E9180200E2
:1068B000000000008D74010000000000E9180200D3
:1068C00000000000E918020000000000E9180200C2
:1068D00000000000E918020000000000E9180200B2
:1068E00000000000E918020000000000E9180200A2
:1068F00000000000E918020000000000E918020092
:1069000000000000E918020000000000E918020081
:1069100000000000E918020000000000E918020071
:1069200000000000E918020000000000E918020061
:1069300000000000E918020079D701004D5602005E
:1069400000000000E918020000000000E918020041
:1069500000000000E918020000000000E918020031
:1069600000000000E918020000000000E918020021
:1069700005000000BD8500000000000006000000CA
:1069800081A600000000000004000000118A000041
:046990000000000003
:10699400D13D0000813D0000000000000000000027
:1069A40000000000093D000000000000000000009D
:1069B400687202000800000008730200070000006B
:1069C400D46E020004000000486E020007000000BC
:1069D4005C6C02000F000000806B02000B000000E2
:1069E40036A5020000000000955D0000D15F0000A4
:1069F40000000000F3A6020000000000F1370200CE
:106A0400000000000000000002A7020000000000D7
:106A1400F93B02000000000000000000FAA602009A
:106A240000000000A59400006D9E0000000000001E
:106A340060A7020000000000B9B9000045B80000DA
:106A44000000000008A702000000000051970000A9
:086A5400A998000000000000F9
:046A5C00FFFFFFFF3A
:106A60000000000009000000A0000000F00000008D
:106A70000000000000000000000000010000000213
:106A800000000004000000080000001000000020CA
:106A900000000040000000800000001B00000036E5
:106AA00000010602010000000001020104040404C8
:106AB0001800280000002A0001030062746C6500C1
:106AC00000000000000000000000000000000000C6
:106AD00000000000000000000000000000000000B6
:106AE00000000000000000000000000000010000A5
:106AF0000338FDD8704700002F8902003489020056
:106B00003D8902004B8902005C8902007189020004
:106B10007F890200938902009F890200AC890200EC
:106B2000B7890200C3890200D1890200E889020006
:106B3000008A0200138A0200278A0200348A0200B7
:106B4000448A0200568A02006C8A0200838A02008C
:106B5000998A0200A78A0200B88A02002F890200DF
:106B6000A6900200AE900200B6900200C290020011
:106B7000D1900200998A0200AD8A0200B88A020010
:106B8000D40A0020013A020000000000210C00207D
:106B900000000100D00A00200D3D020000000000AE
:106BA0009802002000000100100C0020C528000001
:106BB000000000000000000000000400CC0A0020DB
:106BC0000D3D0200000000009002002000000100C6
:106BD000FF0B0020C52500000000000000000000A1
:106BE00000000400C80A00200D3D02000000000063
:106BF0008802002000000100DD0B0020A525000018
:106C0000000000000000000000000400C40A002092
:106C10000D3D020000000000800200200000010085
:106C2000CC0B0020E1250000000000000000000067
:106C300000000400C00A00200D3D0200000000001A
:106C40007802002000000100EE0B00200000000090
:106C5000312900000000000000000800280B00207F
:106C6000013A020000000000240B00200000010097
:106C7000200B00200D3D0200000000001803002042
:106C800000000100180B00206BF60100000000005E
:106C9000A50C002000000100140B00200D3D020097
:106CA0000000000010030020000001000C0B002079
:106CB0008925000000000000000000000000010025
:106CC000080B00200D3D020000000000080300201A
:106CD00000000100000B002055F60100000000003C
:106CE0000000000000000400FC0A0020D33902006C
:106CF000B5990000DC02002000000C00F80A00201A
:106D00003DF6010000000000A30C0020000001007F
:106D1000F40A00200D3D020000000000D402002013
:106D200000000100EC0A002055F601000000000000
:106D30000000000000000400E80A0020D33902002F
:106D4000B5990000A802002000000C00E40A002011
:106D50003DF6010000000000A10C00200000010031
:106D6000E00A00200D3D020000000000A00200200B
:106D700000000100D80A00200000000035F60100E4
:106D8000E35B002000000200EC6602000600000049
:106D900050670200070100042840070800000000B7
:106DA0000C000000EC660200040011000067020005
:106DB0000B002000EC6602000000200000670200CB
:106DC000180020000067020006000000EC660200C8
:106DD0000D000000EC6602000F00000000670200DA
:106DE0000200000001010000B20C002003040000BA
:106DF000AE0C0020050000000000000000000000B4
:106E000000C00000646702000100000000C0000034
:106E10000060070064670200020000000020080014
:106E200000300700646702000400000000800F00CB
:106E300000800000646702000300000000500F00A3
:106E40000030000064670200540B0020013A020089
:106E500000000000500B0020000001004C0B00203F
:106E60000D3D02000000000048030020000001006A
:106E7000440B00201D0402000000000063A3020078
:106E800000000100400B00200D3D0200000000004A
:106E90004003002000000100380B00201D04020008
:106EA0000000000071A3020000000100340B00206C
:106EB0000D3D02000000000038030020000001002A
:106EC0002C0B0020254A000000000000B30C00201D
:106ED000000001006C0B0020013A020000000000DD
:106EE000680B002000000100640B00200D3D020033
:106EF000000000007C030020000001005C0B00206B
:106F0000414A000000000000BA0C0020000001000F
:106F1000580B0020D3390200B5990000500300201F
:106F20000000030008200001FFFFFFFFFFFFFFFF3D
:106F3000FFFFFFFF00000000000000000000000055
:106F400001000000FFFFFFFF512563FCC2CAB9F337
:106F5000849E17A7ADFAE6BCFFFFFFFFFFFFFFFF10
:106F600000000000FFFFFFFF96C298D84539A1F44A
:106F7000A033EB2D817D0377F240A463E5E6BCF8F6
:106F800047422CE1F2D1176BF551BF376840B6CBC1
:106F9000CE5E316B5733CE2B169E0F7C4AEBE78EBD
:106FA0009B7F1AFEE242E34F4B60D2273E3CCE3B32
:106FB000F6B053CCB0061D65BC86987655BDEBB3D4
:106FC000E7933AAAD835C65A710C0200C30D0200E5
:106FD000E94E0000000000200000000000000B0649
:106FE00002000000E86F0200000000009CA4020004
:106FF0002600020200000020A4A4020022000B11BF
:1070000008200001FFFFFFFFFFFFFFFFFFFFFFFF63
:10701000000000000000000000000000010000006F
:10702000FFFFFFFF512563FCC2CAB9F3849E17A777
:10703000ADFAE6BCFFFFFFFFFFFFFFFF000000000F
:10704000FFFFFFFF96C298D84539A1F4A033EB2D7E
:10705000817D0377F240A463E5E6BCF847422CE16A
:10706000F2D1176BF551BF376840B6CBCE5E316BAE
:107070005733CE2B169E0F7C4AEBE78E9B7F1AFE72
:10708000E242E34F4B60D2273E3CCE3BF6B053CCBE
:10709000B0061D65BC86987655BDEBB3E7933AAA5A
:1070A000D835C65A710C0200C30D0200E94E00002B
:1070B00028860200B8700200FF000000F8C6002019
:1070C00028860200C87002002D00000058CA002067
:1070D00028860200D87002000F00000040CB00207C
:1070E0000E030000F56300000F040000C9630000F8
:1070F0001A010000CB1B02000504000079620000A9
:1071000013010000671D0200FF010000451D020081
:107110003E010000ED62000005040000251C020095
:107120000804000093210200300300003321020014
:10713000100100006B1C0200011200003969000000
:107140000A1E0000EB20020003090000411E02009D
:10715000040B0000C31C0200060A0000B91F020055
:10716000070A0000731C02000C050000511C0200FD
:10717000050C0000F71E02000841000049790000DC
:1071800009210000CD7900002886020090710200DC
:107190004600000070CB002028860200A07102008B
:1071A000FF0000003CCC002028860200B0710200E5
:1071B000FF0000007CCE0020D72A0200052B020031
:1071C000000000000000000000000000D32B0200BF
:1071D00000000000000000000000000000000000AF
:1071E000AF340200EF34020033350200AF34020046
:1071F00015350200EF34020002020100EB350200F7
:1072000004040100C191000006060100F590000091
:10721000080401002D9000000A020100D33502008D
:107220000C040100BB3502000E040100E98E0000D1
:1072300020040100418E000010040100458D000073
:10724000120201004134020016040100D92C020090
:1072500018010100A13102001E00040037360200AF
:1072600052020000673402009C0B0020013A020029
:1072700000000000980B002000000100940B00208B
:107280000D3D0200000000009804002000000100F5
:107290008C0B002000000000000000000000000037
:1072A00000000000880B0020D3390200B5990000CF
:1072B000A004002000000300840B00200D3D02000C
:1072C0000000000090040020000001007C0B002062
:1072D000393A02002D3B02000000000000000300CC
:1072E000780B00200D3D0200000000008804002003
:1072F00000000100700B0020799D000000000000DC
:107300000000000000000100C80B0020013A02004C
:1073100000000000C40B002000000100C00B002092
:107320000D3D020000000000DC0400200000010010
:10733000B80B0020693A02000000000000000000C5
:1073400000000100B40B00200D3D02000000000011
:10735000D404002000000100AC0B0020933A02008E
:10736000000000000000000000000100A80B002049
:107370000D3D020000000000CC04002000000100D0
:10738000A00B0020DD9700000000000000000000BE
:1073900000000100FDAD0000CD490200D1B40000A5
:1073A000000000000000000001B300000000000029
:1073B00000000000000000000000000000000000CD
:1073C000000000008DAA0000060000009D400200A1
:1073D00006000000594602001000000051AE0000F7
:1073E000100000008349020001000000DF4102009C
:1073F00010000000174902000A0000009541020039
:1074000010000000C9B30000070000008B44020018
:10741000100000002F410200010000008DA90000B3
:10742000400000002F4402001000000089410200CB
:1074300001000000574553545F544F504449522FA8
:107440007A65706879722F7375627379732F626CC5
:107450007565746F6F74682F636F6E74726F6C6C88
:1074600065722F7469636B65722F7469636B6572E3
:107470002E63000028287469636B65725F72657300
:1074800063686564292D3E6578745F64617461206A
:1074900026262028287469636B65725F72657363A2
:1074A000686564292D3E6578745F646174612D3E62
:1074B0007469636B735F736C6F745F77696E646F0D
:1074C0007720213D203055292900000041535345A4
:1074D0005254494F4E204641494C205B25735D2054
:1074E000402025733A25640A000000005745535494
:1074F0005F544F504449522F7A65706879722F73E8
:1075000075627379732F626C7565746F6F74682F11
:10751000636F6E74726F6C6C65722F6C6C5F7377D7
:107520002F756C6C2E6300002165727200000000E4
:1075300072780000756C6C5F7265665F67657428B1
:10754000756C6C5F686472290000000030000000F8
:1075500072656C65617365203D3D20646F6E6500EA
:1075600064656C7461203C3D2030207C7C206D651E
:107570006D5F6C696E6B5F72782E71756F74615F91
:10758000706475203C20282833202B2030202B20AD
:107590003129202B202832202A202833292929008C
:1075A000636F6E6E5F6C6C6C0000000021636F6E29
:1075B0006E5F6C6C6C2D3E6C696E6B5F74785F6691
:1075C000726565006D656D715F6C696E6B000000C2
:1075D00072782D3E7479706520213D204E4F4445D0
:1075E0005F52585F545950455F4E4F4E4500000062
:1075F0002163632D3E7374617475730072785F66E6
:107600007265652D3E7479706520213D204E4F4492
:10761000455F52585F545950455F4E4F4E450000EC
:1076200021636F6E6E2D3E6C6C6C2E6C696E6B5FA1
:1076300074785F66726565002172657400000000F1
:107640002172657476616C00574553545F544F50F6
:107650004449522F7A65706879722F737562737915
:10766000732F626C7565746F6F74682F636F6E74BF
:10767000726F6C6C65722F6C6C5F73772F6C6C6CB7
:107680005F636F6D6D6F6E2E630000002165727217
:10769000207C7C20657272203D3D202D31313900E7
:1076A000574553545F544F504449522F7A65706880
:1076B00079722F7375627379732F626C7565746F4D
:1076C0006F74682F636F6E74726F6C6C65722F6865
:1076D00063692F6863695F6472697665722E6300FF
:1076E00042542052582070726900000042542052C7
:1076F00058000000436F6E74726F6C6C657200000E
:10770000F47602000000000002000000A9EA000078
:10771000A1E8000035E800005A6570687972204FD2
:10772000532076332E352E30000000005745535439
:107730005F544F504449522F7A65706879722F73A5
:1077400075627379732F626C7565746F6F74682FCF
:10775000636F6E74726F6C6C65722F6863692F68EB
:1077600063692E63000000002828282875696E745C
:107770007074725F74296E6F6465292025205F5FC5
:10778000616C69676E6F6628737472756374206EBE
:107790006F64655F72785F63632929203D3D203007
:1077A000290000002828282875696E747074725F9B
:1077B00074296E6F6465292025205F5F616C69679D
:1077C0006E6F6628737472756374206E6F64655F84
:1077D00072785F63752929203D3D20302900000023
:1077E000574553545F544F504449522F7A6570683F
:1077F00079722F7375627379732F626C7565746F0C
:107800006F74682F636F6E74726F6C6C65722F6C1F
:107810006C5F73772F756C6C5F6164762E6300000C
:1078200068616E646C65203C2031000028726574CC
:10783000203D3D203029207C7C2028726574203D2D
:107840003D203229000000006164762D3E6C696E97
:107850006B5F63635F667265650000006164762D2F
:107860003E6E6F64655F72785F63635F66726565C5
:1078700000000000216864722D3E64697361626CCF
:1078800065645F6362000000737461747573203D0A
:107890003D2030207C7C20706172616D203D3D2058
:1078A000756C6C5F64697361626C655F6D61726B4E
:1078B0005F6765742829207C7C2028636F6E6E6565
:1078C000637461626C6520262620216164762D3EFA
:1078D0006C6C6C2E636F6E6E29207C7C20300000F7
:1078E000216C6C6C2D3E6C696E6B5F74785F667298
:1078F000656500006D61726B203D3D20616476001E
:1079000021657272207C7C2028657272203D3D20AA
:107910002D313230290000007265660028726574CE
:10792000203D3D203029207C7C2028726574203D3C
:107930003D203229207C7C202866705F6F705F6656
:10794000756E63203D3D202828766F6964202A29C2
:10795000302929007064752D3E6C656E203E3D20F7
:107960005F5F6275696C74696E5F6F66667365747C
:107970006F662028737472756374207064755F611C
:1079800064765F6164765F696E642C206461746103
:1079900029000000574553545F544F504449522F1B
:1079A0007A65706879722F7375627379732F626C60
:1079B0007565746F6F74682F636F6E74726F6C6C23
:1079C00065722F6C6C5F73772F756C6C5F636F6E75
:1079D0006E2E630074785F627566000072782D3ECB
:1079E0006864722E6C696E6B0000000073746174C1
:1079F0007573203D3D203000737461747573203DB4
:107A00003D2030207C7C20706172616D203D3D20E6
:107A1000756C6C5F7570646174655F6D61726B5FCE
:107A20006765742829207C7C20706172616D203D1F
:107A30003D20756C6C5F64697361626C655F6D613C
:107A4000726B5F67657428290000000070203D3D5F
:107A500020706172616D0000287469636B65725FEC
:107A6000737461747573203D3D203029207C7C2027
:107A7000287469636B65725F737461747573203DFC
:107A80003D20322900000000657272203D3D20300B
:107A9000207C7C20657272203D3D202D31323000EB
:107AA000636F6E6E2D3E6C6C6C2E68616E646C65DF
:107AB00020213D2030784646464600002874696300
:107AC0006B65725F737461747573203D3D2030295E
:107AD000207C7C20287469636B65725F73746174A9
:107AE0007573203D3D203229207C7C202828766F2C
:107AF0006964202A29636F6E6E5F6C6C203D3D20A7
:107B0000756C6C5F64697361626C655F6D61726BEB
:107B10005F676574282929006C6C6C5F74780000BD
:107B20007064755F74782D3E6C656E00216C696EB3
:107B30006B2D3E6E65787400574553545F544F501B
:107B40004449522F7A65706879722F737562737920
:107B5000732F626C7565746F6F74682F636F6E74CA
:107B6000726F6C6C65722F6C6C5F73772F756C6CB9
:107B70005F6C6C63705F656E632E63006E7466008D
:107B8000574553545F544F504449522F7A6570689B
:107B900079722F7375627379732F626C7565746F68
:107BA0006F74682F636F6E74726F6C6C65722F6C7C
:107BB0006C5F73772F756C6C5F6C6C63705F706853
:107BC000792E63006E74662D3E6864722E7479702F
:107BD00065203D3D204E4F44455F52585F545950FB
:107BE000455F52455441494E000000006374782DB2
:107BF0003E6E6F64655F7265662E747800000000EB
:107C00006374782D3E646174612E70752E6E746697
:107C10005F646C655F6E6F6465000000636F6E6E1D
:107C20002D3E6C6C6C2E726F6C65203D3D20307863
:107C300030310000574553545F544F504449522F40
:107C40007A65706879722F7375627379732F626CBD
:107C50007565746F6F74682F636F6E74726F6C6C80
:107C600065722F6C6C5F73772F756C6C5F6C6C63D7
:107C7000702E63006374782D3E6F776E657200001E
:107C80006374782D3E6E6F64655F7265662E7278E0
:107C90000000000063747800B12C0100C12C0100C9
:107CA000D12C0100E12C01000000000000000000C8
:107CB000F12C0100992D0100012D010000000000B0
:107CC000A92D010000000000112D0100B92D0100B7
:107CD00000000000212D0100C92D0100312D0100FF
:107CE000D92D0100E92D0100F92D0100092E010017
:107CF000192E0100292E0100412D01000000000075
:107D00000000000000000000000000000000000073
:107D1000892D0100574553545F544F504449522F09
:107D20007A65706879722F7375627379732F626CDC
:107D30007565746F6F74682F636F6E74726F6C6C9F
:107D400065722F6C6C5F73772F756C6C5F6C6C63F6
:107D5000705F636F6D6D6F6E2E6300006374782DBE
:107D60003E70726F63203D3D2050524F435F54453B
:107D7000524D494E415445006374782D3E70726FE8
:107D800063203D3D2050524F435F444154415F4C7E
:107D9000454E4754485F555044415445000000004B
:107DA000574553545F544F504449522F7A65706879
:107DB00079722F7375627379732F626C7565746F46
:107DC0006F74682F636F6E74726F6C6C65722F6C5A
:107DD0006C5F73772F756C6C5F6C6C63705F6C6F2E
:107DE00063616C2E6300000063747820213D2028BD
:107DF00028766F6964202A29302900006374785F2F
:107E0000686561646572203D3D2063747800000000
:107E1000574553545F544F504449522F7A65706808
:107E200079722F7375627379732F626C7565746FD5
:107E30006F74682F636F6E74726F6C6C65722F6CE9
:107E40006C5F73772F756C6C5F6C6C63705F636FC6
:107E50006E6E5F7570642E63000000006374782D91
:107E60003E6E6F64655F7265662E7278203D3D20C0
:107E70002828766F6964202A2930290057455354F1
:107E80005F544F504449522F7A65706879722F734E
:107E900075627379732F626C7565746F6F74682F78
:107EA000636F6E74726F6C6C65722F6C6C5F73773E
:107EB0002F756C6C5F6C6C63705F63686D752E639F
:107EC00000000000574553545F544F504449522F0F
:107ED0007A65706879722F7375627379732F626C2B
:107EE0007565746F6F74682F636F6E74726F6C6CEE
:107EF00065722F6C6C5F73772F756C6C5F6C6C6345
:107F0000705F72656D6F74652E63000008020B026E
:107F10000A03050200000000000000000202000049
:107F20000602000004030000000009030000000036
:107F3000010300000C030000070300000000000024
:107F400000000000574553545F544F504449522F8E
:107F50007A65706879722F7375627379732F626CAA
:107F60007565746F6F74682F636F6E74726F6C6C6D
:107F700065722F6C6C5F73772F756C6C5F706572B8
:107F80006970686572616C2E630000007469636BD0
:107F900065725F737461747573203D3D203000001D
:107FA00073746174757320213D2031207C7C2070B6
:107FB0006172616D203D3D20756C6C5F6469736119
:107FC000626C655F6D61726B5F6765742829000084
:107FD000574553545F544F504449522F7A65706847
:107FE00079722F7375627379732F626C7565746F14
:107FF0006F74682F636F6E74726F6C6C65722F6C28
:108000006C5F73772F756C6C5F66696C7465722E2C
:1080100063000000726C5F696478203C20380000C7
:10802000726C5B726C5F6964785D2E74616B656EF7
:1080300000000000726C5B726C5F6964785D2E7288
:108040007061735F72656164790000006465766DCC
:10805000617463685F6964203C20282873697A65CD
:108060005F742920282828696E74292073697A652D
:108070006F6628636861725B31202D2032202A20D0
:108080002128215F5F6275696C74696E5F74797015
:1080900065735F636F6D70617469626C655F702892
:1080A0005F5F747970656F665F5F2866616C292C0D
:1080B000205F5F747970656F665F5F282628666150
:1080C0006C295B305D2929295D29202D203129204B
:1080D0002B202873697A656F662866616C29202FCA
:1080E0002073697A656F66282866616C295B305D4C
:1080F000292929290000000066616C5B6465766DA2
:10810000617463685F69645D2E74616B656E000005
:108110006465766D617463685F6964203C2028281B
:1081200073697A655F742920282828696E7429206C
:1081300073697A656F6628636861725B31202D20F0
:1081400032202A202128215F5F6275696C74696E74
:108150005F74797065735F636F6D70617469626C71
:10816000655F70285F5F747970656F665F5F287206
:108170006C292C205F5F747970656F665F5F2826BD
:1081800028726C295B305D2929295D29202D203139
:1081900029202B202873697A656F6628726C292044
:1081A0002F2073697A656F662828726C295B305DB1
:1081B0002929292900000000726C5B695D2E746119
:1081C0006B656E0069726B6D617463685F696420D2
:1081D0003C20706565725F69726B5F636F756E746A
:1081E0000000000069203C2038000000574553542F
:1081F0005F544F504449522F7A65706879722F73DB
:1082000075627379732F626C7565746F6F74682F04
:10821000636F6E74726F6C6C65722F6C6C5F7377CA
:108220002F6E6F726469632F6C6C6C2F6C6C6C2E8C
:1082300063000000707265656D70745F7265712017
:108240003D3D20707265656D70745F61636B000009
:10825000707265656D70745F73746172745F72655E
:108260007120213D20707265656D70745F7374615B
:1082700072745F61636B0000707265656D70745F2E
:1082800073746F705F72657120213D207072656537
:108290006D70745F73746F705F61636B00000000DA
:1082A000707265656D70745F61636B20213D207035
:1082B0007265656D70745F726571000070726565DE
:1082C0006D70746F72203D3D2072656164795F6EE0
:1082D0006578740069746572000000006572722030
:1082E0003D3D202D3134300021706172616D000000
:1082F00021706172616D207C7C206E657874000055
:108300006576656E742E637572722E61626F72741B
:108310005F6362006576646F6E650000657272204F
:108320003E3D2030000000006E65787400000000C3
:10833000217265616479207C7C2026726561647994
:108340002D3E707265706172655F706172616D2043
:108350003D3D20707265706172655F706172616D24
:1083600000000000F401FA00960064004B003200A7
:108370001E001400574553545F544F504449522F28
:108380007A65706879722F7375627379732F626C76
:108390007565746F6F74682F636F6E74726F6C6C39
:1083A00065722F6C6C5F73772F6E6F726469632FC9
:1083B0006C6C6C2F6C6C6C5F6164762E63000000DB
:1083C0006E6F64655F72780021726164696F5F69C6
:1083D000735F7265616479282900000070000000F5
:1083E0006368616E00000000706475007363616E05
:1083F0005F706475000000000925733A20416374C2
:1084000075616C204556454E545F4F564552484560
:1084100041445F53544152545F5553203D202575CC
:108420000A000000707265706172655F636200002F
:10843000574553545F544F504449522F7A657068E2
:1084400079722F7375627379732F626C7565746FAF
:108450006F74682F636F6E74726F6C6C65722F6CC3
:108460006C5F73772F6E6F726469632F6C6C6C2F07
:108470006C6C6C5F636F6E6E2E630000646F6E6574
:10848000000000006C6C6C2D3E68616E646C6520B1
:10849000213D20307846464646000000574553545B
:1084A0005F544F504449522F7A65706879722F7328
:1084B00075627379732F626C7565746F6F74682F52
:1084C000636F6E74726F6C6C65722F6C6C5F737718
:1084D0002F6E6F726469632F6C6C6C2F6C6C6C5FA9
:1084E0007065726970686572616C2E6300000000CF
:1084F000707265706172655F636200005745535426
:108500005F544F504449522F7A65706879722F73C7
:1085100075627379732F626C7565746F6F74682FF1
:10852000636F6E74726F6C6C65722F6C6C5F7377B7
:108530002F6E6F726469632F68616C2F6E7266357F
:108540002F636E74722E63005F726566636F756E63
:1085500074000000574553545F544F504449522F04
:108560007A65706879722F7375627379732F626C94
:108570007565746F6F74682F636F6E74726F6C6C57
:1085800065722F6C6C5F73772F6E6F726469632FE7
:1085900068616C2F6E7266352F6D6179666C792E0D
:1085A00063000000574553545F544F504449522FC5
:1085B0007A65706879722F7375627379732F626C44
:1085C0007565746F6F74682F636F6E74726F6C6C07
:1085D00065722F6C6C5F73772F6E6F726469632F97
:1085E00068616C2F6E7266352F7469636B65722ECD
:1085F00063000000757365725F6964203C207369D5
:108600007A656F662863616C6C65725F69645F6C24
:108610007574290063616C6C65725F696420213D2B
:108620002030000001030405CDA00100000000007F
:10863000514D0200A5A201007DA3010058020000D7
:1086400045A6010015A601000000000085A7010055
:1086500089A601009F4F0200AB4F0200E9A701006D
:108660001B4F02007F4F0200000000008F4E0200EF
:10867000000000000000000039AC01008DAB0100DB
:10868000C34F02000000000004000000FF000000D3
:1086900000000000000000000000000000000000DA
:1086A00000000000000000000000000004030000C3
:1086B000000000030001010000008000C228170034
:1086C000C486020000900240D08602000100000033
:1086D000D88602000600000013061D0014061F00C5
:1086E00015062000160621001706220011061E009E
:1086F000B5B101008DB001006DAE0100A1AD01006A
:1087000091AD010080000000000001000551020051
:108710004DB5010031B4010015B3010005B30100EE
:1087200004000000FF000000FFFF000000030050F5
:108730000000000001000000FFFFFFFF00000050EC
:10874000000000000000000031B70100EF510200FE
:10875000FD51020015520200215202002D5202006A
:10876000C9B50100475202000000000004000000EB
:1087700074870200006702000D000100006702001C
:108780000E000100006702000F00010000670200F8
:1087900010000100DB520200E15202000000000064
:1087A00000000000995202000000000000000000DC
:1087B00001000000B8870200786702000000000096
:1087C00040420F000000000001000000D0870200BE
:1087D0007867020000000000002D31010100000058
:1087E000E9530200EF5302005D5302000000000055
:1087F000A1530200000000000000000000C0014082
:108800000000000000000000000000000000000068
:10881000000000000000000000040000E803020166
:1088200001010000884A0020040000000000000050
:10883000000000003888020000C0014044880200A7
:10884000010000004C8802000100000026461600CE
:10885000475402003DBA0100002001406488020034
:10886000010000006C8802000200000089011A006B
:108870008A011B0000000000000000007755020084
:10888000F755020051BB010000000000000000008D
:10889000000000000000000000000000A1BC01007A
:1088A0005DBC01000000000000000000F5FFFFFFBC
:1088B0001866020018660200586602006866020028
:1088C000D0660200D86602000000F0FFF0FFF0FF63
:1088D000EAFF74FFF0FFF0FFF0FFF0FFEAFF415006
:1088E000503A204572726F72202D204E554C4C200C
:1088F0006576656E740A004150503A204576656E83
:10890000742071756575652066756C6C20287479A6
:108910007065202564292C2064726F707065642056
:108920006576656E740A00554E4B4E4F574E0042A9
:108930004F4F540042545F524541445900424C4508
:108940005F434F4E4E454354454400424C455F44BF
:108950004953434F4E4E454354454400424C455FB6
:1089600053454355524954595F4348414E47454446
:1089700000424C455F4849445F52454144590042DA
:108980004C455F53454355524954595F4641494C04
:108990004544004B45595F50524553534544004BA5
:1089A00045595F52454C454153454400454E434F60
:1089B0004445525F435700454E434F4445525F4341
:1089C000435700454E434F4445525F44454C544144
:1089D00000454E434F4445525F425554544F4E5FFD
:1089E0005052455353454400454E434F4445525F12
:1089F000425554544F4E5F52454C454153454400F7
:108A0000494E41435449564954595F54494D454F85
:108A10005554004144564552544953494E475F52BC
:108A200045535441525400424154544552595F54A5
:108A300049434B0050524F46494C455F4348414ED5
:108A4000474544004241434B4C494748545F4348E3
:108A5000414E47454400534C4545505F54494D45B0
:108A60004F55545F4348414E474544005345515587
:108A7000454E43455F52554E5F52455155455354FF
:108A8000454400434C4541525F424F4E44535F5270
:108A90004551554553544544005052455041524567
:108AA0005F534C45455000454E5445525F53595312
:108AB00054454D5F4F4646004552524F520041507B
:108AC000503A207374617465202573202D3E202553
:108AD000730A004150503A20496E697469616C69AB
:108AE0007A696E672068617264776172652E2E2ED6
:108AF0000A004150503A2057616974696E672066D8
:108B00006F7220426C7565746F6F74682072656156
:108B100064792E2E2E0A004150503A20537461720F
:108B200074696E6720424C45206164766572746991
:108B300073696E670A004150503A20436F6E6E654C
:108B4000637465642C2069646C65206D6F64650ACC
:108B5000004150503A2041637469766520696E7017
:108B600075742070726F63657373696E670A004174
:108B700050503A20507265706172696E6720666F5E
:108B80007220736C6565702E2E2E0A004150503A8B
:108B900020656E746572696E67207265616C205322
:108BA000595354454D204F4646206E6F770A004179
:108BB0005050204552524F523A20706F7765725F85
:108BC000656E7465725F73797374656D5F6F6666E9
:108BD0002072657475726E65642C207265626F6FA9
:108BE00074696E670A000A3D3D3D20415050205394
:108BF00054415445204D414348494E45205354412A
:108C000052544544203D3D3D0A004150503A2061B8
:108C100070705F776169745F6576656E74206661F8
:108C2000696C65642028657272202564290A0041F8
:108C300050503A2069676E6F72696E67206576657D
:108C40006E7420257320696E2053595354454D5F2F
:108C50004F46460A004150503A206576656E7420B2
:108C6000257320696E2073746174652025730A0072
:108C70004150503A20637269746963616C20657277
:108C8000726F72207768696C6520707265706172AE
:108C9000696E6720736C6565702028636F6465205A
:108CA0002564290A004150503A2069676E6F726945
:108CB0006E67206576656E74202573207768696C11
:108CC0006520707265706172696E6720736C65658E
:108CD000700A004150503A20706572666F726D697B
:108CE0006E672070656E64696E6720636C65617283
:108CF00020626F6E6473206265666F7265206164C6
:108D0000766572746973696E670A004150503A2043
:108D1000424C4520636F6E6E65637465640A004162
:108D200050503A20424C4520646973636F6E6E6503
:108D3000637465642028726561736F6E20256429F1
:108D40000A004150503A20746F6F206D616E792097
:108D50007265636F6E6E656374206661696C7572AF
:108D600065733B20626F6E6473206C696B656C7910
:108D7000207374616C652E2055736520636C65618A
:108D8000722D626F6E647320636F6D626F20616E0F
:108D9000642072656D6F766520686F7374206465FA
:108DA000766963652E0A004150503A207363686506
:108DB00064756C696E672061647665727469736945
:108DC0006E672072657374617274202575206D73EF
:108DD00020616674657220646973636F6E6E65638B
:108DE0007420726561736F6E203078253032780A96
:108DF000004150503A206164766572746973696EFF
:108E000067207265737461727420736B697070652A
:108E1000642062792073746174652F636F6E6E6570
:108E20006374696F6E730A004150503A2053656352
:108E30007572697479206368616E6765640A0041C0
:108E400050503A20424C45204849442072656164A4
:108E5000790A004150503A20424C452073656375B1
:108E600072697479206661696C6564206572723D0F
:108E700025640A004150503A207365637572697425
:108E800079206661696C65643B206C696B656C79FF
:108E9000207374616C6520626F6E64206F6E206851
:108EA0006F7374206F72206465766963650A004190
:108EB00050503A20636C65617220626F6E6473205B
:108EC0007265717565737465640A004150503A208B
:108ED000636C65617220626F6E64732070656E648E
:108EE000696E6720756E74696C20425420726561EA
:108EF00064790A004150503A20436C6561722062E7
:108F00006F6E647320636F6D626F20646574656358
:108F10007465640A004150503A20436C65617220C8
:108F2000626F6E647320636F6D626F206C61746337
:108F3000682072657365740A004150503A204B6591
:108F4000792070726573736564205B25642C2564D9
:108F50005D0A004150503A204B65792072656C657E
:108F600061736564205B25642C25645D0A004150B3
:108F7000503A20456E636F64657220627574746F39
:108F80006E20707265737365640A004150503A2018
:108F9000456E636F64657220627574746F6E2072C3
:108FA000656C65617365640A004150503A20496EF2
:108FB00061637469766974792074696D656F75741D
:108FC0000A004150503A2050726F66696C65206308
:108FD00068616E67656420746F2025640A004150E3
:108FE000503A204261636B6C696768742063686102
:108FF0006E6765640A004150503A20536C65657095
:109000002074696D656F7574206368616E6765644F
:109010000A004150503A2053657175656E636520B2
:1090200072756E207265717565737465640A0041AE
:1090300050503A204572726F72206576656E7420CA
:1090400028636F6465202564290A004150503A2046
:10905000556E6B6E6F776E206576656E7420256435
:109060000A004150503A205374617465206D616369
:1090700068696E6520696E697469616C697A656496
:109080000A004150503A205374617274696E67202F
:109090007374617465206D616368696E65207468BE
:1090A000726561640A00494E49545F485700494E51
:1090B00049545F4254004144564552544953494E25
:1090C0004700434F4E4E45435445445F49444C4549
:1090D00000414354495645004861726477617265A6
:1090E0003A2057616B65757020696E746572727590
:1090F000707420747269676765726564206F6E2092
:1091000070696E7320307825780A00496E61637447
:1091100069766974792074696D656F757420666904
:109120007265640A007B226163746976655F7072A0
:109130006F66696C65223A25642C2270726F6669CD
:109140006C6573223A5B002C007B226E616D652298
:109150003A222573222C226D6174726978223A5B5F
:10916000005B25752C25752C25755D002C22656E00
:10917000635F62746E223A5B25752C25752C25750C
:109180005D2C22656E635F6377223A5B25752C2523
:10919000752C25755D2C22656E635F636377223ABB
:1091A0005B25752C25752C25755D7D005D2C227346
:1091B000657175656E636573223A5B007B226E6133
:1091C0006D65223A222573222C226C656E223A2587
:1091D000752C227374657073223A5B007B2276656E
:1091E00072223A22312E30222C226877223A7B22B8
:1091F000726F7773223A332C22636F6C73223A3486
:109200002C22656E63223A312C226C6564223A313D
:109210007D2C226163746976655F70726F66223A95
:1092200025642C226C65645F6F6E223A25642C22C3
:109230006C65645F76616C223A25642C22736C65E0
:1092400065705F6D696E223A25757D00424C453A26
:10925000205265636569766564207772697465205C
:109260007061636B65742C206C656E6774683A205E
:1092700025642062797465730A00424C452045528A
:10928000524F523A204661696C656420746F2077B2
:10929000726974652073657175656E6365202564F8
:1092A0002028657272202564290A00424C453A2024
:1092B00053657175656E63652025642077726974E6
:1092C00074656E0A00424C453A2053657175656EAF
:1092D000636520256420636C65617265640A0042E1
:1092E0004C45204552524F523A204661696C6564A4
:1092F00020746F20777269746520746F20466C61EA
:1093000073682120436F64653A2025640A00424C4B
:10931000453A2050726F66696C652025642075702F
:10932000646174656420616E642073617665642095
:109330002825642062797465732077726974746576
:109340006E290A00424C45204552524F523A20495C
:109350006E76616C6964207061636B6574206C6506
:109360006E677468206F7220636F6D6D616E642E1E
:10937000205265636569766564202564206279748E
:1093800065730A00426174746572793A207265618E
:1093900064206661696C65642C20657272202564A6
:1093A0000A00426174746572792064656275673A77
:1093B000207261773D25642C206D763D25640A007E
:1093C000426174746572793A204C4F5720256420AD
:1093D0006D562C20257525250A004261747465722E
:1093E000793A202564206D562C20257525250A0004
:1093F000426174746572793A202564206D562C2080
:1094000025752525202D2073656E7420746F2042EC
:109410004C45204241530A00484944204552524F8E
:10942000523A20656E636F64657220776865656C7B
:10943000206E6F74696679206661696C6564206569
:1094400072723D25640A00484944204552524F52E9
:109450003A20656E636F64657220776865656C207D
:1094600072656C65617365206E6F746966792066DC
:1094700061696C6564206572723D25640A005365FC
:109480007175656E63652025643A20D0A0D0B0D098
:10949000BDD0B4D0BED0BCD196D0B7D0B0D186D1DB
:1094A00096D18F20D183D0B2D196D0BCD0BAD0BDC6
:1094B000D0B5D0BDD0B021204D61782072616E64EE
:1094C0006F6D203D202575206D732028416C742B15
:1094D00046313520D0BFD180D0BED0BFD183D18915
:1094E000D0B5D0BDD0BE290A0053657175656E63D5
:1094F000653A20D09AD180D0BED0BA202575202DD3
:109500003E20D091D0B0D0B7D0BED0B2D0B03A20AB
:109510002575206D732C20D0A0D0B0D0BDD0B4D094
:10952000BED0BC3A202B2575206D732C20D0A7D03F
:10953000B5D0BAD0B0D194D0BCD0BE20D180D0B0FC
:10954000D0B7D0BED0BC3A202575206D730A005329
:10955000657175656E63653A20D09AD180D0BED0B2
:10956000BA202575202D3E20D0A7D0B5D0BAD0B0D6
:10957000D194D0BCD0BE20D0B7D0B0D182D180D0D1
:10958000B8D0BCD0BAD1833A202575206D730A00BB
:109590004261636B6C696768743A2050574D206F65
:1095A0006666206661696C65642C20666F7263690B
:1095B0006E67204750494F206C6F770A00496E70E4
:1095C00075743A204B6579207072657373656420F9
:1095D0005B25642C25645D0A00496E7075743A2021
:1095E0004B65792072656C6561736564205B2564E9
:1095F0002C25645D0A00496E7075743A20456E63CF
:109600006F64657220627574746F6E20707265731A
:109610007365640A00496E7075743A20456E636F15
:1096200064657220627574746F6E2072656C65611A
:109630007365640A00484944204552524F523A200B
:10964000656E636F646572206B65792070726573F7
:1096500073206E6F74696679206661696C65642039
:109660006572723D25640A00484944204552524FB4
:10967000523A20656E636F646572206B6579207263
:10968000656C65617365206E6F74696679206661CB
:10969000696C6564206572723D25640A00496E61DB
:1096A000637469766974792074696D657220696E76
:1096B000697469616C697A65640A00506F776572D4
:1096C0003A20507265706172696E6720666F722011
:1096D00073797374656D206F66662E2E2E0A0050A6
:1096E0006F77657220736176653A20666F72636981
:1096F0006E67206170702070657269706865726154
:109700006C73204F46460A00506F77657220736174
:1097100076653A204C454420666F72636564204F3D
:109720004646206265666F726520736C6565700AD7
:1097300000506F77657220736176653A2050574DFF
:109740002F514445432F53414144432073746F705C
:109750007065642C206E6F6E2D77616B657570205F
:1097600070696E7320646973636F6E6E6563746590
:10977000640A00506F77657220736176653A2077CE
:10978000616B6520636F6C20256420636F6E666972
:1097900067757265642070696E202575206F757419
:1097A00070757420484947480A00506F77657220E9
:1097B000736176653A2077616B6520726F7720253B
:1097C0006420636F6E666967757265642070696E88
:1097D0002025752073656E736520484947480A0047
:1097E0004C4F5700506F77657220736176653A2051
:1097F00077616B6520656E636F6465722062757456
:10980000746F6E20636F6E66696775726564207031
:10981000696E2025752073656E73652025730A00B7
:10982000506F77657220736176653A20616C6C20A9
:10983000627574746F6E732061726D6564206173FC
:109840002053595354454D204F46462077616B6550
:1098500020736F75726365730A00506F7765723A93
:1098600020476F696E6720746F2053595354454DDC
:10987000204F4646206E6F770A00506F7765723A28
:109880002063616C6C696E67206E72665F706F77C3
:1098900065725F73797374656D5F6F666628290AF8
:1098A000000A2D2D2D20496E707574205468726544
:1098B00061643A205374617274696E672048617202
:1098C0006477617265205363616E6E696E67202DE7
:1098D0002D2D0A0053746F72616765204572726F97
:1098E000723A20466C61736820646576696365200E
:1098F0006E6F742072656164790A0053746F7261CF
:109900006765204572726F723A204572726F7220DD
:109910006D6F756E74696E67204E56530A005374EE
:109920006F726167653A2050726F66696C652025B9
:1099300064206C6F616465642066726F6D20466C94
:10994000617368207375636365737366756C6C7996
:10995000210A0053746F726167653A2050726F6616
:10996000696C65202564206E6F7420666F756E6467
:10997000206F7220696E76616C6964202872633D85
:109980002564292E204372656174696E67206465C1
:109990006661756C742E2E2E0A0050726F66696CAB
:1099A000652025640053746F726167653A205365C2
:1099B0007175656E6365202564206C6F61646564F4
:1099C0000A0053746F726167653A2053657175655B
:1099D0006E6365202564206E6F7420666F756E64FB
:1099E0002C206372656174696E67206465666175B9
:1099F0006C740A005365712025640053746F7261A2
:109A000067653A204C6F6164656420616C6C202549
:109A1000642070726F66696C65732E20416374698F
:109A200076653A2025640A00486172647761726540
:109A30003A2050574D204261636B6C69676874200F
:109A40006973207265616479210A004261747465EA
:109A500072793A2041444320646576696365206EDB
:109A60006F742072656164790A0042617474657272
:109A7000793A20414443206368616E6E656C2073BF
:109A800065747570206661696C65642C20657272FE
:109A90002025640A00426174746572793A20414459
:109AA0004320696E697469616C697A6564206F6EC0
:109AB0002041494E37202F2050302E33310A0049A3
:109AC0006E7075743A2048617264776172652061C6
:109AD0006E642073746F7261676520696E69746962
:109AE000616C697A65640A00496E7075743A204247
:109AF0006F6F7420636F6D626F206465746563744B
:109B000065642028656E636F646572206275747485
:109B10006F6E202B20322B206B657973290A004948
:109B20006E7075743A20436C65617220626F6E646A
:109B300073207265717565737465642064757269EC
:109B40006E6720626F6F740A00496E7075743A20F8
:109B5000426F6F7420636F6D626F2074696D656F03
:109B600075742077616974696E6720666F72207200
:109B7000656C656173650A00496E7075743A2042C0
:109B80006F6F7420636F6D626F2072656C656173B7
:109B900065642C20636F6E74696E75696E672062F0
:109BA0006F6F740A00424C453A20537769746368BA
:109BB000656420746F2070726F66696C652025641F
:109BC0000A00506F77657220736176653A20746978
:109BD0006D656F75742073657420746F2025752012
:109BE0006D696E0A004C6F63616C3A20457865635D
:109BF0007574652073657175656E63652025640AEB
:109C0000004F4E004261636B6C6967687420546F4B
:109C100067676C653A2025730A00496E7075743A5F
:109C200020496E697469616C697A696E6720696E32
:109C3000707574207363616E6E696E670A00496E99
:109C40007075743A20427574746F6E207363616E20
:109C50006E696E67207468726561642073746172E6
:109C60007465640A00424C453A20736C6565702047
:109C7000646973636F6E6E656374206661696C6599
:109C800064206572723D25640A0042543A2064697A
:109C900073636F6E6E65637420666F7220636C65AC
:109CA000617220626F6E6473206572723D25640A72
:109CB00000424C453A2073657474696E67735F7334
:109CC000617665206166746572207365637572697B
:109CD0007479206572723D25640A00426C75657462
:109CE0006F6F746820696E6974206661696C656461
:109CF0002028657272202564290A00424C453A20CA
:109D0000426C7565746F6F746820696E69746961FF
:109D10006C697A65640A00424C453A207365747434
:109D2000696E67735F6C6F6164206572723D256454
:109D30000A007075626C69630072616E646F6D0019
:109D40007075626C69632D69640072616E646F6D19
:109D50002D69640030782530327800253032583A49
:109D6000253032583A253032583A253032583A2583
:109D70003032583A25303258202825732900424C79
:109D8000453A205365637572697479206368616E22
:109D90006765643A202573206C6576656C202575AF
:109DA0000A00424C453A2053656375726974792004
:109DB0006661696C65643A202573206C6576656C14
:109DC000202575206572722025640A00424C453AB0
:109DD00020446973636F6E6E656374656420667298
:109DE0006F6D2025732028726561736F6E20307847
:109DF00025303278292E20546F74616C20636F6E89
:109E00006E656374696F6E733A2025640A0046615B
:109E1000696C656420746F20636F6E6E6563742077
:109E2000746F20257320282575290A00424C453A75
:109E300020436F6E6E65637465642025732E205415
:109E40006F74616C20636F6E6E656374696F6E739F
:109E50003A2025640A00424C453A207365637572C6
:109E60006974792072657175657374206661696CB7
:109E70006564206572723D25640A00424C453A20B3
:109E80006669727374206164766572746973696E51
:109E90006720616674657220626F6F742C20776131
:109EA0006974696E6720666F7220686F73742F73B0
:109EB000656375726974792073746162696C697421
:109EC000790A00424C453A204164766572746973A0
:109ED000696E672073746F70206265666F726520AB
:109EE00072657374617274206661696C65642028A0
:109EF000657272202564290A00424C453A2041646B
:109F0000766572746973696E6720616C72656164ED
:109F10007920737461727465640A00424C453A207A
:109F20004164766572746973696E67206661696CF5
:109F3000656420746F207374617274202865727276
:109F4000202564292C207265747279696E670A0075
:109F5000424C453A204164766572746973696E6754
:109F6000207375636365737366756C6C79207374A5
:109F70006172746564206F6E2072657472790A0074
:109F8000424C453A204164766572746973696E6724
:109F9000207265747279206661696C656420286539
:109FA0007272202564290A00424C453A20416476A9
:109FB0006572746973696E67207375636365737323
:109FC00066756C6C7920737461727465640A004202
:109FD0004C453A204164766572746973696E6720F6
:109FE00073746F70206661696C6564202865727295
:109FF000202564290A00424C453A20416476657266
:10A00000746973696E672073746F707065640A0099
:10A01000424C453A20666F72636564206F66662025
:10A02000666F7220736C6565700A0042543A206353
:10A030006C65617220626F6E647320726571756504
:10A04000737465640A004254204552524F523A20BC
:10A05000636C65617220626F6E64732072657175E6
:10A060006573746564206265666F726520426C7505
:10A0700065746F6F74682072656164790A00425478
:10A080003A2062745F756E706169722072657475D2
:10A09000726E65642025640A0042543A20616C6C3B
:10A0A000206C6F63616C20626F6E647320636C65FB
:10A0B000617265640A004254204552524F523A2060
:10A0C00062745F756E70616972206661696C656447
:10A0D000206572723D25640A0042543A207365740B
:10A0E00074696E67735F73617665207265747572EB
:10A0F0006E65642025640A0042543A206C6F6361E7
:10A100006C20626F6E647320636C65617220666C94
:10A110006F7720636F6D706C6574652E2052656D6E
:10A120006F76652F466F72676F742064657669631A
:10A1300065206F6E20686F737420746F6F2E0A0035
:10A1400042543A207265626F6F74696E672061666F
:10A1500074657220636C65617220626F6E64730A4D
:10A16000000A3D3D3D204D4143524F504144205651
:10A1700031302077697468204576656E742D44729D
:10A180006976656E2041726368697465637475727F
:10A1900065203D3D3D0A00424C453A2061707020EB
:10A1A00073746F7261676520666C617368206E6F8F
:10A1B000742072656164792C20736B6970206D69FD
:10A1C00067726174696F6E0A00424C453A20617093
:10A1D000702073746F7261676520706167652069B4
:10A1E0006E666F206661696C6564206572723D25DC
:10A1F000640A00424C453A206170702073746F729B
:10A20000616765206D6967726174696F6E206D6F3B
:10A21000756E74206661696C6564206572723D2597
:10A22000642C2065726173696E67206170702073A1
:10A23000746F726167650A00424C453A2061707024
:10A240002073746F72616765206F70656E20666140
:10A25000696C6564206572723D25640A00424C4554
:10A260003A206170702073746F7261676520657247
:10A27000617365206661696C6564206572723D2555
:10A28000640A00424C453A206170702073746F720A
:10A29000616765206D6967726174696F6E207265B0
:10A2A0006D6F756E74206661696C6564206572728D
:10A2B0003D25640A00424C453A2073657474696E0A
:10A2C000677320706172746974696F6E206F706556
:10A2D0006E206661696C6564206572723D25640A52
:10A2E00000424C453A2073657474696E6773207040
:10A2F0006172746974696F6E20657261736520663E
:10A3000061696C6564206572723D25640A00424C87
:10A31000453A2073706C6974206170702073746F9B
:10A32000726167652066726F6D2042542073657498
:10A3300074696E67732C20657261736564206F6C3D
:10A34000642073657474696E6773206572723D254D
:10A35000640A0000070E091C1B1215383F36312411
:10A36000232A2D6E524635323834305F51494141EF
:10A37000004D616E75666163747572657200637C11
:10A38000777BF26B6FC53001672BFED7AB76CA8245
:10A39000C97DFA5947F0ADD4A2AF9CA472C0B7FDF5
:10A3A0009326363FF7CC34A5E5F171D8311504C7B3
:10A3B00023C31896059A071280E2EB27B27509832A
:10A3C0002C1A1B6E5AA0523BD6B329E32F8453D1CB
:10A3D00000ED20FCB15B6ACBBE394A4C58CFD0EFC0
:10A3E000AAFB434D338545F9027F503C9FA851A3FA
:10A3F000408F929D38F5BCB6DA2110FFF3D2CD0C18
:10A4000013EC5F974417C4A77E3D645D19736081A8
:10A410004FDC222A908846EEB814DE5E0BDBE03279
:10A420003A0A4906245CC2D3AC629195E479E7C844
:10A43000376D8DD54EA96C56F4EA657AAE08BA78B8
:10A44000252E1CA6B4C6E8DD741F4BBD8B8A703E5A
:10A45000B5664803F60E613557B986C11D9EE1F811
:10A46000981169D98E949B1E87E9CE5528DF8CA15F
:10A47000890DBFE6426841992D0FB054BB162A20C2
:10A48000627566666572206F766572666C6F77209E
:10A490006465746563746564202A0A00464C415300
:10A4A000485F30005352414D5F3000000001000012
:10A4B0000000FFFFFFFFFFFF00000000000000FFA3
:10A4C000FFFFFFFFFF0000000000003F49F6D4A39C
:10A4D000C55F3874C9B3E3D2103F504AFF607BEBCD
:10A4E00040B7995899B8A6CD3C1ABD62742F257310
:10A4F0002F253032782530327825303278253032A9
:10A5000078253032782530327825752F2573006212
:10A51000742F25732F25303278253032782530324C
:10A52000782530327825303278253032782575001C
:10A5300062742F25730062740042545F4C575F575A
:10A54000510002FB349B5F8000008000100000007F
:10A55000000000574553545F544F504449522F7ADE
:10A5600065706879722F7375627379732F626C7579
:10A5700065746F6F74682F686F73742F6863695F99
:10A58000636F72652E6300657272203D3D2030005E
:10A59000415353455254494F4E204641494C205B4C
:10A5A00025735D20402025733A25640A0062756694
:10A5B0000009636F6D6D616E64206F70636F646519
:10A5C000203078253034782074696D656F7574207B
:10A5D00077697468206572722025640A0065767454
:10A5E0005F666C6167732026202831554C203C3C07
:10A5F00020283029290062745F6863695F6576747A
:10A600005F6765745F666C616773286864722D3E6E
:10A61000657674292026202831554C203C3C202882
:10A620003129290062745F6275665F6765745F74C3
:10A630007970652862756629203D3D2042545F424D
:10A6400055465F455654004254205458004D7920D9
:10A650004D6163726F7061640000090909090102AC
:10A66000090909090909090909090907090909095C
:10A67000090609090909090909090909090909094D
:10A68000090905E69D350E480103CCDBFDF4AC114C
:10A6900091F4EFB9A5F9E9A7832C5E2CBE97F2D20D
:10A6A00003B0208BD28915D08E1C742430ED8FC25C
:10A6B0004563765C15525ABF9A32636DEB2A654941
:10A6C0009C80DC574553545F544F504449522F7A75
:10A6D00065706879722F7375627379732F626C7508
:10A6E00065746F6F74682F686F73742F636F6E6E0D
:10A6F0002E630062742F6363630062742F6861735A
:10A70000680062742F63660062742F736300000533
:10A71000061F1F2918120308020305080A00080172
:10A7200003040105040509060701010606080000E7
:10A730000100010003010003020201000200000009
:10A7400000000203010003000001000100000100FD
:10A7500001020201000200000000000202010004E8
:10A7600062742F6B657973006C888391AAF5A538A4
:10A7700060370BDB5A6083BE06010501040103014B
:10A7800005020201030205040101010201030104A3
:10A7900001060108010C011001180120014001808F
:10A7A00061646340343030303730303000636C6F78
:10A7B000636B4034303030303030300072616E6462
:10A7C0006F6D40343030306430303000656E7472FC
:10A7D0006F70795F62745F686369006D783235729B
:10A7E0003634333566403000666C6173682D636FB4
:10A7F0006E74726F6C6C657240343030316530301D
:10A8000030006770696F40353030303033303000A1
:10A810006770696F403530303030303030007077DD
:10A820006D5F6C6564730070776D6C656473007048
:10A83000776D40343030316330303000716465639F
:10A840004034303031323030300074656D70403417
:10A850003030306330303000000000000001010073
:10A8600000000000002030303030303030303030E8
:10A870003030303000016D61696E00737973776F2D
:10A88000726B71002A2A2A20426F6F74696E6720EA
:10A890005A6570687972204F53206275696C642024
:10A8A0007A65706879722D76332E352E30202A2AFB
:10A8B0002A0A00286E756C6C29002A666C6F617418
:04A8C0002A0000006A
:10A8C40000000000151F000000000000000100004F
:10A8D4000000000000000000000000000000000074
:10A8E4000000000000000000000000000000000064
:10A8F40000000000712500000000000000010000BD
:10A904000000000000000000000000000000000043
:10A914000000000000000000000000000000000033
:10A924000000000000000000000000000000000023
:10A934000000000000000000000000000000000013
:10A944000000000000000000000000000000000003
:10A9540000000000000000000000000000000000F3
:10A9640000000000000000000000000000000000E3
:10A9740000000000000000000000000000000000D3
:10A9840000000000000000000000000000000000C3
:10A9940000000000000000000000000000000000B3
:10A9A40000000000000000000000000000000000A3
:10A9B4000000000000000000000000000000000093
:10A9C4000000000000000000000000000000000083
:10A9D4000000000000000000000000000000000073
:10A9E4000000000000000000B16B00000000000047
:10A9F4000000000000000000000000000000000053
:10AA04000000000000000000000000000000000042
:10AA14000000000000000000000000000000000032
:10AA24000000000000000000000000000000000022
:10AA34000000000000000000000000000000000012
:10AA44000000000000000000000000000000000002
:10AA540000000000000000000000000000000000F2
:10AA640000000000000000000000000000000000E2
:10AA740000000000000000000000000000000000D2
:10AA84001F00000000000000FFFFFFFFFF1F000089
:10AA940000000000000000000000000000000000B2
:10AAA40035ED01000000000000000000000000007F
:10AAB400F0010020F0010020614E020000000000BF
:10AAC4000000000000000000000000000000000082
:10AAD400100200201002002000000000010000000D
:10AAE400200200202002002028020020280200204A
:10AAF400000000000100000038020020380200209D
:10AB04000000000000000000000000000000000041
:10AB14000000000000000000000000000000000031
:10AB24000000000000000000000000000000000021
:10AB34000000000000000000EE0B002000000800F0
:10AB4400CC0B002000000200DD0B002000000200FE
:10AB5400FF0B002000000200100C00200000020087
:10AB6400DC0A0020000004000000000000000000D7
:10AB740000000000000000000000000000000000D1
:10AB8400000000000000000033F601000000000097
:10AB940000000000F00A0020000012000000000085
:10ABA40000000000000000000000000000000000A1
:10ABB40000000000000000000000000033F6010067
:10ABC4000000000000000000040B00200000120040
:10ABD400100B0020000002001C0B002000000200EB
:10ABE400000000002D3C00000000000000000000F8
:10ABF4005FF80100F86D0200300B00200000020035
:10AC04003C0B002000000200480B00200000020062
:10AC14000000000000000000000000000000000030
:10AC24000000000000000000000000000000000020
:10AC3400510402000000000000000000600B00202E
:10AC4400000012009D4D00000000000057050200A6
:10AC5400000000003B050200731A0200000000001F
:10AC6400A55A0000000000000000000000000000E1
:10AC7400C15E0000000000000000000000000000B1
:10AC8400000000000000000000040000A4010020F7
:10AC940000000000000000000000000000000000B0
:10ACA40000000000000000000000000000000000A0
:10ACB4000000000000000000000000000000000090
:10ACC4000000000000000000000000000000000080
:10ACD4000000000000000000000000000000000070
:10ACE40020040020200400200000000000000000D8
:10ACF400AD870000519300004136020000000000BF
:10AD040000000000818B000093330200BF32020078
:10AD14006587000000000000000000000000000043
:10AD2400000000000000000059A500000000000021
:10AD340000000000000000007D4002000000000050
:10AD44000000000000000000740B0020000002005E
:10AD5400800B002000000A00900B0020000020005F
:10AD640000000000000000000000000000000000DF
:10AD740000000000000000000000000000000000CF
:10AD8400000000008D39020000000000A40B002028
:10AD940000000200B00B002000000200BC0B0020E9
:10ADA4000000020085B30000000000000000000065
:10ADB4002027002000000000D9E700000000000068
:10ADC400282700200000000005D700000000000034
:10ADD4003027002000000000317A0100000000004C
:10ADE4003827002000000000317A01000000000034
:10ADF40040270020000000009DD40000080004004B
:10AE0400000000000000000000000000000000003E
:10AE1400000000000000000000000000000000002E
:10AE24000000000004000700000000000000000013
:10AE3400000000000000000000000000000000000E
:10AE440000000000000000000400050000000000F5
:10AE540000000000000000000000000000000000EE
:10AE640000000000000000003800040000000000A2
:10AE740000000000000000000000000000000000CE
:10AE840000000000000000000000000000000000BE
:10AE940000000000000000000000000000000000AE
:10AEA400000000000000000000000000000000009E
:10AEB400000000000000000000000000000000008E
:10AEC400000000000000000000000000000000007E
:10AED400000000000000000000000000000000006E
:10AEE400000000000000000000000000000000005E
:10AEF400000000000000000000000000000000004E
:10AF0400000000000000000000000000000000003D
:10AF1400000000000000000000000000000000002D
:10AF2400000000000000000000000000000000001D
:10AF3400000000000000000000000000000000000D
:10AF440000000000000000000000000004000500F4
:10AF540000000000000000000000000000000000ED
:10AF640000000000000000002000080000000000B5
:10AF740000000000000000000000000000000000CD
:10AF840000000000000000000000000000000000BD
:10AF940000000000000000000000000000000000AD
:10AFA400000000000000000000000000000000009D
:10AFB400000000000000000000000000000000008D
:10AFC400000000000000000000000000000000007D
:10AFD400000000000000000000000000000000006D
:10AFE400000000000000000000000000000000005D
:10AFF400000000000000000000000000000000004D
:10B00400000000000000000000000000000000003C
:10B01400000000000000000000000000000000002C
:10B02400000000000000000000000000000000001C
:10B03400000000000000000000000000000000000C
:10B0440000000000000000000000000000000000FC
:10B0540000000000000000000000000000000000EC
:10B0640000000000000000000000000000000000DC
:10B0740000000000C039002000000000FD85010030
:10B0840000000000D839002000000000317A0100DF
:10B0940000000000E03900200000000079FF0000FB
:10B0A400000000006C3A002000000000A509010027
:10B0B40000000000743A002000000000317A010012
:10B0C400000000007C3A002000000000390B010061
:10B0D40000000000843A0020000000004D1601002A
:10B0E4000800100000000000000000000000000044
:10B0F400000000000000000000000000000000004C
:10B10400000000000000000000000000000000003B
:10B11400000000000000000000000000000000002B
:10B12400000000000000000000000000000000001B
:10B13400000000000000000000000000000000000B
:10B1440000000000000000000000000000000000FB
:10B1540000000000000000000000000000000000EB
:10B1640000000000000000000800040000000000CF
:10B1740000000000000000000000000000000000CB
:10B1840000000000000000000000000000000000BB
:10B1940000000000203E002000000000283F0020A6
:10B1A4000000000038410020000000004843002057
:10B1B40000000000F9910100000000002C4600206E
:10B1C40000000000797701000000000058460020CC
:10B1D40000000000317A01000400030000000000B8
:10B1E400000000000000000000000000000000005B
:10B1F400684900200000000019C60000000000009B
:10B20400604900200000000019C600000000000092
:10B21400584900200000000069C30000000000003D
:10B22400504900200000000019C600000000000082
:10B23400484900200000000069C30000000000002D
:10B24400404900200000000019C600000000000072
:10B25400C9A9010000000000000000009C090020B2
:10B264009C0900200100000001000000AC0900203E
:10B27400AC090020B4090020B4090020010000003A
:10B2840001000000C4090020C4090020CC090020EA
:10B29400CC0900200000000001000000DC090020AF
:10B2A400DC090020E4090020E4090020000000007B
:10B2B400FFFFFFFFF4090020F40900200000000054
:10B2C4000020014000000000010400000000000014
:10B2D4000000000000000000000000000100000168
:10B2E400000101002356020058880200FFFFFFFFFF
:10B2F4001800000000000000000000000000000032
:10B304000000000000000000000000000000000039
:10B314000000000000000000000000000000000029
:10B324000000000000000000000000000000000019
:10B334000000000000000000000000000000000009
:10B3440000000000000000000000000000000000F9
:10B3540000000000000000000000000000000000E9
:10B3640000000000FF0000000000000000000000DA
:10B37400B00A0020B00A0020B80A0020B80A002051
:10B38400000003280000032800000328000003280D
:10B39400000003280000002800004C2A00004C2A6A
:10B3A40000000328000008290000022900004D2A9B
:10B3B40000004D2A0000032800000829000002298B
:10B3C40000004D2A00004D2A0000032800004B2AEB
:10B3D40000004B2A0000032800004A2A00004A2AE1
:10B3E4000000032800001218000000280000502A62
:10B3F4000000502A000003280000292A0000292AFE
:10B40400000003280000242A0000242A0000032846
:10B4140000000A1800000028000002290000192A70
:10B424000000192A0000032800000F18000000285B
:10B4340000002A2B00002A2B000003280000292BDF
:10B444000000292B00000328000002290000052A1F
:10B454000000052A0000032800000118000000284D
:10B464000000042A0000042A000003280000012A26
:10B474000000012A000003280000002A0000002A1E
:10B4840000000328000000180000002802F5DEBCBC
:10B494009A78563412785634127856341202F4DEFE
:10B4A400BC9A78563412785634127856341202F311
:10B4B400DEBC9A7856341278563412785634120216
:10B4C400F2DEBC9A78563412785634127856341216
:10B4D40002F1DEBC9A785634127856341278563417
:10B4E4001202F0DEBC9A785634127856341278562A
:10B4F400341205010906A1018501050719E029E7B0
:10B5040015002501750195088102950175088101D1
:10B51400950675081500256505071900296581003C
:10B52400C005010902A10185020901A1000509194B
:10B534000129031500250195037501810295017503
:10B544000581030501093009311581257F750895A9
:10B5540002810609381581257F750895018106C089
:10B56400C00201010111010003013201010112189D
:0CB574000F180601000000000100640137
:10B5800000000000000000000000000000000000BB
:0CB59000000000000000000000000000AF
:10B59C00000000000000000035ED0100000000007C
:10B5AC000000000000000000F00C0020F00C002057
:10B5BC00BB4F020000000000000000000000000073
:08B5CC00000000000000000077
:10B5D400100D0020100D0020DCD100200000000020
:10B5E400030000002C000000000000002C0D0020CF
:10B5F4002C0D002000BC002000000000030000000F
:10B60400A800000000000000480D0020480D0020A4
:10B6140060D2002000000000030000001C000000B5
:04B624000000000022
:10B6280000000000F8BD0020000800000000000035
:04B63800000000000E
:10B63C00780D0020780D00200000000000000000B4
:04B64C000E000000EC
:10B650008C0D00208C0D0020080000002000000050
:10B66000F8C50020F8C60020F8C50020F8C5002065
:10B6700000000000B00D0020B00D00200000000010
:10B68000BC0D0020BC0D00200000000001000000E7
:08B69000CC0D0020CC0D0020C0
:10B698000000000000000000DC0D0020DC0D002090
:10B6A800E40D0020E40D0020000000000000000070
:10B6B800F40D0020F40D0020FC0D0020FC0D0020EE
:10B6C80000000000000000000C0E00200C0E0020FE
:10B6D800140E0020140E00200300030008000000D0
:10B6E80000000000A87102007CD1002000000000CA
:10B6F80000000000380E0020380E0020400E002008
:10B70800400E0020030003000800000000000000B5
:10B71800C0700200E0CA0020000000000000000025
:10B72800640E0020640E00206C0E00206C0E0020B9
:10B7380002000200080000000000000098710200EA
:10B748003CCE00200000000000000000900E002009
:10B75800900E0020980E0020980E00200200020093
:10B76800080000000000000088710200FCCB0020E7
:10B778000000000000000000BC0E0020BC0E0020ED
:10B78800C40E0020C40E00200300030008000000BF
:10B7980000000000B0700200F8C90020000000009E
:10B7A80000000000E80E0020E80E0020F00E002047
:10B7B800F00E002001000100080000000000000059
:08B7C800D070020050CB0020FC
:04B7D00015E015E08B
:040000030000546D38
:00000001FF
